plot,tree_id,bin_low,bin_high,hag_mid,tree_height_m,CBH_m,n_points,n_wood,n_leaf,wood_frac,leaf_frac,wood_area_m2,total_area_m2,wood_spread_m,intensity_median_wood,intensity_median_all,wood_area_ratio,wood_spread_ratio,intensity_wood_ratio
P01,2,0.0,0.25,0.125,16.45087344542391,11.67,3816,3793,23,0.9939727463312369,0.006027253668763111,0.45000000000000007,0.4700000000000001,0.3333400661357598,9766.0,9766.0,1.6071428571428572,1.265322008174764,1.1515151515151516
P01,2,0.25,0.5,0.375,16.45087344542391,11.67,4053,4053,0,1.0,0.0,0.30000000000000004,0.30000000000000004,0.2656655793450047,8995.0,8995.0,1.0714285714285714,1.008437144255045,1.0606060606060606
P01,2,0.5,0.75,0.625,16.45087344542391,11.67,4525,4525,0,1.0,0.0,0.28,0.28,0.26217894604684444,8481.0,8481.0,1.0,0.9952022700386334,1.0
P01,2,0.75,1.0,0.875,16.45087344542391,11.67,4797,4797,0,1.0,0.0,0.23000000000000004,0.23000000000000004,0.2548576062274058,8224.0,8224.0,0.8214285714285715,0.9674112741639008,0.9696969696969697
P01,2,1.0,1.25,1.125,16.45087344542391,11.67,5114,5114,0,1.0,0.0,0.28,0.28,0.26344287381565834,8481.0,8481.0,1.0,1.0,1.0
P01,2,1.25,1.5,1.375,16.45087344542391,11.67,4948,4947,1,0.9997978981406629,0.00020210185933711156,0.26000000000000006,0.26000000000000006,0.2356597118192571,8481.0,8481.0,0.9285714285714287,0.8945381911683736,1.0
P01,2,1.5,1.75,1.625,16.45087344542391,11.67,5315,5315,0,1.0,0.0,0.24000000000000005,0.24000000000000005,0.24658081234613327,7967.0,7967.0,0.8571428571428572,0.9359934803879943,0.9393939393939394
P01,2,1.75,2.0,1.875,16.45087344542391,11.67,5136,5136,0,1.0,0.0,0.25000000000000006,0.25000000000000006,0.23824618756143956,8481.0,8481.0,0.892857142857143,0.9043561669014819,1.0
P01,2,2.0,2.25,2.125,16.45087344542391,11.67,5495,5494,1,0.999818016378526,0.00018198362147403557,0.22000000000000003,0.23000000000000004,0.24178626639649212,8481.0,8481.0,0.7857142857142857,0.9177939144623808,1.0
P01,2,2.25,2.5,2.375,16.45087344542391,11.67,5231,5231,0,1.0,0.0,0.23000000000000004,0.23000000000000004,0.23166138600900515,8481.0,8481.0,0.8214285714285715,0.8793609887929936,1.0
P01,2,2.5,2.75,2.625,16.45087344542391,11.67,5438,5438,0,1.0,0.0,0.26000000000000006,0.26000000000000006,0.24215542478736798,8481.0,8481.0,0.9285714285714287,0.9191951988681005,1.0
P01,2,2.75,3.0,2.875,16.45087344542391,11.67,4965,4965,0,1.0,0.0,0.24000000000000005,0.24000000000000005,0.22923219559320457,7967.0,7967.0,0.8571428571428572,0.8701400507557765,0.9393939393939394
P01,2,3.0,3.25,3.125,16.45087344542391,11.67,5658,5658,0,1.0,0.0,0.26000000000000006,0.26000000000000006,0.23310705679906776,8738.0,8738.0,0.9285714285714287,0.8848485951538102,1.0303030303030303
P01,2,3.25,3.5,3.375,16.45087344542391,11.67,5274,5274,0,1.0,0.0,0.26000000000000006,0.26000000000000006,0.22439017354694923,8481.0,8481.0,0.9285714285714287,0.8517602708204745,1.0
P01,2,3.5,3.75,3.625,16.45087344542391,11.67,5071,5071,0,1.0,0.0,0.23000000000000004,0.23000000000000004,0.21603471836366134,8224.0,8224.0,0.8214285714285715,0.8200438874457071,0.9696969696969697
P01,2,3.75,4.0,3.875,16.45087344542391,11.67,4867,4867,0,1.0,0.0,0.25000000000000006,0.25000000000000006,0.21920903163641028,7967.0,7967.0,0.892857142857143,0.8320932294027423,0.9393939393939394
P01,2,4.0,4.25,4.125,16.45087344542391,11.67,5145,5145,0,1.0,0.0,0.23000000000000004,0.23000000000000004,0.23161390272462837,7967.0,7967.0,0.8214285714285715,0.8791807474993535,0.9393939393939394
P01,2,4.25,4.5,4.375,16.45087344542391,11.67,5125,5125,0,1.0,0.0,0.25000000000000006,0.25000000000000006,0.23197499869232746,8224.0,8224.0,0.892857142857143,0.8805514278387723,0.9696969696969697
P01,2,4.5,4.75,4.625,16.45087344542391,11.67,4918,4918,0,1.0,0.0,0.25000000000000006,0.25000000000000006,0.21770829072782202,7710.0,7710.0,0.892857142857143,0.8263965829653124,0.9090909090909091
P01,2,4.75,5.0,4.875,16.45087344542391,11.67,5304,5303,1,0.9998114630467572,0.00018853695324283493,0.25000000000000006,0.25000000000000006,0.23378750388265412,8224.0,8224.0,0.892857142857143,0.8874314969940873,0.9696969696969697
P01,2,5.0,5.25,5.125,16.45087344542391,11.67,5001,5001,0,1.0,0.0,0.26000000000000006,0.26000000000000006,0.3706440341581133,7196.0,7196.0,0.9285714285714287,1.4069237432380424,0.8484848484848485
P01,2,5.25,5.5,5.375,16.45087344542391,11.67,5358,5358,0,1.0,0.0,0.24000000000000005,0.24000000000000005,0.23903074954238998,7710.0,7710.0,0.8571428571428572,0.907334277372215,0.9090909090909091
P01,2,5.5,5.75,5.625,16.45087344542391,11.67,4375,4375,0,1.0,0.0,0.23000000000000004,0.23000000000000004,0.22644116194022434,7710.0,7710.0,0.8214285714285715,0.8595455958268752,0.9090909090909091
P01,2,5.75,6.0,5.875,16.45087344542391,11.67,4937,4937,0,1.0,0.0,0.25000000000000006,0.25000000000000006,0.23730823794914724,7967.0,7967.0,0.892857142857143,0.9007958139539635,0.9393939393939394
P01,2,6.0,6.25,6.125,16.45087344542391,11.67,4068,4068,0,1.0,0.0,0.28,0.28,0.2396131949928276,7196.0,7196.0,1.0,0.9095451758565869,0.8484848484848485
P01,2,6.25,6.5,6.375,16.45087344542391,11.67,4685,4685,0,1.0,0.0,0.23000000000000004,0.23000000000000004,0.23479565562560334,7196.0,7196.0,0.8214285714285715,0.8912583294619667,0.8484848484848485
P01,2,6.5,6.75,6.625,16.45087344542391,11.67,4520,4510,10,0.9977876106194691,0.0022123893805309214,0.30000000000000004,0.30000000000000004,0.3852745767675503,6682.0,6682.0,1.0714285714285714,1.4624596641666707,0.7878787878787878
P01,2,6.75,7.0,6.875,16.45087344542391,11.67,3555,3553,2,0.99943741209564,0.0005625879043600346,0.25000000000000006,0.2700000000000001,0.2255136354875182,7453.0,7453.0,0.892857142857143,0.8560248080398608,0.8787878787878788
P01,2,7.0,7.25,7.125,16.45087344542391,11.67,2766,2766,0,1.0,0.0,0.19000000000000003,0.19000000000000003,0.20208042813241392,7196.0,7196.0,0.6785714285714286,0.7670749457197987,0.8484848484848485
P01,2,7.25,7.5,7.375,16.45087344542391,11.67,2932,2931,1,0.9996589358799455,0.0003410641200545239,0.29000000000000004,0.29000000000000004,0.4156651716602593,6168.0,6168.0,1.0357142857142858,1.5778189997696315,0.7272727272727273
P01,2,7.5,7.75,7.625,16.45087344542391,11.67,2054,2054,0,1.0,0.0,0.23000000000000004,0.23000000000000004,0.23194513793016164,6939.0,6939.0,0.8214285714285715,0.8804380796895764,0.8181818181818182
P01,2,7.75,8.0,7.875,16.45087344542391,11.67,2198,2198,0,1.0,0.0,0.21000000000000005,0.21000000000000005,0.33080103838712144,6168.0,6168.0,0.7500000000000001,1.2556841397751997,0.7272727272727273
P01,2,8.0,8.25,8.125,16.45087344542391,11.67,1870,1870,0,1.0,0.0,0.19000000000000003,0.19000000000000003,0.29241575971816763,6939.0,6939.0,0.6785714285714286,1.1099778691405515,0.8181818181818182
P01,2,8.25,8.5,8.375,16.45087344542391,11.67,1504,1504,0,1.0,0.0,0.20000000000000004,0.20000000000000004,0.23174461576893293,6939.0,6939.0,0.7142857142857143,0.8796769197526065,0.8181818181818182
P01,2,8.5,8.75,8.625,16.45087344542391,11.67,1345,1345,0,1.0,0.0,0.23000000000000004,0.23000000000000004,0.22942754149867994,6939.0,6939.0,0.8214285714285715,0.8708815621986408,0.8181818181818182
P01,2,8.75,9.0,8.875,16.45087344542391,11.67,1279,1279,0,1.0,0.0,0.20000000000000004,0.20000000000000004,0.22599794782463148,6939.0,6939.0,0.7142857142857143,0.8578632040841287,0.8181818181818182
P01,2,9.0,9.25,9.125,16.45087344542391,11.67,1381,1381,0,1.0,0.0,0.26000000000000006,0.26000000000000006,0.3304920573147691,6425.0,6425.0,0.9285714285714287,1.254511281812192,0.7575757575757576
P01,2,9.25,9.5,9.375,16.45087344542391,11.67,1018,1018,0,1.0,0.0,0.25000000000000006,0.25000000000000006,0.37501576877350146,6682.0,6682.0,0.892857142857143,1.4235183641213813,0.7878787878787878
P01,2,9.5,9.75,9.625,16.45087344542391,11.67,1746,1488,258,0.852233676975945,0.147766323024055,0.22000000000000003,0.33000000000000007,0.23357191078701642,5911.0,5397.0,0.7857142857142857,0.8866131294576454,0.696969696969697
P01,2,9.75,10.0,9.875,16.45087344542391,11.67,1280,1254,26,0.9796875,0.020312499999999956,0.28,0.29000000000000004,0.4730208704189506,5654.0,5397.0,1.0,1.7955348860563314,0.6666666666666666
P01,2,10.0,10.25,10.125,16.45087344542391,11.67,1506,1121,385,0.7443559096945551,0.2556440903054449,0.23000000000000004,0.4100000000000001,0.3436277052938972,6168.0,4883.0,0.8214285714285715,1.3043727481288692,0.7272727272727273
P01,2,10.25,10.5,10.375,16.45087344542391,11.67,2341,1039,1302,0.4438274241777018,0.5561725758222982,0.18000000000000005,0.6000000000000001,0.21627403283194596,7196.0,4369.0,0.642857142857143,0.8209522986880323,0.8484848484848485
P01,2,10.5,10.75,10.625,16.45087344542391,11.67,2410,835,1575,0.34647302904564314,0.6535269709543569,0.13000000000000003,0.7200000000000002,0.17619022079051966,7196.0,3341.0,0.46428571428571436,0.6687985833080727,0.8484848484848485
P01,2,10.75,11.0,10.875,16.45087344542391,11.67,2135,771,1364,0.3611241217798595,0.6388758782201405,0.16000000000000003,0.9100000000000001,0.19084285695370073,6425.0,3341.0,0.5714285714285715,0.7244183689221414,0.7575757575757576
P01,2,11.0,11.25,11.125,16.45087344542391,11.67,4033,626,3407,0.15521943962310936,0.8447805603768906,0.12000000000000002,1.5000000000000002,0.1492186617891272,6939.0,3084.0,0.4285714285714286,0.5664175296445542,0.8181818181818182
P01,2,11.25,11.5,11.375,16.45087344542391,11.67,13125,522,12603,0.03977142857142857,0.9602285714285714,0.12000000000000002,2.8000000000000007,0.18010664707556065,7196.0,3598.0,0.4285714285714286,0.6836649041476391,0.8484848484848485
P01,2,11.5,11.75,11.625,16.45087344542391,11.67,10698,351,10347,0.03280987100392597,0.967190128996074,0.12000000000000002,3.2200000000000006,0.15284750469661101,7453.0,3084.0,0.4285714285714286,0.5801922158029775,0.8787878787878788
P01,2,11.75,12.0,11.875,16.45087344542391,11.67,3909,345,3564,0.08825786646201074,0.9117421335379893,0.09000000000000002,2.2000000000000006,0.1533380115531699,5911.0,2313.0,0.3214285714285715,0.5820541255576597,0.696969696969697
P01,2,12.0,12.25,12.125,16.45087344542391,11.67,3302,355,2947,0.1075105996365839,0.8924894003634161,0.12000000000000002,2.0800000000000005,1.3025452076488298,4883.0,1799.0,0.4285714285714286,4.94431748630359,0.5757575757575758
P01,2,12.25,12.5,12.375,16.45087344542391,11.67,3223,186,3037,0.057710207880856346,0.9422897921191437,0.09000000000000002,2.2100000000000004,0.11460051911762902,6425.0,1799.0,0.3214285714285715,0.43501089043623037,0.7575757575757576
P01,2,12.5,12.75,12.625,16.45087344542391,11.67,3465,97,3368,0.027994227994227995,0.972005772005772,0.07,2.5000000000000004,0.1395754873052361,6425.0,1799.0,0.25,0.5298131062861953,0.7575757575757576
P01,2,12.75,13.0,12.875,16.45087344542391,11.67,5030,102,4928,0.020278330019880716,0.9797216699801193,0.11000000000000001,3.1100000000000008,0.21782796247743527,7967.0,2056.0,0.39285714285714285,0.8268508436855966,0.9393939393939394
P01,2,13.0,13.25,13.125,16.45087344542391,11.67,6199,16,6183,0.0025810614615260526,0.997418938538474,0.030000000000000006,3.830000000000001,0.5046102132286537,1028.0,2313.0,0.10714285714285715,1.9154445361150667,0.12121212121212122
P01,2,13.25,13.5,13.375,16.45087344542391,11.67,5442,0,5442,0.0,1.0,0.0,3.440000000000001,,,2313.0,0.0,,
P01,2,13.5,13.75,13.625,16.45087344542391,11.67,4934,14,4920,0.002837454398054317,0.9971625456019457,0.06000000000000001,3.8400000000000007,0.48135285633436947,899.5,2056.0,0.2142857142857143,1.8271621826870579,0.10606060606060606
P01,2,13.75,14.0,13.875,16.45087344542391,11.67,3816,16,3800,0.0041928721174004195,0.9958071278825996,0.07,4.180000000000001,0.18213148268097754,1028.0,2056.0,0.25,0.6913509560650417,0.12121212121212122
P01,2,14.0,14.25,14.125,16.45087344542391,11.67,5921,13,5908,0.0021955750717784156,0.9978044249282216,0.04000000000000001,4.740000000000001,0.12971749250486975,1285.0,2570.0,0.14285714285714288,0.4923932487755897,0.15151515151515152
P01,2,14.25,14.5,14.375,16.45087344542391,11.67,7585,0,7585,0.0,1.0,0.0,5.530000000000001,,,2570.0,0.0,,
P01,2,14.5,14.75,14.625,16.45087344542391,11.67,5593,0,5593,0.0,1.0,0.0,4.48,,,2570.0,0.0,,
P01,2,14.75,15.0,14.875,16.45087344542391,11.67,2264,0,2264,0.0,1.0,0.0,3.1100000000000008,,,2570.0,0.0,,
P01,2,15.0,15.25,15.125,16.45087344542391,11.67,2143,0,2143,0.0,1.0,0.0,3.3900000000000006,,,2827.0,0.0,,
P01,2,15.25,15.5,15.375,16.45087344542391,11.67,5619,0,5619,0.0,1.0,0.0,6.270000000000001,,,3084.0,0.0,,
P01,2,15.5,15.75,15.625,16.45087344542391,11.67,6271,0,6271,0.0,1.0,0.0,5.910000000000001,,,3341.0,0.0,,
P01,2,15.75,16.0,15.875,16.45087344542391,11.67,4017,0,4017,0.0,1.0,0.0,4.3500000000000005,,,3084.0,0.0,,
P01,2,16.0,16.25,16.125,16.45087344542391,11.67,1768,0,1768,0.0,1.0,0.0,2.6100000000000003,,,3084.0,0.0,,
P01,2,16.25,16.5,16.375,16.45087344542391,11.67,2208,0,2208,0.0,1.0,0.0,4.000000000000001,,,3084.0,0.0,,
P01,3,0.0,0.25,0.125,17.984406391751406,14.52,3535,3392,143,0.9595473833097595,0.04045261669024047,0.3400000000000001,0.38000000000000006,0.33854474290137937,10023.0,9766.0,1.36,1.4536472676360024,0.9069767441860465
P01,3,0.25,0.5,0.375,17.984406391751406,14.52,4269,4267,2,0.9995315062075427,0.00046849379245728073,0.25000000000000006,0.26000000000000006,0.23289332318695072,11051.0,11051.0,1.0,1.0,1.0
P01,3,0.5,0.75,0.625,17.984406391751406,14.52,4443,4443,0,1.0,0.0,0.30000000000000004,0.30000000000000004,0.23733245626807092,11308.0,11308.0,1.2,1.0190608001138648,1.0232558139534884
P01,3,0.75,1.0,0.875,17.984406391751406,14.52,5319,5319,0,1.0,0.0,0.25000000000000006,0.25000000000000006,0.21138424624177848,11565.0,11565.0,1.0,0.9076440807712369,1.0465116279069768
P01,3,1.0,1.25,1.125,17.984406391751406,14.52,5484,5484,0,1.0,0.0,0.25000000000000006,0.25000000000000006,0.19932385714112313,10794.0,10794.0,1.0,0.8558590448774681,0.9767441860465116
P01,3,1.25,1.5,1.375,17.984406391751406,14.52,6461,6460,1,0.9998452251973379,0.00015477480266212762,0.21000000000000005,0.21000000000000005,0.2159380698525339,11051.0,11051.0,0.84,0.9271973403857253,1.0
P01,3,1.5,1.75,1.625,17.984406391751406,14.52,6768,6766,2,0.9997044917257684,0.0002955082742316373,0.26000000000000006,0.26000000000000006,0.22180903859431736,11051.0,11051.0,1.04,0.952406172744868,1.0
P01,3,1.75,2.0,1.875,17.984406391751406,14.52,6851,6851,0,1.0,0.0,0.23000000000000004,0.23000000000000004,0.21190681874843637,10794.0,10794.0,0.9199999999999999,0.9098879085439996,0.9767441860465116
P01,3,2.0,2.25,2.125,17.984406391751406,14.52,6759,6758,1,0.9998520491196923,0.0001479508803077234,0.21000000000000005,0.21000000000000005,0.21004225734354914,10023.0,10023.0,0.84,0.901881833576404,0.9069767441860465
P01,3,2.25,2.5,2.375,17.984406391751406,14.52,6407,6406,1,0.9998439207117216,0.00015607928827843232,0.21000000000000005,0.21000000000000005,0.2140070076595489,9766.0,9766.0,0.84,0.9189057235778236,0.8837209302325582
P01,3,2.5,2.75,2.625,17.984406391751406,14.52,5898,5896,2,0.9996609020006781,0.0003390979993218579,0.21000000000000005,0.21000000000000005,0.20930957887214663,8995.0,8995.0,0.84,0.8987358504225015,0.813953488372093
P01,3,2.75,3.0,2.875,17.984406391751406,14.52,5659,5658,1,0.9998232903339813,0.00017670966601868177,0.19000000000000003,0.20000000000000004,0.1981187772845643,8995.0,8995.0,0.7599999999999999,0.8506846592829465,0.813953488372093
P01,3,3.0,3.25,3.125,17.984406391751406,14.52,5063,5063,0,1.0,0.0,0.20000000000000004,0.20000000000000004,0.19550191841477746,7967.0,7967.0,0.7999999999999999,0.8394483609040264,0.7209302325581395
P01,3,3.25,3.5,3.375,17.984406391751406,14.52,5327,5327,0,1.0,0.0,0.21000000000000005,0.21000000000000005,0.18844893230320547,7967.0,7967.0,0.84,0.8091641689183663,0.7209302325581395
P01,3,3.5,3.75,3.625,17.984406391751406,14.52,4976,4976,0,1.0,0.0,0.24000000000000005,0.24000000000000005,0.2161804795514755,7710.0,7710.0,0.96,0.9282382019081789,0.6976744186046512
P01,3,3.75,4.0,3.875,17.984406391751406,14.52,4255,4255,0,1.0,0.0,0.20000000000000004,0.20000000000000004,0.17539783311776116,7196.0,7196.0,0.7999999999999999,0.7531252107943166,0.6511627906976745
P01,3,4.0,4.25,4.125,17.984406391751406,14.52,4481,4481,0,1.0,0.0,0.19000000000000003,0.19000000000000003,0.17623279995212437,7453.0,7453.0,0.7599999999999999,0.7567104008845149,0.6744186046511628
P01,3,4.25,4.5,4.375,17.984406391751406,14.52,4140,4140,0,1.0,0.0,0.19000000000000003,0.19000000000000003,0.16553096404854817,7196.0,7196.0,0.7599999999999999,0.7107587361603807,0.6511627906976745
P01,3,4.5,4.75,4.625,17.984406391751406,14.52,4034,4034,0,1.0,0.0,0.21000000000000005,0.21000000000000005,0.16991968709949706,7196.0,7196.0,0.84,0.7296030851133385,0.6511627906976745
P01,3,4.75,5.0,4.875,17.984406391751406,14.52,3904,3904,0,1.0,0.0,0.21000000000000005,0.21000000000000005,0.16287433394029743,7453.0,7453.0,0.84,0.6993516675853911,0.6744186046511628
P01,3,5.0,5.25,5.125,17.984406391751406,14.52,3525,3525,0,1.0,0.0,0.21000000000000005,0.21000000000000005,0.16490785249925888,7196.0,7196.0,0.84,0.7080832127028486,0.6511627906976745
P01,3,5.25,5.5,5.375,17.984406391751406,14.52,3797,3797,0,1.0,0.0,0.20000000000000004,0.20000000000000004,0.15647619404990867,7453.0,7453.0,0.7999999999999999,0.6718792617523877,0.6744186046511628
P01,3,5.5,5.75,5.625,17.984406391751406,14.52,4020,4020,0,1.0,0.0,0.24000000000000005,0.24000000000000005,0.18344917543122,7196.0,7196.0,0.96,0.7876961559948185,0.6511627906976745
P01,3,5.75,6.0,5.875,17.984406391751406,14.52,3453,3453,0,1.0,0.0,0.25000000000000006,0.25000000000000006,0.24309543512931034,7196.0,7196.0,1.0,1.043805944295664,0.6511627906976745
P01,3,6.0,6.25,6.125,17.984406391751406,14.52,3337,3337,0,1.0,0.0,0.20000000000000004,0.20000000000000004,0.1604256835234945,7196.0,7196.0,0.7999999999999999,0.6888376245750756,0.6511627906976745
P01,3,6.25,6.5,6.375,17.984406391751406,14.52,3180,3180,0,1.0,0.0,0.20000000000000004,0.20000000000000004,0.16421388423370933,7196.0,7196.0,0.7999999999999999,0.7051034438711227,0.6511627906976745
P01,3,6.5,6.75,6.625,17.984406391751406,14.52,2881,2881,0,1.0,0.0,0.20000000000000004,0.20000000000000004,0.16335544040956604,7196.0,7196.0,0.7999999999999999,0.7014174480151822,0.6511627906976745
P01,3,6.75,7.0,6.875,17.984406391751406,14.52,3154,3154,0,1.0,0.0,0.21000000000000005,0.21000000000000005,0.1672835911256613,6939.0,6939.0,0.84,0.7182841862382527,0.627906976744186
P01,3,7.0,7.25,7.125,17.984406391751406,14.52,2867,2867,0,1.0,0.0,0.18000000000000005,0.18000000000000005,0.16908873331487995,6939.0,6939.0,0.7200000000000001,0.7260351263017839,0.627906976744186
P01,3,7.25,7.5,7.375,17.984406391751406,14.52,2884,2884,0,1.0,0.0,0.19000000000000003,0.19000000000000003,0.15934694316139247,6939.0,6939.0,0.7599999999999999,0.6842057169388224,0.627906976744186
P01,3,7.5,7.75,7.625,17.984406391751406,14.52,3088,3088,0,1.0,0.0,0.19000000000000003,0.19000000000000003,0.18396371735263134,7196.0,7196.0,0.7599999999999999,0.7899055019493106,0.6511627906976745
P01,3,7.75,8.0,7.875,17.984406391751406,14.52,2534,2534,0,1.0,0.0,0.18000000000000005,0.18000000000000005,0.15660468897164445,7196.0,7196.0,0.7200000000000001,0.6724309947088221,0.6511627906976745
P01,3,8.0,8.25,8.125,17.984406391751406,14.52,2990,2990,0,1.0,0.0,0.22000000000000003,0.22000000000000003,0.18531918149205834,7196.0,7196.0,0.8799999999999999,0.7957256092880639,0.6511627906976745
P01,3,8.25,8.5,8.375,17.984406391751406,14.52,2503,2503,0,1.0,0.0,0.23000000000000004,0.23000000000000004,0.17873164263814897,7196.0,7196.0,0.9199999999999999,0.7674399600312952,0.6511627906976745
P01,3,8.5,8.75,8.625,17.984406391751406,14.52,2884,2877,7,0.9975728155339806,0.0024271844660194164,0.22000000000000003,0.22000000000000003,0.20857084976860574,6682.0,6682.0,0.8799999999999999,0.895563886995504,0.6046511627906976
P01,3,8.75,9.0,8.875,17.984406391751406,14.52,2340,2340,0,1.0,0.0,0.19000000000000003,0.19000000000000003,0.15824917085075496,7196.0,7196.0,0.7599999999999999,0.6794920897054805,0.6511627906976745
P01,3,9.0,9.25,9.125,17.984406391751406,14.52,2570,2570,0,1.0,0.0,0.22000000000000003,0.22000000000000003,0.19061176331688212,6939.0,6939.0,0.8799999999999999,0.8184509573246638,0.627906976744186
P01,3,9.25,9.5,9.375,17.984406391751406,14.52,2410,2378,32,0.9867219917012449,0.01327800829875514,0.22000000000000003,0.24000000000000005,0.28066071784119656,6682.0,6682.0,0.8799999999999999,1.2051041824668434,0.6046511627906976
P01,3,9.5,9.75,9.625,17.984406391751406,14.52,2666,2629,37,0.9861215303825956,0.013878469617404354,0.21000000000000005,0.25000000000000006,0.17374060643023467,6939.0,6939.0,0.84,0.7460093919943238,0.627906976744186
P01,3,9.75,10.0,9.875,17.984406391751406,14.52,2370,2295,75,0.9683544303797469,0.03164556962025311,0.25000000000000006,0.30000000000000004,0.210044042901208,6425.0,6425.0,1.0,0.9018895004241883,0.5813953488372093
P01,3,10.0,10.25,10.125,17.984406391751406,14.52,1909,1881,28,0.9853326348873755,0.014667365112624453,0.17000000000000004,0.23000000000000004,0.15715279194958592,6425.0,6425.0,0.68,0.6747844455095627,0.5813953488372093
P01,3,10.25,10.5,10.375,17.984406391751406,14.52,2495,2489,6,0.9975951903807615,0.0024048096192385016,0.23000000000000004,0.25000000000000006,0.19637104072607925,6168.0,6168.0,0.9199999999999999,0.8431802081695837,0.5581395348837209
P01,3,10.5,10.75,10.625,17.984406391751406,14.52,2424,2308,116,0.9521452145214522,0.04785478547854782,0.31000000000000005,0.32000000000000006,0.4359314735221856,5911.0,5654.0,1.24,1.8718075192402568,0.5348837209302325
P01,3,10.75,11.0,10.875,17.984406391751406,14.52,2532,2531,1,0.9996050552922591,0.0003949447077409296,0.3400000000000001,0.3400000000000001,0.32271396865030866,6168.0,6168.0,1.36,1.3856729090994855,0.5581395348837209
P01,3,11.0,11.25,11.125,17.984406391751406,14.52,2358,1769,589,0.7502120441051738,0.24978795589482616,0.26000000000000006,0.4900000000000001,0.21435658796752763,6168.0,5397.0,1.04,0.920406755480306,0.5581395348837209
P01,3,11.25,11.5,11.375,17.984406391751406,14.52,2509,1434,1075,0.5715424471901156,0.4284575528098844,0.19000000000000003,0.5700000000000001,0.16486357626500994,6939.0,4112.0,0.7599999999999999,0.707893098904638,0.627906976744186
P01,3,11.5,11.75,11.625,17.984406391751406,14.52,3441,2386,1055,0.6934030804998547,0.30659691950014534,0.37000000000000005,0.7900000000000001,0.3311136510061679,5911.0,4369.0,1.48,1.4217395607360228,0.5348837209302325
P01,3,11.75,12.0,11.875,17.984406391751406,14.52,3455,2253,1202,0.6520984081041968,0.34790159189580316,0.5300000000000001,1.0200000000000002,1.2924897210220303,5397.0,3855.0,2.12,5.549707064742722,0.4883720930232558
P01,3,12.0,12.25,12.125,17.984406391751406,14.52,4116,2359,1757,0.5731292517006803,0.4268707482993197,0.39000000000000007,1.0000000000000002,1.4354782713437981,5140.0,3341.0,1.5599999999999998,6.163672928448426,0.46511627906976744
P01,3,12.25,12.5,12.375,17.984406391751406,14.52,3998,2089,1909,0.5225112556278139,0.47748874437218614,0.44000000000000006,1.1000000000000003,1.1663415450552794,5397.0,2827.0,1.7599999999999998,5.008050591982926,0.4883720930232558
P01,3,12.5,12.75,12.625,17.984406391751406,14.52,2829,2425,404,0.8571933545422411,0.1428066454577589,0.4900000000000001,0.7400000000000001,0.9835077026622432,4883.0,4369.0,1.96,4.222996559986183,0.4418604651162791
P01,3,12.75,13.0,12.875,17.984406391751406,14.52,2848,2680,168,0.9410112359550562,0.0589887640449438,0.6300000000000001,0.6400000000000001,1.057000451761047,4883.0,4883.0,2.52,4.53856056196407,0.4418604651162791
P01,3,13.0,13.25,13.125,17.984406391751406,14.52,3904,1608,2296,0.41188524590163933,0.5881147540983607,0.5200000000000001,1.1800000000000002,1.2347731613839723,5140.0,3598.0,2.08,5.301883044507813,0.46511627906976744
P01,3,13.25,13.5,13.375,17.984406391751406,14.52,4304,1869,2435,0.43424721189591076,0.5657527881040892,0.6900000000000002,1.5700000000000003,2.3431496255759345,4626.0,3341.0,2.7600000000000002,10.061042512992163,0.4186046511627907
P01,3,13.5,13.75,13.625,17.984406391751406,14.52,2362,1345,1017,0.569432684165961,0.43056731583403896,0.4700000000000001,1.1000000000000003,0.6080448705238712,5654.0,4369.0,1.88,2.610829980882598,0.5116279069767442
P01,3,13.75,14.0,13.875,17.984406391751406,14.52,3665,1182,2483,0.3225102319236016,0.6774897680763984,0.4700000000000001,1.5500000000000003,0.7680044120131501,5654.0,3598.0,1.88,3.2976660794893164,0.5116279069767442
P01,3,14.0,14.25,14.125,17.984406391751406,14.52,4483,1167,3316,0.26031675217488287,0.7396832478251172,0.4900000000000001,2.0300000000000002,0.4949083620195571,5911.0,3084.0,1.96,2.1250431538661108,0.5348837209302325
P01,3,14.25,14.5,14.375,17.984406391751406,14.52,10319,936,9383,0.09070646380463224,0.9092935361953678,0.5200000000000001,4.870000000000001,0.7494135842585522,5654.0,2313.0,2.08,3.217840571826847,0.5116279069767442
P01,3,14.5,14.75,14.625,17.984406391751406,14.52,19489,401,19088,0.02057570937451896,0.9794242906254811,0.3400000000000001,7.330000000000002,1.2818989818593325,5654.0,2056.0,1.36,5.504232428468171,0.5116279069767442
P01,3,14.75,15.0,14.875,17.984406391751406,14.52,16074,268,15806,0.016672887893492597,0.9833271121065074,0.26000000000000006,7.950000000000002,1.471872554776976,3855.0,2056.0,1.04,6.319943116597885,0.3488372093023256
P01,3,15.0,15.25,15.125,17.984406391751406,14.52,10506,10,10496,0.0009518370454978108,0.9990481629545022,0.030000000000000006,7.460000000000002,1.0279365746979425,7324.5,2313.0,0.12,4.413765756061568,0.6627906976744186
P01,3,15.25,15.5,15.375,17.984406391751406,14.52,10328,8,10320,0.000774593338497289,0.9992254066615027,0.04000000000000001,7.290000000000002,0.7141207277722862,10023.0,2313.0,0.16,3.066299703229531,0.9069767441860465
P01,3,15.5,15.75,15.625,17.984406391751406,14.52,10251,36,10215,0.003511852502194908,0.9964881474978051,0.09000000000000002,7.800000000000002,1.8432390845688431,3983.5,2313.0,0.36000000000000004,7.9145209460952115,0.36046511627906974
P01,3,15.75,16.0,15.875,17.984406391751406,14.52,10156,1,10155,9.846396218983852e-05,0.9999015360378102,0.010000000000000002,9.230000000000002,,4369.0,2570.0,0.04,,0.3953488372093023
P01,3,16.0,16.25,16.125,17.984406391751406,14.52,13336,1,13335,7.498500299940011e-05,0.9999250149970006,0.010000000000000002,10.800000000000002,,10537.0,2827.0,0.04,,0.9534883720930233
P01,3,16.25,16.5,16.375,17.984406391751406,14.52,13096,0,13096,0.0,1.0,0.0,10.910000000000002,,,2827.0,0.0,,
P01,3,16.5,16.75,16.625,17.984406391751406,14.52,11284,0,11284,0.0,1.0,0.0,10.490000000000002,,,2827.0,0.0,,
P01,3,16.75,17.0,16.875,17.984406391751406,14.52,9941,0,9941,0.0,1.0,0.0,11.010000000000002,,,3084.0,0.0,,
P01,3,17.0,17.25,17.125,17.984406391751406,14.52,5545,0,5545,0.0,1.0,0.0,8.310000000000002,,,3341.0,0.0,,
P01,3,17.25,17.5,17.375,17.984406391751406,14.52,2368,0,2368,0.0,1.0,0.0,5.590000000000001,,,3084.0,0.0,,
P01,3,17.5,17.75,17.625,17.984406391751406,14.52,2418,0,2418,0.0,1.0,0.0,5.610000000000001,,,3341.0,0.0,,
P01,3,17.75,18.0,17.875,17.984406391751406,14.52,3865,0,3865,0.0,1.0,0.0,6.400000000000001,,,3341.0,0.0,,
P01,4,0.0,0.25,0.125,18.73125702990764,11.23,8213,8166,47,0.9942773651528065,0.005722634847193486,0.5100000000000001,0.5200000000000001,0.4732451739396134,11822.0,11822.0,1.342105263157895,1.4572362153759073,0.9387755102040817
P01,4,0.25,0.5,0.375,18.73125702990764,11.23,8729,8729,0,1.0,0.0,0.4100000000000001,0.4100000000000001,0.4192016193578773,12336.0,12336.0,1.0789473684210527,1.2908230551770472,0.9795918367346939
P01,4,0.5,0.75,0.625,18.73125702990764,11.23,6749,6748,1,0.9998518299007261,0.00014817009927392544,0.38000000000000006,0.39000000000000007,0.313873143013953,12593.0,12593.0,1.0,0.9664912316510109,1.0
P01,4,0.75,1.0,0.875,18.73125702990764,11.23,7529,7529,0,1.0,0.0,0.3600000000000001,0.3600000000000001,0.3169233341304997,13107.0,13107.0,0.9473684210526316,0.9758835069527277,1.0408163265306123
P01,4,1.0,1.25,1.125,18.73125702990764,11.23,5601,5601,0,1.0,0.0,0.3500000000000001,0.3500000000000001,0.3247552928936339,12850.0,12850.0,0.9210526315789475,1.0,1.0204081632653061
P01,4,1.25,1.5,1.375,18.73125702990764,11.23,7510,7510,0,1.0,0.0,0.3600000000000001,0.3600000000000001,0.2967086111372572,13364.0,13364.0,0.9473684210526316,0.913637491458645,1.0612244897959184
P01,4,1.5,1.75,1.625,18.73125702990764,11.23,9897,9894,3,0.9996968778417702,0.00030312215822980715,0.3400000000000001,0.3500000000000001,0.33900206470797495,13107.0,13107.0,0.8947368421052633,1.0438692520987094,1.0408163265306123
P01,4,1.75,2.0,1.875,18.73125702990764,11.23,10282,10279,3,0.9997082279712118,0.000291772028788162,0.4000000000000001,0.4000000000000001,0.36066078229284804,12850.0,12850.0,1.0526315789473684,1.1105616757752863,1.0204081632653061
P01,4,2.0,2.25,2.125,18.73125702990764,11.23,9449,9445,4,0.9995766747804,0.00042332521959997926,0.38000000000000006,0.39000000000000007,0.3498699758296322,12336.0,12336.0,1.0,1.0773341758719972,0.9795918367346939
P01,4,2.25,2.5,2.375,18.73125702990764,11.23,8927,8927,0,1.0,0.0,0.39000000000000007,0.39000000000000007,0.34867202312619056,11822.0,11822.0,1.0263157894736843,1.0736453901011245,0.9387755102040817
P01,4,2.5,2.75,2.625,18.73125702990764,11.23,10034,9937,97,0.990332868247957,0.009667131752043034,0.4300000000000001,0.4700000000000001,0.39199698410506545,11308.0,11308.0,1.1315789473684212,1.207053411238643,0.8979591836734694
P01,4,2.75,3.0,2.875,18.73125702990764,11.23,10138,9222,916,0.9096468731505228,0.09035312684947716,0.4800000000000001,0.7600000000000001,1.0345197107303965,10023.0,9509.0,1.2631578947368423,3.185536104777912,0.7959183673469388
P01,4,3.0,3.25,3.125,18.73125702990764,11.23,8942,8337,605,0.9323417579959741,0.06765824200402593,0.4700000000000001,0.7900000000000001,1.0661814102696505,8224.0,7967.0,1.236842105263158,3.2830301263753494,0.6530612244897959
P01,4,3.25,3.5,3.375,18.73125702990764,11.23,7433,5653,1780,0.7605273779093233,0.23947262209067666,0.4900000000000001,0.9800000000000002,0.9284508594873518,6939.0,5654.0,1.2894736842105263,2.8589244880804587,0.5510204081632653
P01,4,3.5,3.75,3.625,18.73125702990764,11.23,9614,4411,5203,0.4588100686498856,0.5411899313501144,0.4300000000000001,1.4100000000000004,0.3622085017101845,8224.0,4369.0,1.1315789473684212,1.1153274777535882,0.6530612244897959
P01,4,3.75,4.0,3.875,18.73125702990764,11.23,11946,4343,7603,0.36355265360790223,0.6364473463920978,0.4100000000000001,1.9600000000000004,0.36898197727289367,7967.0,3084.0,1.0789473684210527,1.1361846453223017,0.6326530612244898
P01,4,4.0,4.25,4.125,18.73125702990764,11.23,8831,4781,4050,0.5413882912467444,0.45861170875325563,0.4600000000000001,1.4300000000000004,0.41800717690067773,7710.0,4883.0,1.2105263157894737,1.287145078302346,0.6122448979591837
P01,4,4.25,4.5,4.375,18.73125702990764,11.23,13352,6880,6472,0.5152786099460755,0.48472139005392445,0.56,1.9900000000000004,0.5114549344245007,7710.0,4626.0,1.4736842105263157,1.5748932984812536,0.6122448979591837
P01,4,4.5,4.75,4.625,18.73125702990764,11.23,18377,7207,11170,0.3921750013603961,0.6078249986396038,0.56,2.7300000000000004,0.47898684571338324,7453.0,2827.0,1.4736842105263157,1.47491620981914,0.5918367346938775
P01,4,4.75,5.0,4.875,18.73125702990764,11.23,20398,6592,13806,0.32316893813118935,0.6768310618688107,0.5800000000000001,2.9900000000000007,0.49568946974416284,6939.0,2313.0,1.526315789473684,1.5263476241679437,0.5510204081632653
P01,4,5.0,5.25,5.125,18.73125702990764,11.23,14377,5535,8842,0.3849899144466857,0.6150100855533143,0.4600000000000001,2.5500000000000007,0.5151144510244257,7196.0,2570.0,1.2105263157894737,1.5861618341448849,0.5714285714285714
P01,4,5.25,5.5,5.375,18.73125702990764,11.23,7281,3313,3968,0.4550199148468617,0.5449800851531383,0.4000000000000001,1.6100000000000003,0.4901187322862656,6425.0,2827.0,1.0526315789473684,1.5091939777769616,0.5102040816326531
P01,4,5.5,5.75,5.625,18.73125702990764,11.23,6581,3770,2811,0.5728612672846072,0.4271387327153928,0.44000000000000006,1.2500000000000002,0.6700502593371973,6168.0,3855.0,1.1578947368421053,2.0632466167584735,0.4897959183673469
P01,4,5.75,6.0,5.875,18.73125702990764,11.23,6135,2552,3583,0.41597392013039935,0.5840260798696006,0.4100000000000001,1.3100000000000003,0.5553503522854228,6682.0,2827.0,1.0789473684210527,1.7100578941674556,0.5306122448979592
P01,4,6.0,6.25,6.125,18.73125702990764,11.23,4820,2225,2595,0.4616182572614108,0.5383817427385892,0.2700000000000001,0.8500000000000002,0.21416860138228158,6682.0,3084.0,0.7105263157894738,0.6594768617133133,0.5306122448979592
P01,4,6.25,6.5,6.375,18.73125702990764,11.23,2863,2466,397,0.8613342647572476,0.13866573524275239,0.32000000000000006,0.5100000000000001,0.30406837309176893,6425.0,5654.0,0.8421052631578948,0.936299976460613,0.5102040816326531
P01,4,6.5,6.75,6.625,18.73125702990764,11.23,2719,2716,3,0.9988966531813167,0.0011033468186832929,0.33000000000000007,0.3500000000000001,0.46197534187384226,5654.0,5654.0,0.868421052631579,1.4225336799211201,0.4489795918367347
P01,4,6.75,7.0,6.875,18.73125702990764,11.23,2680,2442,238,0.9111940298507463,0.08880597014925373,0.32000000000000006,0.4000000000000001,0.5948640176090516,5654.0,5397.0,0.8421052631578948,1.8317300152637868,0.4489795918367347
P01,4,7.0,7.25,7.125,18.73125702990764,11.23,3246,2158,1088,0.6648182378311769,0.3351817621688231,0.24000000000000005,0.4000000000000001,0.20058638603674658,6168.0,4369.0,0.6315789473684211,0.6176539395231474,0.4897959183673469
P01,4,7.25,7.5,7.375,18.73125702990764,11.23,3814,3183,631,0.834556895647614,0.16544310435238596,0.4700000000000001,0.6600000000000001,3.2758334961582825,5397.0,4626.0,1.236842105263158,10.087082698391018,0.42857142857142855
P01,4,7.5,7.75,7.625,18.73125702990764,11.23,7356,5072,2284,0.689505165851006,0.31049483414899404,0.6500000000000001,0.9800000000000002,3.049518911626463,4112.0,3084.0,1.7105263157894737,9.390205420378669,0.32653061224489793
P01,4,7.75,8.0,7.875,18.73125702990764,11.23,5417,2076,3341,0.38323795458741,0.6167620454125899,0.21000000000000005,0.7900000000000001,0.2226926046327275,6168.0,2827.0,0.5526315789473685,0.6857243269185618,0.4897959183673469
P01,4,8.0,8.25,8.125,18.73125702990764,11.23,4310,2347,1963,0.5445475638051044,0.4554524361948956,0.31000000000000005,0.6200000000000001,2.983578890974884,5911.0,3855.0,0.8157894736842105,9.187160167246562,0.46938775510204084
P01,4,8.25,8.5,8.375,18.73125702990764,11.23,5493,4329,1164,0.7880939377389404,0.21190606226105957,0.5700000000000001,0.7400000000000001,2.767686677551983,4626.0,4112.0,1.5,8.52237588767637,0.3673469387755102
P01,4,8.5,8.75,8.625,18.73125702990764,11.23,4939,3204,1735,0.6487143146385909,0.35128568536140914,0.5800000000000001,0.8900000000000001,0.7118416605454674,5397.0,4112.0,1.526315789473684,2.1919324368906117,0.42857142857142855
P01,4,8.75,9.0,8.875,18.73125702990764,11.23,4830,3169,1661,0.6561076604554865,0.3438923395445135,0.4700000000000001,0.8100000000000002,2.4921392817876247,4883.0,3598.0,1.236842105263158,7.673898890398893,0.3877551020408163
P01,4,9.0,9.25,9.125,18.73125702990764,11.23,4566,3304,1262,0.7236092860271572,0.27639071397284276,0.5400000000000001,0.8400000000000002,2.2279469308591544,5397.0,4112.0,1.4210526315789476,6.8603868192807775,0.42857142857142855
P01,4,9.25,9.5,9.375,18.73125702990764,11.23,7710,6227,1483,0.8076523994811933,0.19234760051880673,0.7000000000000002,1.0400000000000003,1.105707628245743,4883.0,4112.0,1.842105263157895,3.4047409001210394,0.3877551020408163
P01,4,9.5,9.75,9.625,18.73125702990764,11.23,3294,1763,1531,0.5352155434122647,0.46478445658773526,0.23000000000000004,0.4900000000000001,0.21457073195746446,6425.0,4112.0,0.6052631578947368,0.660715118899516,0.5102040816326531
P01,4,9.75,10.0,9.875,18.73125702990764,11.23,5465,3696,1769,0.6763037511436414,0.3236962488563586,0.5400000000000001,1.1500000000000001,0.7635236806907983,5397.0,4112.0,1.4210526315789476,2.3510738620690406,0.42857142857142855
P01,4,10.0,10.25,10.125,18.73125702990764,11.23,9402,5734,3668,0.6098702403743884,0.3901297596256116,1.1500000000000001,1.8200000000000003,2.0379885308915457,4626.0,3598.0,3.026315789473684,6.275459016334006,0.3673469387755102
P01,4,10.25,10.5,10.375,18.73125702990764,11.23,8569,6603,1966,0.7705683276928463,0.22943167230715367,1.2700000000000002,1.7400000000000004,1.5471348029523675,4626.0,3855.0,3.3421052631578947,4.764001809384199,0.3673469387755102
P01,4,10.5,10.75,10.625,18.73125702990764,11.23,14618,10559,4059,0.7223286359283075,0.27767136407169246,1.4800000000000002,2.5800000000000005,1.774920493582077,5140.0,3855.0,3.8947368421052633,5.465408978456315,0.40816326530612246
P01,4,10.75,11.0,10.875,18.73125702990764,11.23,16097,6137,9960,0.3812511648133193,0.6187488351866808,1.3000000000000003,3.7400000000000007,2.1843344980874173,5397.0,2827.0,3.4210526315789473,6.726093603046666,0.42857142857142855
P01,4,11.0,11.25,11.125,18.73125702990764,11.23,23578,5652,17926,0.23971498854864703,0.760285011451353,0.9300000000000002,5.940000000000001,1.345814666902137,5140.0,3084.0,2.4473684210526314,4.144088476312924,0.40816326530612246
P01,4,11.25,11.5,11.375,18.73125702990764,11.23,48547,3339,45208,0.06877870929202629,0.9312212907079738,0.8400000000000002,7.980000000000001,0.8004464042595819,5397.0,2570.0,2.210526315789474,2.464767847592093,0.42857142857142855
P01,4,11.5,11.75,11.625,18.73125702990764,11.23,31030,4676,26354,0.15069287786013535,0.8493071221398647,0.9100000000000001,8.230000000000002,1.3318697335042873,5397.0,2313.0,2.3947368421052633,4.101148657615599,0.42857142857142855
P01,4,11.75,12.0,11.875,18.73125702990764,11.23,19767,3641,16126,0.18419588202559822,0.8158041179744018,0.9200000000000002,5.490000000000001,2.2943552471722333,5911.0,2570.0,2.4210526315789473,7.064874067883772,0.46938775510204084
P01,4,12.0,12.25,12.125,18.73125702990764,11.23,13935,6361,7574,0.4564764980265518,0.5435235019734481,1.2800000000000002,4.010000000000001,1.8029853021950621,5911.0,3855.0,3.368421052631579,5.551827303968186,0.46938775510204084
P01,4,12.25,12.5,12.375,18.73125702990764,11.23,15699,3117,12582,0.19854767819606345,0.8014523218039366,0.8200000000000002,3.710000000000001,0.9857701430067444,5911.0,2570.0,2.1578947368421053,3.0354244090168243,0.46938775510204084
P01,4,12.5,12.75,12.625,18.73125702990764,11.23,11403,4191,7212,0.3675348592475664,0.6324651407524335,1.0600000000000003,4.070000000000001,1.1222624412167197,5397.0,3084.0,2.7894736842105265,3.455717168509062,0.42857142857142855
P01,4,12.75,13.0,12.875,18.73125702990764,11.23,12578,2880,9698,0.2289712195897599,0.77102878041024,0.9200000000000002,4.5600000000000005,1.647214284551071,5140.0,2827.0,2.4210526315789473,5.072170710056997,0.40816326530612246
P01,4,13.0,13.25,13.125,18.73125702990764,11.23,17854,2731,15123,0.15296292147417945,0.8470370785258206,0.7000000000000002,5.980000000000001,0.8354788738339136,6168.0,2570.0,1.842105263157895,2.572641284425672,0.4897959183673469
P01,4,13.25,13.5,13.375,18.73125702990764,11.23,22175,3708,18467,0.16721533258173618,0.8327846674182638,1.2500000000000002,7.210000000000002,1.8413885652022133,5911.0,2827.0,3.2894736842105265,5.6700802280852045,0.46938775510204084
P01,4,13.5,13.75,13.625,18.73125702990764,11.23,17476,3366,14110,0.1926070038910506,0.8073929961089494,1.1900000000000002,7.420000000000002,1.9820712891134884,5397.0,2827.0,3.131578947368421,6.103276320619261,0.42857142857142855
P01,4,13.75,14.0,13.875,18.73125702990764,11.23,23968,3310,20658,0.13810080106809078,0.8618991989319092,1.3200000000000003,9.850000000000001,1.9113555411488754,5140.0,3084.0,3.473684210526316,5.885525449387813,0.40816326530612246
P01,4,14.0,14.25,14.125,18.73125702990764,11.23,31358,3145,28213,0.1002933860577843,0.8997066139422157,1.1400000000000001,10.310000000000002,1.349875962358483,5911.0,2827.0,3.0,4.156594186135725,0.46938775510204084
P01,4,14.25,14.5,14.375,18.73125702990764,11.23,18893,4639,14254,0.2455406764410099,0.75445932355899,1.9100000000000004,10.330000000000002,1.500292737013494,5397.0,3084.0,5.026315789473684,4.619763772425658,0.42857142857142855
P01,4,14.5,14.75,14.625,18.73125702990764,11.23,21010,2363,18647,0.11247025226082817,0.8875297477391718,1.1900000000000002,10.190000000000001,1.392597549931625,4883.0,2827.0,3.131578947368421,4.288144274796279,0.3877551020408163
P01,4,14.75,15.0,14.875,18.73125702990764,11.23,18270,1962,16308,0.10738916256157635,0.8926108374384236,0.7900000000000001,9.620000000000001,1.3443281784397887,5397.0,2827.0,2.0789473684210527,4.1395112192369785,0.42857142857142855
P01,4,15.0,15.25,15.125,18.73125702990764,11.23,19678,1387,18291,0.07048480536639902,0.929515194633601,1.1900000000000002,10.950000000000003,2.1055320234495136,5397.0,2827.0,3.131578947368421,6.483441746826685,0.42857142857142855
P01,4,15.25,15.5,15.375,18.73125702990764,11.23,19709,1086,18623,0.055101730174032165,0.9448982698259678,0.8700000000000002,13.280000000000003,1.2715628295885022,6168.0,2827.0,2.2894736842105265,3.915449131740474,0.4897959183673469
P01,4,15.5,15.75,15.625,18.73125702990764,11.23,23505,355,23150,0.015103169538396086,0.9848968304616039,0.3600000000000001,14.010000000000003,1.5867212019760466,5140.0,2827.0,0.9473684210526316,4.8858978951137235,0.40816326530612246
P01,4,15.75,16.0,15.875,18.73125702990764,11.23,22598,677,21921,0.029958403398530842,0.9700415966014692,0.4000000000000001,14.150000000000002,1.3927550591979503,5397.0,2827.0,1.0526315789473684,4.2886292838778,0.42857142857142855
P01,4,16.0,16.25,16.125,18.73125702990764,11.23,19699,102,19597,0.0051779278135945985,0.9948220721864054,0.17000000000000004,13.930000000000003,1.5920259997215,6939.0,2827.0,0.44736842105263164,4.90223264888536,0.5510204081632653
P01,4,16.25,16.5,16.375,18.73125702990764,11.23,16155,17,16138,0.0010523057876818322,0.9989476942123182,0.04000000000000001,12.460000000000003,0.7192452178112738,10794.0,3084.0,0.10526315789473685,2.214729778235965,0.8571428571428571
P01,4,16.5,16.75,16.625,18.73125702990764,11.23,13747,22,13725,0.0016003491670910017,0.998399650832909,0.06000000000000001,11.590000000000002,1.1577743602144146,8609.5,3084.0,0.15789473684210528,3.5650669459407913,0.6836734693877551
P01,4,16.75,17.0,16.875,18.73125702990764,11.23,8891,0,8891,0.0,1.0,0.0,10.390000000000002,,,2827.0,0.0,,
P01,4,17.0,17.25,17.125,18.73125702990764,11.23,6292,0,6292,0.0,1.0,0.0,7.960000000000002,,,3341.0,0.0,,
P01,4,17.25,17.5,17.375,18.73125702990764,11.23,6169,0,6169,0.0,1.0,0.0,8.540000000000001,,,3341.0,0.0,,
P01,4,17.5,17.75,17.625,18.73125702990764,11.23,6352,0,6352,0.0,1.0,0.0,7.980000000000001,,,3598.0,0.0,,
P01,4,17.75,18.0,17.875,18.73125702990764,11.23,6372,0,6372,0.0,1.0,0.0,9.700000000000001,,,3598.0,0.0,,
P01,4,18.0,18.25,18.125,18.73125702990764,11.23,6429,0,6429,0.0,1.0,0.0,10.320000000000002,,,3341.0,0.0,,
P01,4,18.25,18.5,18.375,18.73125702990764,11.23,4069,0,4069,0.0,1.0,0.0,8.370000000000001,,,3341.0,0.0,,
P01,4,18.5,18.75,18.625,18.73125702990764,11.23,7444,4,7440,0.0005373455131649651,0.999462654486835,0.030000000000000006,9.900000000000002,0.13684754301950733,8609.5,3855.0,0.07894736842105264,0.4213866440795118,0.6836734693877551
P01,6,0.0,0.25,0.125,16.78266212024696,10.34,4732,3884,848,0.8207945900253593,0.17920540997464074,0.4600000000000001,0.56,0.351370245059022,9509.0,8995.0,2.5555555555555554,1.916364320512187,1.121212121212121
P01,6,0.25,0.5,0.375,16.78266212024696,10.34,3601,3601,0,1.0,0.0,0.21000000000000005,0.21000000000000005,0.18741664749297723,8224.0,8224.0,1.1666666666666665,1.0221655970476986,0.9696969696969697
P01,6,0.5,0.75,0.625,16.78266212024696,10.34,3360,3360,0,1.0,0.0,0.17000000000000004,0.17000000000000004,0.18335252921277057,8481.0,8481.0,0.9444444444444444,1.0,1.0
P01,6,0.75,1.0,0.875,16.78266212024696,10.34,3697,3697,0,1.0,0.0,0.17000000000000004,0.17000000000000004,0.1712343425126446,8738.0,8738.0,0.9444444444444444,0.9339077199962512,1.0303030303030303
P01,6,1.0,1.25,1.125,16.78266212024696,10.34,3478,3477,1,0.9997124784358827,0.0002875215641172657,0.18000000000000005,0.18000000000000005,0.16937531907674291,8481.0,8481.0,1.0,0.9237686537729302,1.0
P01,6,1.25,1.5,1.375,16.78266212024696,10.34,3426,3426,0,1.0,0.0,0.18000000000000005,0.18000000000000005,0.158637950115453,7967.0,7967.0,1.0,0.8652073183640808,0.9393939393939394
P01,6,1.5,1.75,1.625,16.78266212024696,10.34,3521,3521,0,1.0,0.0,0.18000000000000005,0.18000000000000005,0.1538343264020921,7967.0,7967.0,1.0,0.8390084776173216,0.9393939393939394
P01,6,1.75,2.0,1.875,16.78266212024696,10.34,3484,3484,0,1.0,0.0,0.16000000000000003,0.16000000000000003,0.15453898557013435,8224.0,8224.0,0.8888888888888888,0.8428516706786211,0.9696969696969697
P01,6,2.0,2.25,2.125,16.78266212024696,10.34,3962,3962,0,1.0,0.0,0.19000000000000003,0.19000000000000003,0.16632663544137846,8481.0,8481.0,1.0555555555555554,0.9071412112802956,1.0
P01,6,2.25,2.5,2.375,16.78266212024696,10.34,4113,4105,8,0.9980549477267202,0.0019450522732797904,0.24000000000000005,0.24000000000000005,0.2418023770542878,7453.0,7453.0,1.3333333333333333,1.3187839736515954,0.8787878787878788
P01,6,2.5,2.75,2.625,16.78266212024696,10.34,4749,4704,45,0.9905243209096652,0.009475679090334754,0.32000000000000006,0.37000000000000005,0.5893557485682211,7196.0,7196.0,1.7777777777777777,3.2143311635712757,0.8484848484848485
P01,6,2.75,3.0,2.875,16.78266212024696,10.34,4600,4599,1,0.9997826086956522,0.00021739130434783593,0.24000000000000005,0.24000000000000005,0.24845096595688287,7453.0,7453.0,1.3333333333333333,1.3550452073042807,0.8787878787878788
P01,6,3.0,3.25,3.125,16.78266212024696,10.34,4512,4499,13,0.9971187943262412,0.0028812056737588243,0.29000000000000004,0.30000000000000004,0.4587661605987493,7453.0,7453.0,1.611111111111111,2.5020988942365574,0.8787878787878788
P01,6,3.25,3.5,3.375,16.78266212024696,10.34,5276,5274,2,0.9996209249431387,0.00037907505686129994,0.32000000000000006,0.32000000000000006,0.27377753884050887,6939.0,6939.0,1.7777777777777777,1.4931756873820106,0.8181818181818182
P01,6,3.5,3.75,3.625,16.78266212024696,10.34,4818,4818,0,1.0,0.0,0.39000000000000007,0.39000000000000007,0.35064820127172597,6939.0,6939.0,2.1666666666666665,1.9124263121825713,0.8181818181818182
P01,6,3.75,4.0,3.875,16.78266212024696,10.34,4393,4393,0,1.0,0.0,0.25000000000000006,0.25000000000000006,0.3581831912414148,7710.0,7710.0,1.3888888888888888,1.953521954560893,0.9090909090909091
P01,6,4.0,4.25,4.125,16.78266212024696,10.34,3821,3821,0,1.0,0.0,0.26000000000000006,0.26000000000000006,0.43745285422273295,7710.0,7710.0,1.4444444444444444,2.385856666940726,0.9090909090909091
P01,6,4.25,4.5,4.375,16.78266212024696,10.34,3920,3920,0,1.0,0.0,0.21000000000000005,0.21000000000000005,0.2410869690189573,7196.0,7196.0,1.1666666666666665,1.3148821565433062,0.8484848484848485
P01,6,4.5,4.75,4.625,16.78266212024696,10.34,4135,4135,0,1.0,0.0,0.22000000000000003,0.22000000000000003,0.32458157650159747,6939.0,6939.0,1.222222222222222,1.77025960806321,0.8181818181818182
P01,6,4.75,5.0,4.875,16.78266212024696,10.34,4445,4437,8,0.9982002249718785,0.001799775028121453,0.3500000000000001,0.3500000000000001,0.4992788648430007,6425.0,6425.0,1.9444444444444444,2.723054145948622,0.7575757575757576
P01,6,5.0,5.25,5.125,16.78266212024696,10.34,4398,4354,44,0.9899954524783993,0.010004547521600737,0.4300000000000001,0.4300000000000001,0.4329373486203154,5654.0,5654.0,2.388888888888889,2.3612292149944403,0.6666666666666666
P01,6,5.25,5.5,5.375,16.78266212024696,10.34,4217,4217,0,1.0,0.0,0.45000000000000007,0.45000000000000007,0.4632493922359033,6682.0,6682.0,2.4999999999999996,2.526550324802598,0.7878787878787878
P01,6,5.5,5.75,5.625,16.78266212024696,10.34,5361,5361,0,1.0,0.0,0.5000000000000001,0.5000000000000001,0.8117986201014296,5397.0,5397.0,2.7777777777777777,4.427528889767219,0.6363636363636364
P01,6,5.75,6.0,5.875,16.78266212024696,10.34,5106,5103,3,0.999412455934195,0.000587544065804968,0.6000000000000001,0.6100000000000001,1.1470521778929679,4883.0,4883.0,3.333333333333333,6.255993210553843,0.5757575757575758
P01,6,6.0,6.25,6.125,16.78266212024696,10.34,4289,4230,59,0.9862438796922359,0.013756120307764075,0.4100000000000001,0.4100000000000001,0.6178083993832346,5654.0,5654.0,2.2777777777777777,3.369511192650644,0.6666666666666666
P01,6,6.25,6.5,6.375,16.78266212024696,10.34,5246,5142,104,0.9801753717117804,0.019824628288219626,0.5400000000000001,0.56,0.698086670922278,5397.0,5397.0,3.0,3.807346830281172,0.6363636363636364
P01,6,6.5,6.75,6.625,16.78266212024696,10.34,6630,6216,414,0.9375565610859729,0.06244343891402715,0.6600000000000001,0.7800000000000001,0.97510434032185,4883.0,4369.0,3.6666666666666665,5.3181941067761045,0.5757575757575758
P01,6,6.75,7.0,6.875,16.78266212024696,10.34,8095,5237,2858,0.6469425571340334,0.35305744286596663,0.6300000000000001,1.0300000000000002,1.245961226475634,5140.0,3341.0,3.4999999999999996,6.795440629181418,0.6060606060606061
P01,6,7.0,7.25,7.125,16.78266212024696,10.34,11165,6221,4944,0.5571876399462606,0.44281236005373936,0.8800000000000001,1.6000000000000003,1.0639887219518993,4883.0,3084.0,4.888888888888888,5.802967248503012,0.5757575757575758
P01,6,7.25,7.5,7.375,16.78266212024696,10.34,12627,7870,4757,0.6232676011720916,0.37673239882790843,1.0200000000000002,1.9000000000000004,1.2389094980307924,4369.0,3341.0,5.666666666666666,6.756980682786796,0.5151515151515151
P01,6,7.5,7.75,7.625,16.78266212024696,10.34,8896,5101,3795,0.5734037769784173,0.42659622302158273,0.9400000000000002,1.9200000000000004,1.3314443284390851,4883.0,3341.0,5.222222222222221,7.261663278688765,0.5757575757575758
P01,6,7.75,8.0,7.875,16.78266212024696,10.34,7529,6323,1206,0.8398193651215301,0.1601806348784699,1.0000000000000002,1.4600000000000002,1.338738883954425,4369.0,3598.0,5.555555555555555,7.301447597708847,0.5151515151515151
P01,6,8.0,8.25,8.125,16.78266212024696,10.34,7841,6012,1829,0.7667389363601581,0.2332610636398419,0.9300000000000002,1.2700000000000002,1.394083224135858,4626.0,3598.0,5.166666666666666,7.603294212091837,0.5454545454545454
P01,6,8.25,8.5,8.375,16.78266212024696,10.34,6134,5577,557,0.9091946527551353,0.09080534724486466,0.7900000000000001,0.9900000000000002,1.0758191297520403,4369.0,4112.0,4.388888888888888,5.86748998975417,0.5151515151515151
P01,6,8.5,8.75,8.625,16.78266212024696,10.34,5565,4776,789,0.8582210242587601,0.14177897574123988,0.7500000000000001,0.9400000000000002,1.656234047027984,5140.0,4626.0,4.166666666666666,9.03305808836711,0.6060606060606061
P01,6,8.75,9.0,8.875,16.78266212024696,10.34,7187,6789,398,0.9446222345902323,0.05537776540976769,1.0100000000000002,1.2800000000000002,1.3434265144075241,4883.0,4626.0,5.611111111111111,7.327013814183885,0.5757575757575758
P01,6,9.0,9.25,9.125,16.78266212024696,10.34,8582,5416,3166,0.6310883243999068,0.3689116756000932,1.0600000000000003,1.9000000000000004,0.9251224947969924,4883.0,3341.0,5.888888888888888,5.045594400955541,0.5757575757575758
P01,6,9.25,9.5,9.375,16.78266212024696,10.34,8555,6075,2480,0.7101110461718293,0.2898889538281707,1.1100000000000003,1.8500000000000003,1.2756913337056326,4369.0,3598.0,6.166666666666667,6.957587872841736,0.5151515151515151
P01,6,9.5,9.75,9.625,16.78266212024696,10.34,8786,6562,2224,0.7468700204871386,0.2531299795128614,1.2300000000000002,2.0000000000000004,1.931027186989829,4112.0,3341.0,6.833333333333333,10.53177283826272,0.48484848484848486
P01,6,9.75,10.0,9.875,16.78266212024696,10.34,12321,5948,6373,0.48275302329356384,0.5172469767064362,1.2500000000000002,2.5600000000000005,2.106158086818591,4112.0,2570.0,6.944444444444444,11.486932282098547,0.48484848484848486
P01,6,10.0,10.25,10.125,16.78266212024696,10.34,9973,4501,5472,0.4513185601123032,0.5486814398876968,0.9200000000000002,2.3800000000000003,2.2425906894035035,4626.0,3084.0,5.111111111111111,12.231032203548716,0.5454545454545454
P01,6,10.25,10.5,10.375,16.78266212024696,10.34,10872,4383,6489,0.4031456953642384,0.5968543046357616,0.8700000000000002,1.8500000000000003,1.4706687547420798,4626.0,3084.0,4.833333333333333,8.020989735219029,0.5454545454545454
P01,6,10.5,10.75,10.625,16.78266212024696,10.34,6997,3901,3096,0.5575246534228955,0.4424753465771045,0.8000000000000002,2.0800000000000005,1.1836456393786623,4626.0,3084.0,4.444444444444444,6.455573012604077,0.5454545454545454
P01,6,10.75,11.0,10.875,16.78266212024696,10.34,9741,4009,5732,0.411559388153167,0.588440611846833,0.6600000000000001,2.2000000000000006,1.238078429179116,5140.0,2827.0,3.6666666666666665,6.75244805454739,0.6060606060606061
P01,6,11.0,11.25,11.125,16.78266212024696,10.34,12018,1013,11005,0.08429023131968713,0.9157097686803128,0.4800000000000001,3.6000000000000005,0.9552442030795533,4112.0,2570.0,2.6666666666666665,5.209877426730475,0.48484848484848486
P01,6,11.25,11.5,11.375,16.78266212024696,10.34,15339,504,14835,0.03285742225699198,0.967142577743008,0.4100000000000001,4.450000000000001,0.7457934941411325,5397.0,2570.0,2.2777777777777777,4.067538622691591,0.6363636363636364
P01,6,11.5,11.75,11.625,16.78266212024696,10.34,18089,1980,16109,0.1094587871081873,0.8905412128918127,0.6300000000000001,5.050000000000001,1.0508220314284946,4112.0,2570.0,3.4999999999999996,5.731156455491668,0.48484848484848486
P01,6,11.75,12.0,11.875,16.78266212024696,10.34,15050,1778,13272,0.11813953488372093,0.881860465116279,0.7700000000000001,4.590000000000001,1.6610249827833332,4112.0,2827.0,4.277777777777778,9.05918772931572,0.48484848484848486
P01,6,12.0,12.25,12.125,16.78266212024696,10.34,11699,1083,10616,0.0925720147021113,0.9074279852978887,0.6300000000000001,4.48,1.324653606894452,4112.0,2570.0,3.4999999999999996,7.22462685724539,0.48484848484848486
P01,6,12.25,12.5,12.375,16.78266212024696,10.34,14678,263,14415,0.017917972475814142,0.9820820275241858,0.26000000000000006,5.330000000000001,1.5357298828522006,3341.0,2570.0,1.4444444444444444,8.375831462188723,0.3939393939393939
P01,6,12.5,12.75,12.625,16.78266212024696,10.34,22588,294,22294,0.013015760580839383,0.9869842394191606,0.22000000000000003,6.690000000000001,1.7996678482726773,2827.0,2827.0,1.222222222222222,9.815342368057882,0.3333333333333333
P01,6,12.75,13.0,12.875,16.78266212024696,10.34,25693,297,25396,0.011559568754135368,0.9884404312458647,0.20000000000000004,7.880000000000002,1.3407350946646908,2570.0,2827.0,1.111111111111111,7.312334879814181,0.30303030303030304
P01,6,13.0,13.25,13.125,16.78266212024696,10.34,20431,161,20270,0.007880182076256669,0.9921198179237434,0.13000000000000003,7.730000000000001,1.6992121702387926,2570.0,2570.0,0.7222222222222222,9.267459672001307,0.30303030303030304
P01,6,13.25,13.5,13.375,16.78266212024696,10.34,15143,4,15139,0.0002641484514297035,0.9997358515485703,0.020000000000000004,6.330000000000001,0.553498180212418,9637.5,2827.0,0.1111111111111111,3.0187649038105917,1.1363636363636365
P01,6,13.5,13.75,13.625,16.78266212024696,10.34,8722,9,8713,0.0010318734235267141,0.9989681265764733,0.020000000000000004,5.810000000000001,0.03759230113626823,1799.0,2827.0,0.1111111111111111,0.205027447931435,0.21212121212121213
P01,6,13.75,14.0,13.875,16.78266212024696,10.34,9078,0,9078,0.0,1.0,0.0,5.210000000000001,,,2570.0,0.0,,
P01,6,14.0,14.25,14.125,16.78266212024696,10.34,7171,0,7171,0.0,1.0,0.0,5.090000000000001,,,2313.0,0.0,,
P01,6,14.25,14.5,14.375,16.78266212024696,10.34,7139,0,7139,0.0,1.0,0.0,5.590000000000001,,,2827.0,0.0,,
P01,6,14.5,14.75,14.625,16.78266212024696,10.34,7169,0,7169,0.0,1.0,0.0,5.590000000000001,,,2827.0,0.0,,
P01,6,14.75,15.0,14.875,16.78266212024696,10.34,9390,0,9390,0.0,1.0,0.0,5.9300000000000015,,,2827.0,0.0,,
P01,6,15.0,15.25,15.125,16.78266212024696,10.34,6821,1,6820,0.00014660606949127694,0.9998533939305088,0.010000000000000002,4.790000000000001,,257.0,3084.0,0.05555555555555555,,0.030303030303030304
P01,6,15.25,15.5,15.375,16.78266212024696,10.34,6484,3,6481,0.0004626773596545342,0.9995373226403454,0.010000000000000002,5.220000000000001,0.01619999999529682,2313.0,3341.0,0.05555555555555555,0.08835438521002134,0.2727272727272727
P01,6,15.5,15.75,15.625,16.78266212024696,10.34,5732,26,5706,0.0045359385903698535,0.9954640614096302,0.030000000000000006,5.450000000000001,0.04838630282059571,3212.5,3341.0,0.16666666666666666,0.26389765676177857,0.3787878787878788
P01,6,15.75,16.0,15.875,16.78266212024696,10.34,3660,0,3660,0.0,1.0,0.0,4.530000000000001,,,3598.0,0.0,,
P01,6,16.0,16.25,16.125,16.78266212024696,10.34,2383,1,2382,0.000419639110365086,0.9995803608896349,0.010000000000000002,3.8500000000000005,,5911.0,3084.0,0.05555555555555555,,0.696969696969697
P01,6,16.25,16.5,16.375,16.78266212024696,10.34,1979,0,1979,0.0,1.0,0.0,3.2300000000000004,,,3084.0,0.0,,
P01,6,16.5,16.75,16.625,16.78266212024696,10.34,1437,0,1437,0.0,1.0,0.0,2.9100000000000006,,,3084.0,0.0,,
P01,6,16.75,17.0,16.875,16.78266212024696,10.34,2714,0,2714,0.0,1.0,0.0,4.160000000000001,,,3084.0,0.0,,
P01,7,0.0,0.25,0.125,17.144756060589856,10.66,1061,1061,0,1.0,0.0,0.3500000000000001,0.3500000000000001,0.23963513934314679,7453.0,7453.0,1.4000000000000001,1.326199790822961,0.9354838709677419
P01,7,0.25,0.5,0.375,17.144756060589856,10.66,1606,1606,0,1.0,0.0,0.26000000000000006,0.26000000000000006,0.19187230566711377,7967.0,7967.0,1.04,1.0618685236978904,1.0
P01,7,0.5,0.75,0.625,17.144756060589856,10.66,2078,2078,0,1.0,0.0,0.23000000000000004,0.23000000000000004,0.1732783574102864,7967.0,7967.0,0.9199999999999999,0.9589650415275798,1.0
P01,7,0.75,1.0,0.875,17.144756060589856,10.66,2422,2310,112,0.953757225433526,0.046242774566473965,0.25000000000000006,0.29000000000000004,0.18069309089126262,7967.0,7710.0,1.0,1.0,1.0
P01,7,1.0,1.25,1.125,17.144756060589856,10.66,2400,2393,7,0.9970833333333333,0.0029166666666666785,0.19000000000000003,0.20000000000000004,0.17127226598181344,8224.0,8224.0,0.7599999999999999,0.9478628382359211,1.032258064516129
P01,7,1.25,1.5,1.375,17.144756060589856,10.66,2426,2426,0,1.0,0.0,0.18000000000000005,0.18000000000000005,0.17651487023411214,7967.0,7967.0,0.7200000000000001,0.9768766993992878,1.0
P01,7,1.5,1.75,1.625,17.144756060589856,10.66,2554,2554,0,1.0,0.0,0.20000000000000004,0.20000000000000004,0.18406465763056107,8481.0,8481.0,0.7999999999999999,1.0186590794516177,1.064516129032258
P01,7,1.75,2.0,1.875,17.144756060589856,10.66,2633,2633,0,1.0,0.0,0.19000000000000003,0.19000000000000003,0.18630083159642058,7967.0,7967.0,0.7599999999999999,1.0310346160857504,1.0
P01,7,2.0,2.25,2.125,17.144756060589856,10.66,2573,2573,0,1.0,0.0,0.17000000000000004,0.17000000000000004,0.17011700988757544,7967.0,7967.0,0.68,0.9414693669164603,1.0
P01,7,2.25,2.5,2.375,17.144756060589856,10.66,2862,2862,0,1.0,0.0,0.20000000000000004,0.20000000000000004,0.16954527406092298,7967.0,7967.0,0.7999999999999999,0.9383052402537728,1.0
P01,7,2.5,2.75,2.625,17.144756060589856,10.66,2650,2650,0,1.0,0.0,0.16000000000000003,0.16000000000000003,0.16092575391438074,7967.0,7967.0,0.64,0.8906026960998887,1.0
P01,7,2.75,3.0,2.875,17.144756060589856,10.66,3126,3126,0,1.0,0.0,0.23000000000000004,0.23000000000000004,0.17258621028484866,7710.0,7710.0,0.9199999999999999,0.955134529126559,0.967741935483871
P01,7,3.0,3.25,3.125,17.144756060589856,10.66,2891,2891,0,1.0,0.0,0.20000000000000004,0.20000000000000004,0.1577497941887896,8224.0,8224.0,0.7999999999999999,0.8730261539646813,1.032258064516129
P01,7,3.25,3.5,3.375,17.144756060589856,10.66,2886,2886,0,1.0,0.0,0.20000000000000004,0.20000000000000004,0.1527751345045819,7967.0,7967.0,0.7999999999999999,0.8454951639325204,1.0
P01,7,3.5,3.75,3.625,17.144756060589856,10.66,2967,2967,0,1.0,0.0,0.18000000000000005,0.18000000000000005,0.15479664095602455,8481.0,8481.0,0.7200000000000001,0.8566826777520673,1.064516129032258
P01,7,3.75,4.0,3.875,17.144756060589856,10.66,4349,4349,0,1.0,0.0,0.4000000000000001,0.4000000000000001,0.7043029685072928,6168.0,6168.0,1.5999999999999999,3.8977858258627487,0.7741935483870968
P01,7,4.0,4.25,4.125,17.144756060589856,10.66,3071,3071,0,1.0,0.0,0.21000000000000005,0.21000000000000005,0.1445164340053312,7967.0,7967.0,0.84,0.7997894844374444,1.0
P01,7,4.25,4.5,4.375,17.144756060589856,10.66,3949,3949,0,1.0,0.0,0.30000000000000004,0.30000000000000004,0.32837112925318845,6939.0,6939.0,1.2,1.8172865804304352,0.8709677419354839
P01,7,4.5,4.75,4.625,17.144756060589856,10.66,3663,3663,0,1.0,0.0,0.33000000000000007,0.33000000000000007,0.6172505673187392,6939.0,6939.0,1.32,3.4160164302584644,0.8709677419354839
P01,7,4.75,5.0,4.875,17.144756060589856,10.66,3523,3523,0,1.0,0.0,0.21000000000000005,0.21000000000000005,0.15913452362598682,7196.0,7196.0,0.84,0.8806895871948457,0.9032258064516129
P01,7,5.0,5.25,5.125,17.144756060589856,10.66,3297,3297,0,1.0,0.0,0.26000000000000006,0.26000000000000006,0.3218742144304351,7196.0,7196.0,1.04,1.7813310561173166,0.9032258064516129
P01,7,5.25,5.5,5.375,17.144756060589856,10.66,4635,3907,728,0.8429341963322546,0.15706580366774536,0.28,0.39000000000000007,0.21068789709178568,6939.0,6168.0,1.1199999999999999,1.1659986336642685,0.8709677419354839
P01,7,5.5,5.75,5.625,17.144756060589856,10.66,3705,3605,100,0.9730094466936572,0.026990553306342813,0.32000000000000006,0.4300000000000001,0.26444393261025273,6939.0,6682.0,1.28,1.4634977535991658,0.8709677419354839
P01,7,5.75,6.0,5.875,17.144756060589856,10.66,3236,3206,30,0.9907292954264524,0.009270704573547617,0.25000000000000006,0.2700000000000001,0.275970759256699,6939.0,6939.0,1.0,1.5272900468716455,0.8709677419354839
P01,7,6.0,6.25,6.125,17.144756060589856,10.66,2899,2899,0,1.0,0.0,0.19000000000000003,0.19000000000000003,0.16066953031957942,7453.0,7453.0,0.7599999999999999,0.8891846917172226,0.9354838709677419
P01,7,6.25,6.5,6.375,17.144756060589856,10.66,3104,3100,4,0.9987113402061856,0.0012886597938144284,0.19000000000000003,0.22000000000000003,0.17027917163750883,6939.0,6939.0,0.7599999999999999,0.9423668099184784,0.8709677419354839
P01,7,6.5,6.75,6.625,17.144756060589856,10.66,3050,2851,199,0.9347540983606557,0.0652459016393443,0.17000000000000004,0.25000000000000006,0.15147607045139624,7710.0,7453.0,0.68,0.8383058240038155,0.967741935483871
P01,7,6.75,7.0,6.875,17.144756060589856,10.66,3741,3069,672,0.8203688853247795,0.17963111467522053,0.2700000000000001,0.38000000000000006,0.1837340399355517,7196.0,6682.0,1.08,1.01682935982383,0.9032258064516129
P01,7,7.0,7.25,7.125,17.144756060589856,10.66,3823,3145,678,0.8226523672508501,0.17734763274914989,0.28,0.5000000000000001,0.2320454361235307,6682.0,5654.0,1.1199999999999999,1.2841965067893542,0.8387096774193549
P01,7,7.25,7.5,7.375,17.144756060589856,10.66,4514,2811,1703,0.6227292866637129,0.37727071333628714,0.20000000000000004,0.6300000000000001,0.16540101624654432,7196.0,4626.0,0.7999999999999999,0.9153698983769072,0.9032258064516129
P01,7,7.5,7.75,7.625,17.144756060589856,10.66,5646,3044,2602,0.5391427559334042,0.4608572440665958,0.32000000000000006,0.9800000000000002,0.4371675700927267,7196.0,4369.0,1.28,2.419392838632691,0.9032258064516129
P01,7,7.75,8.0,7.875,17.144756060589856,10.66,4610,3281,1329,0.7117136659436009,0.28828633405639914,0.4100000000000001,0.7300000000000001,0.31894356907923144,6682.0,5140.0,1.64,1.7651121440562723,0.8387096774193549
P01,7,8.0,8.25,8.125,17.144756060589856,10.66,4325,3308,1017,0.7648554913294797,0.23514450867052028,0.39000000000000007,0.6400000000000001,0.4145025711990722,6168.0,4883.0,1.5599999999999998,2.2939591611087735,0.7741935483870968
P01,7,8.25,8.5,8.375,17.144756060589856,10.66,4339,2680,1659,0.6176538372896981,0.38234616271030186,0.3500000000000001,0.8100000000000002,0.34649040116287877,6682.0,4883.0,1.4000000000000001,1.9175630869660067,0.8387096774193549
P01,7,8.5,8.75,8.625,17.144756060589856,10.66,7806,3522,4284,0.4511913912375096,0.5488086087624904,0.4800000000000001,1.5100000000000002,0.9305756011929233,6168.0,3341.0,1.92,5.150034218812077,0.7741935483870968
P01,7,8.75,9.0,8.875,17.144756060589856,10.66,4818,3407,1411,0.7071398920713989,0.29286010792860107,0.4200000000000001,0.9100000000000001,0.7945233763789851,6168.0,4626.0,1.68,4.397087749509542,0.7741935483870968
P01,7,9.0,9.25,9.125,17.144756060589856,10.66,3403,2495,908,0.7331766088745225,0.2668233911254775,0.26000000000000006,0.56,0.23041902695072417,6682.0,5397.0,1.04,1.2751955584698342,0.8387096774193549
P01,7,9.25,9.5,9.375,17.144756060589856,10.66,3984,2671,1313,0.6704317269076305,0.32956827309236947,0.37000000000000005,0.8400000000000002,0.30758651099439693,6425.0,4626.0,1.48,1.7022593917522622,0.8064516129032258
P01,7,9.5,9.75,9.625,17.144756060589856,10.66,3878,2322,1556,0.5987622485817432,0.4012377514182568,0.26000000000000006,0.8400000000000002,0.34690703990458754,6939.0,4626.0,1.04,1.9198688682200309,0.8709677419354839
P01,7,9.75,10.0,9.875,17.144756060589856,10.66,3739,2402,1337,0.6424177587590265,0.3575822412409735,0.25000000000000006,0.7800000000000001,0.27213865078959004,6425.0,4626.0,1.0,1.5060822162445462,0.8064516129032258
P01,7,10.0,10.25,10.125,17.144756060589856,10.66,3109,1961,1148,0.6307494371180444,0.36925056288195557,0.3400000000000001,0.9500000000000002,0.38525835508644185,6939.0,4626.0,1.36,2.13211447757171,0.8709677419354839
P01,7,10.25,10.5,10.375,17.144756060589856,10.66,6785,3518,3267,0.5184966838614591,0.4815033161385409,0.7200000000000002,1.8800000000000003,1.4641807093771202,4883.0,3341.0,2.8800000000000003,8.10313610860879,0.6129032258064516
P01,7,10.5,10.75,10.625,17.144756060589856,10.66,5996,2382,3614,0.3972648432288192,0.6027351567711807,0.5300000000000001,2.0200000000000005,1.5904964920229376,6168.0,3084.0,2.12,8.802198712622973,0.7741935483870968
P01,7,10.75,11.0,10.875,17.144756060589856,10.66,8771,146,8625,0.01664576445103181,0.9833542355489682,0.09000000000000002,2.2200000000000006,0.1822950789812096,6939.0,2827.0,0.36000000000000004,1.0088657960414824,0.8709677419354839
P01,7,11.0,11.25,11.125,17.144756060589856,10.66,8866,0,8866,0.0,1.0,0.0,2.3200000000000003,,,2827.0,0.0,,
P01,7,11.25,11.5,11.375,17.144756060589856,10.66,6292,0,6292,0.0,1.0,0.0,2.0400000000000005,,,3084.0,0.0,,
P01,7,11.5,11.75,11.625,17.144756060589856,10.66,7205,0,7205,0.0,1.0,0.0,2.3100000000000005,,,2313.0,0.0,,
P01,7,11.75,12.0,11.875,17.144756060589856,10.66,11532,1,11531,8.671522719389525e-05,0.999913284772806,0.010000000000000002,3.3300000000000005,,514.0,2313.0,0.04,,0.06451612903225806
P01,7,12.0,12.25,12.125,17.144756060589856,10.66,19835,10,19825,0.0005041593143433325,0.9994958406856567,0.04000000000000001,4.950000000000001,1.4802084205786277,6810.5,2313.0,0.16,8.191837403840674,0.8548387096774194
P01,7,12.25,12.5,12.375,17.144756060589856,10.66,29124,2,29122,6.867188572998215e-05,0.99993132811427,0.020000000000000004,6.260000000000002,0.07468768282710764,514.0,2570.0,0.08,0.4133400035314751,0.06451612903225806
P01,7,12.5,12.75,12.625,17.144756060589856,10.66,28496,2,28494,7.018528916339136e-05,0.9999298147108366,0.020000000000000004,8.620000000000001,0.324005015237446,3341.0,2570.0,0.08,1.7931234317776188,0.41935483870967744
P01,7,12.75,13.0,12.875,17.144756060589856,10.66,39813,66,39747,0.0016577499811619321,0.998342250018838,0.07,10.390000000000002,1.6933071870057774,3598.0,2827.0,0.27999999999999997,9.371178381273996,0.45161290322580644
P01,7,13.0,13.25,13.125,17.144756060589856,10.66,41327,113,41214,0.0027342899315217655,0.9972657100684782,0.07,10.950000000000003,0.09087347464163387,3084.0,3084.0,0.27999999999999997,0.5029161557500815,0.3870967741935484
P01,7,13.25,13.5,13.375,17.144756060589856,10.66,23948,195,23753,0.008142642391849007,0.991857357608151,0.12000000000000002,9.610000000000001,1.5059039191642962,2313.0,3084.0,0.48,8.334042611903286,0.2903225806451613
P01,7,13.5,13.75,13.625,17.144756060589856,10.66,20670,76,20594,0.003676826318335752,0.9963231736816642,0.15000000000000002,8.470000000000002,1.216077103347896,2570.0,3084.0,0.6,6.730069740628358,0.3225806451612903
P01,7,13.75,14.0,13.875,17.144756060589856,10.66,15194,0,15194,0.0,1.0,0.0,7.730000000000001,,,2570.0,0.0,,
P01,7,14.0,14.25,14.125,17.144756060589856,10.66,11765,0,11765,0.0,1.0,0.0,7.580000000000002,,,2313.0,0.0,,
P01,7,14.25,14.5,14.375,17.144756060589856,10.66,14707,1,14706,6.799483239273815e-05,0.9999320051676073,0.010000000000000002,8.220000000000002,,771.0,2827.0,0.04,,0.0967741935483871
P01,7,14.5,14.75,14.625,17.144756060589856,10.66,20862,5,20857,0.0002396702137858307,0.9997603297862142,0.010000000000000002,8.950000000000001,0.03013105012463053,2570.0,3341.0,0.04,0.16675264104460294,0.3225806451612903
P01,7,14.75,15.0,14.875,17.144756060589856,10.66,19718,0,19718,0.0,1.0,0.0,10.190000000000001,,,3341.0,0.0,,
P01,7,15.0,15.25,15.125,17.144756060589856,10.66,13886,0,13886,0.0,1.0,0.0,9.030000000000001,,,3341.0,0.0,,
P01,7,15.25,15.5,15.375,17.144756060589856,10.66,8320,0,8320,0.0,1.0,0.0,7.910000000000002,,,3341.0,0.0,,
P01,7,15.5,15.75,15.625,17.144756060589856,10.66,5975,0,5975,0.0,1.0,0.0,5.920000000000001,,,3598.0,0.0,,
P01,7,15.75,16.0,15.875,17.144756060589856,10.66,4391,0,4391,0.0,1.0,0.0,5.190000000000001,,,3598.0,0.0,,
P01,7,16.0,16.25,16.125,17.144756060589856,10.66,4887,0,4887,0.0,1.0,0.0,4.690000000000001,,,3855.0,0.0,,
P01,7,16.25,16.5,16.375,17.144756060589856,10.66,4039,0,4039,0.0,1.0,0.0,4.48,,,3598.0,0.0,,
P01,7,16.5,16.75,16.625,17.144756060589856,10.66,1970,0,1970,0.0,1.0,0.0,3.3200000000000007,,,3212.5,0.0,,
P01,7,16.75,17.0,16.875,17.144756060589856,10.66,1254,0,1254,0.0,1.0,0.0,2.1600000000000006,,,3855.0,0.0,,
P01,7,17.0,17.25,17.125,17.144756060589856,10.66,3220,0,3220,0.0,1.0,0.0,2.0500000000000003,,,4626.0,0.0,,
P01,10,0.0,0.25,0.125,18.177478937200558,9.39,2811,2801,10,0.9964425471362505,0.003557452863749533,0.38000000000000006,0.39000000000000007,0.3243038695513133,8224.0,8224.0,1.3571428571428572,1.2053287177035799,0.9411764705882353
P01,10,0.25,0.5,0.375,18.177478937200558,9.39,3408,3407,1,0.999706572769953,0.0002934272300469942,0.28,0.29000000000000004,0.2840401357904062,9252.0,9252.0,1.0,1.05568192301335,1.0588235294117647
P01,10,0.5,0.75,0.625,18.177478937200558,9.39,3488,3488,0,1.0,0.0,0.26000000000000006,0.26000000000000006,0.26905844421361214,8738.0,8738.0,0.9285714285714287,1.0,1.0
P01,10,0.75,1.0,0.875,18.177478937200558,9.39,3436,3436,0,1.0,0.0,0.32000000000000006,0.32000000000000006,0.253594160108631,8738.0,8738.0,1.142857142857143,0.9425244424118365,1.0
P01,10,1.0,1.25,1.125,18.177478937200558,9.39,3483,3483,0,1.0,0.0,0.2700000000000001,0.2700000000000001,0.2605413564014052,8224.0,8224.0,0.9642857142857144,0.9683448410730978,0.9411764705882353
P01,10,1.25,1.5,1.375,18.177478937200558,9.39,3735,3735,0,1.0,0.0,0.28,0.28,0.24941150691024597,8224.0,8224.0,1.0,0.9269789232566588,0.9411764705882353
P01,10,1.5,1.75,1.625,18.177478937200558,9.39,3587,3587,0,1.0,0.0,0.25000000000000006,0.25000000000000006,0.24158021281209943,7967.0,7967.0,0.892857142857143,0.8978726295626052,0.9117647058823529
P01,10,1.75,2.0,1.875,18.177478937200558,9.39,3580,3580,0,1.0,0.0,0.26000000000000006,0.26000000000000006,0.2532157173147026,8481.0,8481.0,0.9285714285714287,0.9411178974694003,0.9705882352941176
P01,10,2.0,2.25,2.125,18.177478937200558,9.39,3672,3672,0,1.0,0.0,0.25000000000000006,0.25000000000000006,0.24214004096141145,7967.0,7967.0,0.892857142857143,0.8999533230377653,0.9117647058823529
P01,10,2.25,2.5,2.375,18.177478937200558,9.39,3652,3652,0,1.0,0.0,0.23000000000000004,0.23000000000000004,0.2324800975628465,8224.0,8224.0,0.8214285714285715,0.8640505531886403,0.9411764705882353
P01,10,2.5,2.75,2.625,18.177478937200558,9.39,3554,3554,0,1.0,0.0,0.25000000000000006,0.25000000000000006,0.2317603954840948,8224.0,8224.0,0.892857142857143,0.8613756619364621,0.9411764705882353
P01,10,2.75,3.0,2.875,18.177478937200558,9.39,3573,3573,0,1.0,0.0,0.26000000000000006,0.26000000000000006,0.23369294324937684,7967.0,7967.0,0.9285714285714287,0.8685582938398404,0.9117647058823529
P01,10,3.0,3.25,3.125,18.177478937200558,9.39,3815,3815,0,1.0,0.0,0.24000000000000005,0.24000000000000005,0.2216197184005281,8481.0,8481.0,0.8571428571428572,0.8236861662092223,0.9705882352941176
P01,10,3.25,3.5,3.375,18.177478937200558,9.39,3805,3805,0,1.0,0.0,0.2700000000000001,0.2700000000000001,0.22588359823157836,7967.0,7967.0,0.9642857142857144,0.8395335775161318,0.9117647058823529
P01,10,3.5,3.75,3.625,18.177478937200558,9.39,3763,3720,43,0.9885729471166622,0.011427052883337785,0.25000000000000006,0.28,0.2215947876183005,7967.0,7967.0,0.892857142857143,0.8235935068529978,0.9117647058823529
P01,10,3.75,4.0,3.875,18.177478937200558,9.39,4443,4331,112,0.9747918073373847,0.025208192662615314,0.3400000000000001,0.37000000000000005,0.2769016071314865,7196.0,7196.0,1.2142857142857144,1.029150406116403,0.8235294117647058
P01,10,4.0,4.25,4.125,18.177478937200558,9.39,4477,4447,30,0.9932990842081751,0.006700915791824857,0.33000000000000007,0.33000000000000007,0.2941480763489801,7453.0,7453.0,1.1785714285714286,1.0932497480564063,0.8529411764705882
P01,10,4.25,4.5,4.375,18.177478937200558,9.39,4660,4348,312,0.9330472103004291,0.06695278969957086,0.28,0.38000000000000006,0.2970837168617396,7710.0,7196.0,1.0,1.1041605392837162,0.8823529411764706
P01,10,4.5,4.75,4.625,18.177478937200558,9.39,5768,4309,1459,0.7470527045769764,0.25294729542302363,0.25000000000000006,0.5800000000000001,0.2456416064824943,7967.0,6168.0,0.892857142857143,0.9129674677204086,0.9117647058823529
P01,10,4.75,5.0,4.875,18.177478937200558,9.39,5420,4127,1293,0.7614391143911439,0.23856088560885613,0.2700000000000001,0.5800000000000001,0.23617725392348413,7967.0,6168.0,0.9642857142857144,0.8777916434244196,0.9117647058823529
P01,10,5.0,5.25,5.125,18.177478937200558,9.39,5631,3949,1682,0.7012963949564909,0.2987036050435091,0.24000000000000005,0.4300000000000001,0.2459239713301751,7710.0,5654.0,0.8571428571428572,0.9140169231593787,0.8823529411764706
P01,10,5.25,5.5,5.375,18.177478937200558,9.39,4684,4023,661,0.8588812980358668,0.14111870196413323,0.26000000000000006,0.4600000000000001,0.23340222200979105,7967.0,7196.0,0.9285714285714287,0.8674777804947362,0.9117647058823529
P01,10,5.5,5.75,5.625,18.177478937200558,9.39,6027,4564,1463,0.7572590011614402,0.24274099883855982,0.3600000000000001,0.5500000000000002,0.41234378842580216,6939.0,5397.0,1.285714285714286,1.5325435692270348,0.7941176470588235
P01,10,5.75,6.0,5.875,18.177478937200558,9.39,3944,3940,4,0.9989858012170385,0.0010141987829614951,0.28,0.31000000000000005,0.3423358710970482,7453.0,7453.0,1.0,1.2723476198548866,0.8529411764705882
P01,10,6.0,6.25,6.125,18.177478937200558,9.39,4211,4192,19,0.9954880075991451,0.0045119924008548695,0.28,0.29000000000000004,0.2674054971439136,7196.0,7196.0,1.0,0.9938565501092906,0.8235294117647058
P01,10,6.25,6.5,6.375,18.177478937200558,9.39,3992,3891,101,0.9746993987975952,0.02530060120240485,0.23000000000000004,0.2700000000000001,0.23738154865331756,7710.0,7710.0,0.8214285714285715,0.8822676030374074,0.8823529411764706
P01,10,6.5,6.75,6.625,18.177478937200558,9.39,3592,3592,0,1.0,0.0,0.22000000000000003,0.22000000000000003,0.2078320159421653,7710.0,7710.0,0.7857142857142857,0.7724419003075864,0.8823529411764706
P01,10,6.75,7.0,6.875,18.177478937200558,9.39,3827,3558,269,0.9297099555787823,0.07029004442121767,0.28,0.39000000000000007,0.2636353420245895,6939.0,6425.0,1.0,0.9798441479698845,0.7941176470588235
P01,10,7.0,7.25,7.125,18.177478937200558,9.39,5346,3518,1828,0.658062102506547,0.34193789749345305,0.29000000000000004,0.8800000000000001,0.23631788238672047,7196.0,4883.0,1.0357142857142858,0.8783143122581274,0.8235294117647058
P01,10,7.25,7.5,7.375,18.177478937200558,9.39,5437,3622,1815,0.6661762001103549,0.33382379988964506,0.31000000000000005,0.8400000000000002,0.3255238293164146,7196.0,5140.0,1.1071428571428572,1.2098628989989,0.8235294117647058
P01,10,7.5,7.75,7.625,18.177478937200558,9.39,4117,3052,1065,0.741316492591693,0.25868350740830703,0.33000000000000007,0.6900000000000002,0.27685192391466157,6939.0,5654.0,1.1785714285714286,1.0289657502622813,0.7941176470588235
P01,10,7.75,8.0,7.875,18.177478937200558,9.39,5001,2929,2072,0.5856828634273146,0.41431713657268543,0.2700000000000001,1.0400000000000003,0.213302582263847,7196.0,4883.0,0.9642857142857144,0.7927741606002182,0.8235294117647058
P01,10,8.0,8.25,8.125,18.177478937200558,9.39,6514,3506,3008,0.5382253607614369,0.4617746392385631,0.4200000000000001,1.1400000000000001,0.40369666634893575,6939.0,4369.0,1.5000000000000002,1.50040511654944,0.7941176470588235
P01,10,8.25,8.5,8.375,18.177478937200558,9.39,4322,2851,1471,0.6596483109671448,0.3403516890328552,0.25000000000000006,0.7200000000000002,0.2150930004568637,7196.0,5140.0,0.892857142857143,0.7994285445510718,0.8235294117647058
P01,10,8.5,8.75,8.625,18.177478937200558,9.39,7719,3175,4544,0.4113227101956212,0.5886772898043788,0.3600000000000001,1.4800000000000002,0.28255367724598296,6939.0,3598.0,1.285714285714286,1.0501572551339686,0.7941176470588235
P01,10,8.75,9.0,8.875,18.177478937200558,9.39,8657,2995,5662,0.3459628046667437,0.6540371953332563,0.29000000000000004,1.7400000000000004,0.21700230432155954,7196.0,3084.0,1.0357142857142858,0.8065247866715384,0.8235294117647058
P01,10,9.0,9.25,9.125,18.177478937200558,9.39,8201,3060,5141,0.3731252286306548,0.6268747713693452,0.30000000000000004,1.9200000000000004,0.27960827042882164,6682.0,3598.0,1.0714285714285714,1.0392101658286321,0.7647058823529411
P01,10,9.25,9.5,9.375,18.177478937200558,9.39,12957,2451,10506,0.18916415836999306,0.810835841630007,0.23000000000000004,3.1100000000000008,0.22372522656585458,7196.0,2827.0,0.8214285714285715,0.8315116339119006,0.8235294117647058
P01,10,9.5,9.75,9.625,18.177478937200558,9.39,15427,828,14599,0.05367213327283334,0.9463278667271666,0.19000000000000003,4.0600000000000005,0.20178752318816232,7196.0,2313.0,0.6785714285714286,0.749976547950148,0.8235294117647058
P01,10,9.75,10.0,9.875,18.177478937200558,9.39,13719,121,13598,0.008819884831255922,0.991180115168744,0.08000000000000002,4.220000000000001,0.6592070992521463,5397.0,2313.0,0.28571428571428575,2.450051702256873,0.6176470588235294
P01,10,10.0,10.25,10.125,18.177478937200558,9.39,11545,303,11242,0.02624512776093547,0.9737548722390645,0.12000000000000002,3.9700000000000006,0.13458380960350544,7710.0,2570.0,0.4285714285714286,0.5002028834176118,0.8823529411764706
P01,10,10.25,10.5,10.375,18.177478937200558,9.39,15153,153,15000,0.01009701049297169,0.9899029895070283,0.12000000000000002,4.750000000000001,0.2515682971963128,7710.0,2570.0,0.4285714285714286,0.93499498940307,0.8823529411764706
P01,10,10.5,10.75,10.625,18.177478937200558,9.39,19755,318,19437,0.01609719058466211,0.9839028094153379,0.13000000000000003,5.490000000000001,0.1467807955099225,7710.0,2313.0,0.46428571428571436,0.5455349893920802,0.8823529411764706
P01,10,10.75,11.0,10.875,18.177478937200558,9.39,17623,51,17572,0.0028939454122453613,0.9971060545877546,0.06000000000000001,5.620000000000001,0.3137537097961895,6939.0,2313.0,0.2142857142857143,1.1661173122189492,0.7941176470588235
P01,10,11.0,11.25,11.125,18.177478937200558,9.39,17161,4,17157,0.00023308664996212343,0.9997669133500379,0.030000000000000006,5.660000000000001,0.0190276110554363,6168.0,2570.0,0.10714285714285715,0.07071924879016178,0.7058823529411765
P01,10,11.25,11.5,11.375,18.177478937200558,9.39,16621,1,16620,6.0164851693640576e-05,0.9999398351483063,0.010000000000000002,5.610000000000001,,9766.0,2827.0,0.03571428571428572,,1.1176470588235294
P01,10,11.5,11.75,11.625,18.177478937200558,9.39,24872,9,24863,0.0003618526857510454,0.9996381473142489,0.020000000000000004,7.870000000000002,0.1507504341927616,10794.0,2570.0,0.07142857142857144,0.5602888050340361,1.2352941176470589
P01,10,11.75,12.0,11.875,18.177478937200558,9.39,35980,1,35979,2.7793218454697053e-05,0.9999722067815453,0.010000000000000002,9.220000000000002,,1028.0,2570.0,0.03571428571428572,,0.11764705882352941
P01,10,12.0,12.25,12.125,18.177478937200558,9.39,21183,0,21183,0.0,1.0,0.0,8.690000000000001,,,2313.0,0.0,,
P01,10,12.25,12.5,12.375,18.177478937200558,9.39,13356,0,13356,0.0,1.0,0.0,7.040000000000001,,,2313.0,0.0,,
P01,10,12.5,12.75,12.625,18.177478937200558,9.39,12473,1,12472,8.017317405596088e-05,0.999919826825944,0.010000000000000002,6.3900000000000015,,514.0,2827.0,0.03571428571428572,,0.058823529411764705
P01,10,12.75,13.0,12.875,18.177478937200558,9.39,20499,0,20499,0.0,1.0,0.0,9.450000000000001,,,2570.0,0.0,,
P01,10,13.0,13.25,13.125,18.177478937200558,9.39,27961,0,27961,0.0,1.0,0.0,11.220000000000002,,,2570.0,0.0,,
P01,10,13.25,13.5,13.375,18.177478937200558,9.39,23224,0,23224,0.0,1.0,0.0,11.330000000000002,,,2570.0,0.0,,
P01,10,13.5,13.75,13.625,18.177478937200558,9.39,26646,1,26645,3.75290850409067e-05,0.999962470914959,0.010000000000000002,12.870000000000003,,771.0,2570.0,0.03571428571428572,,0.08823529411764706
P01,10,13.75,14.0,13.875,18.177478937200558,9.39,30198,0,30198,0.0,1.0,0.0,13.460000000000003,,,2570.0,0.0,,
P01,10,14.0,14.25,14.125,18.177478937200558,9.39,32124,1,32123,3.112937367700162e-05,0.999968870626323,0.010000000000000002,13.500000000000002,,1799.0,2570.0,0.03571428571428572,,0.20588235294117646
P01,10,14.25,14.5,14.375,18.177478937200558,9.39,17801,0,17801,0.0,1.0,0.0,11.840000000000002,,,2570.0,0.0,,
P01,10,14.5,14.75,14.625,18.177478937200558,9.39,16437,2,16435,0.00012167670499482874,0.9998783232950051,0.010000000000000002,12.350000000000003,0.010000000296276996,10537.0,2827.0,0.03571428571428572,0.03716664728923263,1.2058823529411764
P01,10,14.75,15.0,14.875,18.177478937200558,9.39,20614,0,20614,0.0,1.0,0.0,13.580000000000002,,,2827.0,0.0,,
P01,10,15.0,15.25,15.125,18.177478937200558,9.39,17870,2,17868,0.0001119194180190263,0.999888080581981,0.010000000000000002,12.650000000000002,0.006324555380527252,771.0,2827.0,0.03571428571428572,0.023506251212491332,0.08823529411764706
P01,10,15.25,15.5,15.375,18.177478937200558,9.39,14258,0,14258,0.0,1.0,0.0,11.590000000000002,,,2827.0,0.0,,
P01,10,15.5,15.75,15.625,18.177478937200558,9.39,12381,1,12380,8.0768920119538e-05,0.9999192310798805,0.010000000000000002,11.630000000000003,,4883.0,2570.0,0.03571428571428572,,0.5588235294117647
P01,10,15.75,16.0,15.875,18.177478937200558,9.39,7204,1,7203,0.000138811771238201,0.9998611882287618,0.010000000000000002,10.480000000000002,,771.0,2827.0,0.03571428571428572,,0.08823529411764706
P01,10,16.0,16.25,16.125,18.177478937200558,9.39,7098,0,7098,0.0,1.0,0.0,8.450000000000001,,,2827.0,0.0,,
P01,10,16.25,16.5,16.375,18.177478937200558,9.39,7243,0,7243,0.0,1.0,0.0,8.910000000000002,,,2827.0,0.0,,
P01,10,16.5,16.75,16.625,18.177478937200558,9.39,5913,0,5913,0.0,1.0,0.0,8.970000000000002,,,3084.0,0.0,,
P01,10,16.75,17.0,16.875,18.177478937200558,9.39,5491,0,5491,0.0,1.0,0.0,9.300000000000002,,,3084.0,0.0,,
P01,10,17.0,17.25,17.125,18.177478937200558,9.39,4578,0,4578,0.0,1.0,0.0,7.9700000000000015,,,3341.0,0.0,,
P01,10,17.25,17.5,17.375,18.177478937200558,9.39,3432,0,3432,0.0,1.0,0.0,6.9300000000000015,,,3341.0,0.0,,
P01,10,17.5,17.75,17.625,18.177478937200558,9.39,3132,0,3132,0.0,1.0,0.0,6.280000000000001,,,3341.0,0.0,,
P01,10,17.75,18.0,17.875,18.177478937200558,9.39,1954,0,1954,0.0,1.0,0.0,4.460000000000001,,,3341.0,0.0,,
P01,10,18.0,18.25,18.125,18.177478937200558,9.39,4448,0,4448,0.0,1.0,0.0,7.100000000000001,,,3598.0,0.0,,
P01,12,0.0,0.25,0.125,18.49731018628012,8.66,3260,3260,0,1.0,0.0,0.5000000000000001,0.5000000000000001,0.3975033330950852,9252.0,9252.0,1.5151515151515151,1.318454219470391,0.9473684210526315
P01,12,0.25,0.5,0.375,18.49731018628012,8.66,3029,3029,0,1.0,0.0,0.33000000000000007,0.33000000000000007,0.31483326183591503,10280.0,10280.0,1.0,1.0442509733569851,1.0526315789473684
P01,12,0.5,0.75,0.625,18.49731018628012,8.66,3073,3073,0,1.0,0.0,0.3400000000000001,0.3400000000000001,0.3014919496065309,9766.0,9766.0,1.0303030303030303,1.0,1.0
P01,12,0.75,1.0,0.875,18.49731018628012,8.66,3467,3467,0,1.0,0.0,0.30000000000000004,0.30000000000000004,0.2837311489146228,9766.0,9766.0,0.9090909090909091,0.9410902987124955,1.0
P01,12,1.0,1.25,1.125,18.49731018628012,8.66,3514,3514,0,1.0,0.0,0.31000000000000005,0.31000000000000005,0.27397133939686164,9509.0,9509.0,0.9393939393939393,0.9087185901793209,0.9736842105263158
P01,12,1.25,1.5,1.375,18.49731018628012,8.66,3791,3791,0,1.0,0.0,0.33000000000000007,0.33000000000000007,0.2776733651966012,9766.0,9766.0,1.0,0.9209976105796034,1.0
P01,12,1.5,1.75,1.625,18.49731018628012,8.66,4048,4048,0,1.0,0.0,0.31000000000000005,0.31000000000000005,0.27406121574628994,8995.0,8995.0,0.9393939393939393,0.9090166954837763,0.9210526315789473
P01,12,1.75,2.0,1.875,18.49731018628012,8.66,4076,4076,0,1.0,0.0,0.33000000000000007,0.33000000000000007,0.267917897831846,8481.0,8481.0,1.0,0.8886403042651669,0.868421052631579
P01,12,2.0,2.25,2.125,18.49731018628012,8.66,3918,3918,0,1.0,0.0,0.30000000000000004,0.30000000000000004,0.2424247253743807,9252.0,9252.0,0.9090909090909091,0.8040835773252412,0.9473684210526315
P01,12,2.25,2.5,2.375,18.49731018628012,8.66,3916,3916,0,1.0,0.0,0.28,0.28,0.23633027714213528,9509.0,9509.0,0.8484848484848484,0.7838692789328657,0.9736842105263158
P01,12,2.5,2.75,2.625,18.49731018628012,8.66,4075,4075,0,1.0,0.0,0.26000000000000006,0.26000000000000006,0.22817777987254007,9509.0,9509.0,0.787878787878788,0.7568287649813827,0.9736842105263158
P01,12,2.75,3.0,2.875,18.49731018628012,8.66,4030,4030,0,1.0,0.0,0.29000000000000004,0.29000000000000004,0.23184596049374515,9509.0,9509.0,0.8787878787878787,0.7689955264023504,0.9736842105263158
P01,12,3.0,3.25,3.125,18.49731018628012,8.66,3823,3823,0,1.0,0.0,0.29000000000000004,0.29000000000000004,0.23157504098949708,10023.0,10023.0,0.8787878787878787,0.7680969302554164,1.0263157894736843
P01,12,3.25,3.5,3.375,18.49731018628012,8.66,3999,3998,1,0.9997499374843711,0.0002500625156288683,0.32000000000000006,0.32000000000000006,0.23422030160803073,9252.0,9252.0,0.9696969696969697,0.7768708315883903,0.9473684210526315
P01,12,3.5,3.75,3.625,18.49731018628012,8.66,4469,4328,141,0.9684493175206982,0.03155068247930182,0.37000000000000005,0.44000000000000006,0.25804735232538506,8995.0,8995.0,1.121212121212121,0.8559013023802319,0.9210526315789473
P01,12,3.75,4.0,3.875,18.49731018628012,8.66,4788,4455,333,0.9304511278195489,0.06954887218045114,0.4200000000000001,0.5300000000000001,0.3984336471848043,8738.0,8481.0,1.2727272727272727,1.3215399207335035,0.8947368421052632
P01,12,4.0,4.25,4.125,18.49731018628012,8.66,4346,4132,214,0.9507593189139438,0.04924068108605617,0.3400000000000001,0.4300000000000001,0.22802784899886558,9509.0,9252.0,1.0303030303030303,0.7563314685399017,0.9736842105263158
P01,12,4.25,4.5,4.375,18.49731018628012,8.66,5373,4704,669,0.8754885538805137,0.12451144611948628,0.4300000000000001,0.5800000000000001,0.3380412692680716,8481.0,7710.0,1.303030303030303,1.121228177764747,0.868421052631579
P01,12,4.5,4.75,4.625,18.49731018628012,8.66,5160,4114,1046,0.7972868217054263,0.2027131782945737,0.38000000000000006,0.5700000000000001,0.2771447163593472,8738.0,7453.0,1.1515151515151514,0.9192441679489,0.8947368421052632
P01,12,4.75,5.0,4.875,18.49731018628012,8.66,4814,4166,648,0.8653926049023681,0.13460739509763187,0.3500000000000001,0.6500000000000001,0.25265786142673985,8995.0,7967.0,1.0606060606060606,0.8380252333651922,0.9210526315789473
P01,12,5.0,5.25,5.125,18.49731018628012,8.66,5811,4593,1218,0.7903975219411461,0.2096024780588539,0.3500000000000001,0.6800000000000002,0.26821781022036373,8738.0,7453.0,1.0606060606060606,0.8896350651166892,0.8947368421052632
P01,12,5.25,5.5,5.375,18.49731018628012,8.66,4805,4097,708,0.8526534859521332,0.1473465140478668,0.32000000000000006,0.5200000000000001,0.22477810940075177,9252.0,8481.0,0.9696969696969697,0.7455526082673307,0.9473684210526315
P01,12,5.5,5.75,5.625,18.49731018628012,8.66,5994,4891,1103,0.8159826493159826,0.18401735068401737,0.4600000000000001,0.6900000000000002,0.38687004014919635,8224.0,7196.0,1.3939393939393938,1.28318530778049,0.8421052631578947
P01,12,5.75,6.0,5.875,18.49731018628012,8.66,4965,4296,669,0.8652567975830816,0.1347432024169184,0.4100000000000001,0.56,0.8647604959900388,8738.0,7967.0,1.2424242424242424,2.8682706026433364,0.8947368421052632
P01,12,6.0,6.25,6.125,18.49731018628012,8.66,5413,4737,676,0.8751154627748015,0.12488453722519854,0.45000000000000007,0.7200000000000002,0.3357311216280868,8481.0,7710.0,1.3636363636363635,1.1135657919431698,0.868421052631579
P01,12,6.25,6.5,6.375,18.49731018628012,8.66,6789,4562,2227,0.6719693622035646,0.3280306377964354,0.56,1.1400000000000001,0.7299101974413241,7967.0,5654.0,1.6969696969696968,2.420993988044823,0.8157894736842105
P01,12,6.5,6.75,6.625,18.49731018628012,8.66,7205,4243,2962,0.5888965995836225,0.4111034004163775,0.3500000000000001,1.2200000000000002,0.23624415249309752,8738.0,5654.0,1.0606060606060606,0.7835836174113884,0.8947368421052632
P01,12,6.75,7.0,6.875,18.49731018628012,8.66,7871,5318,2553,0.6756447719476559,0.32435522805234407,0.5900000000000001,1.2600000000000002,0.5251877725831595,7710.0,5654.0,1.7878787878787878,1.7419628393679103,0.7894736842105263
P01,12,7.0,7.25,7.125,18.49731018628012,8.66,6193,4569,1624,0.737768448248022,0.262231551751978,0.5000000000000001,1.12,0.9482215949851747,7967.0,6168.0,1.5151515151515151,3.145097559728123,0.8157894736842105
P01,12,7.25,7.5,7.375,18.49731018628012,8.66,11784,5622,6162,0.4770875763747454,0.5229124236252546,0.6800000000000002,2.1800000000000006,1.2460651860885252,7453.0,4112.0,2.0606060606060606,4.132996545064409,0.7631578947368421
P01,12,7.5,7.75,7.625,18.49731018628012,8.66,10416,3396,7020,0.326036866359447,0.6739631336405529,0.4100000000000001,1.9800000000000004,0.23755680606581955,8481.0,3855.0,1.2424242424242424,0.7879374768575035,0.868421052631579
P01,12,7.75,8.0,7.875,18.49731018628012,8.66,7295,4828,2467,0.6618231665524332,0.33817683344756677,0.5300000000000001,1.3300000000000003,0.5514579310449303,7967.0,5654.0,1.6060606060606062,1.829096703127972,0.8157894736842105
P01,12,8.0,8.25,8.125,18.49731018628012,8.66,10588,5175,5413,0.4887608613524745,0.5112391386475255,0.7600000000000001,1.9600000000000004,0.8519086918493911,7196.0,4369.0,2.3030303030303028,2.8256432483892002,0.7368421052631579
P01,12,8.25,8.5,8.375,18.49731018628012,8.66,10224,4073,6151,0.39837636932707354,0.6016236306729265,0.5400000000000001,2.1500000000000004,1.1335392864498464,7967.0,4112.0,1.6363636363636365,3.7597663484189154,0.8157894736842105
P01,12,8.5,8.75,8.625,18.49731018628012,8.66,12338,5276,7062,0.42762198087210246,0.5723780191278975,0.8600000000000002,2.4700000000000006,1.8708931683417398,7196.0,4112.0,2.606060606060606,6.205449833016743,0.7368421052631579
P01,12,8.75,9.0,8.875,18.49731018628012,8.66,9106,3461,5645,0.3800790687458818,0.6199209312541182,0.6000000000000001,2.5700000000000003,0.9786158589945758,7967.0,4112.0,1.8181818181818181,3.2459104140980917,0.8157894736842105
P01,12,9.0,9.25,9.125,18.49731018628012,8.66,12113,3517,8596,0.2903492115908528,0.7096507884091472,0.5100000000000001,3.3400000000000007,0.5454260707303552,7710.0,3341.0,1.5454545454545454,1.809089998728577,0.7894736842105263
P01,12,9.25,9.5,9.375,18.49731018628012,8.66,13040,3464,9576,0.2656441717791411,0.7343558282208589,0.6800000000000002,3.7600000000000007,0.8558600346056721,7967.0,3341.0,2.0606060606060606,2.838749212782073,0.8157894736842105
P01,12,9.5,9.75,9.625,18.49731018628012,8.66,16916,3777,13139,0.22327973516197683,0.7767202648380231,0.8800000000000001,5.070000000000001,0.9789976489568746,7710.0,3341.0,2.6666666666666665,3.247176749609859,0.7894736842105263
P01,12,9.75,10.0,9.875,18.49731018628012,8.66,17105,2772,14333,0.16205787781350484,0.8379421221864951,0.6100000000000001,4.910000000000001,1.1047881296413515,7967.0,3084.0,1.8484848484848484,3.6644034146954203,0.8157894736842105
P01,12,10.0,10.25,10.125,18.49731018628012,8.66,13308,2815,10493,0.211526901112113,0.788473098887887,0.5400000000000001,4.760000000000001,0.3518789861669946,8224.0,3084.0,1.6363636363636365,1.167125645066883,0.8421052631578947
P01,12,10.25,10.5,10.375,18.49731018628012,8.66,12990,2352,10638,0.18106235565819861,0.8189376443418014,0.7100000000000002,3.900000000000001,0.7467351514330685,7967.0,3598.0,2.151515151515152,2.47679963729583,0.8157894736842105
P01,12,10.5,10.75,10.625,18.49731018628012,8.66,11426,3102,8324,0.271486084368983,0.728513915631017,0.5000000000000001,3.8000000000000007,0.35598863571112144,7710.0,3341.0,1.5151515151515151,1.1807566874528912,0.7894736842105263
P01,12,10.75,11.0,10.875,18.49731018628012,8.66,14904,2447,12457,0.16418411164787977,0.8358158883521203,0.56,5.4300000000000015,0.5475306375722071,7967.0,3084.0,1.6969696969696968,1.8160705063162539,0.8157894736842105
P01,12,11.0,11.25,11.125,18.49731018628012,8.66,21603,2719,18884,0.125862148775633,0.8741378512243669,0.6600000000000001,7.310000000000001,0.4212610707593753,7967.0,2827.0,2.0,1.397254790083622,0.8157894736842105
P01,12,11.25,11.5,11.375,18.49731018628012,8.66,23585,1939,21646,0.08221327114691541,0.9177867288530845,0.7000000000000002,8.830000000000002,1.573638114179902,7453.0,2570.0,2.121212121212121,5.219502929460024,0.7631578947368421
P01,12,11.5,11.75,11.625,18.49731018628012,8.66,21795,1906,19889,0.08745125028676302,0.912548749713237,0.5500000000000002,8.990000000000002,2.63600928757121,7710.0,2570.0,1.6666666666666667,8.743216165510871,0.7894736842105263
P01,12,11.75,12.0,11.875,18.49731018628012,8.66,22443,866,21577,0.038586641714565786,0.9614133582854342,0.44000000000000006,9.690000000000001,0.6862405818650228,7967.0,2313.0,1.3333333333333333,2.2761489411595135,0.8157894736842105
P01,12,12.0,12.25,12.125,18.49731018628012,8.66,19373,67,19306,0.003458421514478914,0.996541578485521,0.06000000000000001,10.350000000000001,0.1264456718597545,3341.0,2313.0,0.18181818181818182,0.41939982817045485,0.34210526315789475
P01,12,12.25,12.5,12.375,18.49731018628012,8.66,22658,31,22627,0.0013681701827169212,0.998631829817283,0.07,12.220000000000002,3.269642357711694,5397.0,2313.0,0.2121212121212121,10.844874504870916,0.5526315789473685
P01,12,12.5,12.75,12.625,18.49731018628012,8.66,30956,37,30919,0.0011952448636774777,0.9988047551363225,0.15000000000000002,14.870000000000003,1.3142892388362033,6939.0,2313.0,0.45454545454545453,4.359284685881155,0.7105263157894737
P01,12,12.75,13.0,12.875,18.49731018628012,8.66,43906,81,43825,0.0018448503621372933,0.9981551496378627,0.13000000000000003,16.970000000000002,1.6126031745205993,6168.0,2313.0,0.393939393939394,5.348743728066917,0.631578947368421
P01,12,13.0,13.25,13.125,18.49731018628012,8.66,43158,9,43149,0.00020853607674127625,0.9997914639232587,0.08000000000000002,17.440000000000005,2.9427038879725327,771.0,2570.0,0.24242424242424243,9.76047251614173,0.07894736842105263
P01,12,13.25,13.5,13.375,18.49731018628012,8.66,34485,13,34472,0.00037697549659272147,0.9996230245034072,0.07,17.040000000000003,2.1328801597158216,7196.0,2570.0,0.2121212121212121,7.074418280486051,0.7368421052631579
P01,12,13.5,13.75,13.625,18.49731018628012,8.66,33760,4,33756,0.00011848341232227489,0.9998815165876778,0.020000000000000004,18.380000000000003,0.014097838746326112,7196.0,2570.0,0.06060606060606061,0.0467602493689295,0.7368421052631579
P01,12,13.75,14.0,13.875,18.49731018628012,8.66,33604,1,33603,2.975836209975003e-05,0.9999702416379003,0.010000000000000002,19.500000000000004,,514.0,2570.0,0.030303030303030304,,0.05263157894736842
P01,12,14.0,14.25,14.125,18.49731018628012,8.66,32440,21,32419,0.0006473489519112207,0.9993526510480888,0.030000000000000006,20.230000000000004,0.06332456145424141,7710.0,2570.0,0.09090909090909091,0.21003732118514143,0.7894736842105263
P01,12,14.25,14.5,14.375,18.49731018628012,8.66,26269,1,26268,3.806768434276143e-05,0.9999619323156572,0.010000000000000002,20.220000000000002,,10794.0,2570.0,0.030303030303030304,,1.105263157894737
P01,12,14.5,14.75,14.625,18.49731018628012,8.66,19585,0,19585,0.0,1.0,0.0,18.040000000000003,,,2570.0,0.0,,
P01,12,14.75,15.0,14.875,18.49731018628012,8.66,14940,1,14939,6.693440428380188e-05,0.9999330655957162,0.010000000000000002,17.560000000000002,,15163.0,2570.0,0.030303030303030304,,1.5526315789473684
P01,12,15.0,15.25,15.125,18.49731018628012,8.66,21032,1,21031,4.754659566375048e-05,0.9999524534043363,0.010000000000000002,19.160000000000004,,257.0,2827.0,0.030303030303030304,,0.02631578947368421
P01,12,15.25,15.5,15.375,18.49731018628012,8.66,22016,0,22016,0.0,1.0,0.0,18.230000000000004,,,2827.0,0.0,,
P01,12,15.5,15.75,15.625,18.49731018628012,8.66,12083,0,12083,0.0,1.0,0.0,16.1,,,2827.0,0.0,,
P01,12,15.75,16.0,15.875,18.49731018628012,8.66,11339,1,11338,8.819119851838787e-05,0.9999118088014816,0.010000000000000002,15.820000000000004,,514.0,2827.0,0.030303030303030304,,0.05263157894736842
P01,12,16.0,16.25,16.125,18.49731018628012,8.66,7740,4,7736,0.0005167958656330749,0.999483204134367,0.020000000000000004,13.060000000000002,0.021395443429396522,6939.0,2827.0,0.06060606060606061,0.07096522297633201,0.7105263157894737
P01,12,16.25,16.5,16.375,18.49731018628012,8.66,4989,2,4987,0.0004008819402685909,0.9995991180597315,0.010000000000000002,10.350000000000001,0.0391216055146383,771.0,2827.0,0.030303030303030304,0.12976003361182567,0.07894736842105263
P01,12,16.5,16.75,16.625,18.49731018628012,8.66,2745,0,2745,0.0,1.0,0.0,7.410000000000001,,,2570.0,0.0,,
P01,12,16.75,17.0,16.875,18.49731018628012,8.66,2101,0,2101,0.0,1.0,0.0,5.980000000000001,,,2827.0,0.0,,
P01,12,17.0,17.25,17.125,18.49731018628012,8.66,1459,0,1459,0.0,1.0,0.0,4.8500000000000005,,,2827.0,0.0,,
P01,12,17.25,17.5,17.375,18.49731018628012,8.66,1973,0,1973,0.0,1.0,0.0,4.860000000000001,,,2827.0,0.0,,
P01,12,17.5,17.75,17.625,18.49731018628012,8.66,1995,0,1995,0.0,1.0,0.0,4.750000000000001,,,3084.0,0.0,,
P01,12,17.75,18.0,17.875,18.49731018628012,8.66,2772,0,2772,0.0,1.0,0.0,4.620000000000001,,,3341.0,0.0,,
P01,12,18.0,18.25,18.125,18.49731018628012,8.66,2264,0,2264,0.0,1.0,0.0,4.710000000000001,,,3341.0,0.0,,
P01,12,18.25,18.5,18.375,18.49731018628012,8.66,6641,221,6420,0.03327812076494504,0.9667218792350549,0.37000000000000005,6.780000000000001,0.676756972927547,3084.0,3341.0,1.121212121212121,2.24469334524774,0.3157894736842105
P01,15,0.0,0.25,0.125,17.078601292265592,10.76,1414,1414,0,1.0,0.0,0.30000000000000004,0.30000000000000004,0.4208760828514607,9509.0,9509.0,2.0,1.948671968810753,1.0
P01,15,0.25,0.5,0.375,17.078601292265592,10.76,658,658,0,1.0,0.0,0.16000000000000003,0.16000000000000003,0.21598098068209778,10280.0,10280.0,1.0666666666666667,1.0,1.0810810810810811
P01,15,0.5,0.75,0.625,17.078601292265592,10.76,1095,1095,0,1.0,0.0,0.15000000000000002,0.15000000000000002,0.38683345419053455,8995.0,8995.0,1.0,1.7910533277923872,0.9459459459459459
P01,15,0.75,1.0,0.875,17.078601292265592,10.76,648,648,0,1.0,0.0,0.07,0.07,0.10980072818381621,8738.0,8738.0,0.4666666666666666,0.5083814687619731,0.918918918918919
P01,15,1.0,1.25,1.125,17.078601292265592,10.76,1550,1550,0,1.0,0.0,0.12000000000000002,0.12000000000000002,0.18548031035624893,9509.0,9509.0,0.8,0.8587807582430474,1.0
P01,15,1.25,1.5,1.375,17.078601292265592,10.76,637,637,0,1.0,0.0,0.09000000000000002,0.09000000000000002,0.17921662877876907,8738.0,8738.0,0.6000000000000001,0.8297796788068014,0.918918918918919
P01,15,1.5,1.75,1.625,17.078601292265592,10.76,732,732,0,1.0,0.0,0.12000000000000002,0.12000000000000002,0.2924531849741622,10280.0,10280.0,0.8,1.3540691594720728,1.0810810810810811
P01,15,1.75,2.0,1.875,17.078601292265592,10.76,1087,1021,66,0.9392824287028518,0.060717571297148165,0.14,0.19000000000000003,0.2962785851420441,11051.0,10280.0,0.9333333333333332,1.37178090499615,1.162162162162162
P01,15,2.0,2.25,2.125,17.078601292265592,10.76,1816,1816,0,1.0,0.0,0.21000000000000005,0.21000000000000005,0.28949826354332636,9766.0,9766.0,1.4000000000000001,1.3403877629828833,1.027027027027027
P01,15,2.25,2.5,2.375,17.078601292265592,10.76,54,54,0,1.0,0.0,0.020000000000000004,0.020000000000000004,0.05543038154705254,7067.5,7067.5,0.13333333333333333,0.2566447349761805,0.7432432432432432
P01,15,2.5,2.75,2.625,17.078601292265592,10.76,760,760,0,1.0,0.0,0.12000000000000002,0.12000000000000002,0.22732419776038953,7710.0,7710.0,0.8,1.052519518350497,0.8108108108108109
P01,15,2.75,3.0,2.875,17.078601292265592,10.76,3064,3064,0,1.0,0.0,0.21000000000000005,0.21000000000000005,0.2967237888193235,9509.0,9509.0,1.4000000000000001,1.373842214634959,1.0
P01,15,3.0,3.25,3.125,17.078601292265592,10.76,3830,3822,8,0.997911227154047,0.002088772845952991,0.31000000000000005,0.3400000000000001,0.49413535522507995,8224.0,8224.0,2.066666666666667,2.2878651336082103,0.8648648648648649
P01,15,3.25,3.5,3.375,17.078601292265592,10.76,3870,3870,0,1.0,0.0,0.31000000000000005,0.31000000000000005,0.6365845190109111,7710.0,7710.0,2.066666666666667,2.9474100775007557,0.8108108108108109
P01,15,3.5,3.75,3.625,17.078601292265592,10.76,4393,4393,0,1.0,0.0,0.3500000000000001,0.3500000000000001,0.2891055164021951,7967.0,7967.0,2.3333333333333335,1.3385693290638832,0.8378378378378378
P01,15,3.75,4.0,3.875,17.078601292265592,10.76,4833,4832,1,0.999793089178564,0.00020691082143597939,0.4000000000000001,0.4000000000000001,0.3562094879325141,7967.0,7967.0,2.666666666666667,1.649263221268629,0.8378378378378378
P01,15,4.0,4.25,4.125,17.078601292265592,10.76,2922,2888,34,0.9883641341546886,0.0116358658453114,0.37000000000000005,0.39000000000000007,0.4274778345470593,6682.0,6682.0,2.466666666666667,1.97923832550915,0.7027027027027027
P01,15,4.25,4.5,4.375,17.078601292265592,10.76,2819,2814,5,0.998226321390564,0.0017736786094360024,0.19000000000000003,0.20000000000000004,0.1803357978128361,7967.0,7967.0,1.2666666666666666,0.8349614731969025,0.8378378378378378
P01,15,4.5,4.75,4.625,17.078601292265592,10.76,4211,4210,1,0.9997625267157445,0.00023747328425549608,0.2700000000000001,0.2700000000000001,0.2806971958963982,7196.0,7196.0,1.8000000000000003,1.2996384913612191,0.7567567567567568
P01,15,4.75,5.0,4.875,17.078601292265592,10.76,651,651,0,1.0,0.0,0.19000000000000003,0.19000000000000003,0.22110382777658072,7967.0,7967.0,1.2666666666666666,1.0237189732091423,0.8378378378378378
P01,15,5.25,5.5,5.375,17.078601292265592,10.76,378,378,0,1.0,0.0,0.09000000000000002,0.09000000000000002,0.13163096688838824,6939.0,6939.0,0.6000000000000001,0.6094562885707782,0.7297297297297297
P01,15,5.5,5.75,5.625,17.078601292265592,10.76,186,186,0,1.0,0.0,0.04000000000000001,0.04000000000000001,0.07549250693671591,6682.0,6682.0,0.26666666666666666,0.34953312415889654,0.7027027027027027
P01,15,6.0,6.25,6.125,17.078601292265592,10.76,1171,1171,0,1.0,0.0,0.15000000000000002,0.15000000000000002,0.1870628164320291,7967.0,7967.0,1.0,0.8661078204259416,0.8378378378378378
P01,15,6.25,6.5,6.375,17.078601292265592,10.76,2671,2671,0,1.0,0.0,0.28,0.28,0.2133424475656875,6939.0,6939.0,1.8666666666666665,0.9877834932127938,0.7297297297297297
P01,15,6.5,6.75,6.625,17.078601292265592,10.76,3380,3380,0,1.0,0.0,0.21000000000000005,0.21000000000000005,0.19144529188572187,6939.0,6939.0,1.4000000000000001,0.886398845310875,0.7297297297297297
P01,15,6.75,7.0,6.875,17.078601292265592,10.76,2874,2871,3,0.9989561586638831,0.0010438413361169019,0.22000000000000003,0.24000000000000005,0.20026107957556044,7453.0,7453.0,1.4666666666666666,0.9272162712805001,0.7837837837837838
P01,15,7.0,7.25,7.125,17.078601292265592,10.76,3027,3017,10,0.9966963990749917,0.0033036009250082543,0.2700000000000001,0.2700000000000001,0.27265105053144906,6939.0,6939.0,1.8000000000000003,1.262384538075433,0.7297297297297297
P01,15,7.25,7.5,7.375,17.078601292265592,10.76,3857,3846,11,0.9971480425200934,0.0028519574799066305,0.39000000000000007,0.39000000000000007,0.3364635826160296,6682.0,6682.0,2.6,1.5578389428246464,0.7027027027027027
P01,15,7.5,7.75,7.625,17.078601292265592,10.76,4984,4979,5,0.9989967897271268,0.0010032102728732006,0.56,0.5900000000000001,0.8025403405320939,5397.0,5397.0,3.733333333333333,3.7157917238710585,0.5675675675675675
P01,15,7.75,8.0,7.875,17.078601292265592,10.76,3324,3324,0,1.0,0.0,0.37000000000000005,0.37000000000000005,0.46089212394828344,6682.0,6682.0,2.466666666666667,2.1339477323082914,0.7027027027027027
P01,15,8.0,8.25,8.125,17.078601292265592,10.76,3584,3584,0,1.0,0.0,0.29000000000000004,0.29000000000000004,0.47388790051346213,6682.0,6682.0,1.9333333333333333,2.1941186627491858,0.7027027027027027
P01,15,8.25,8.5,8.375,17.078601292265592,10.76,3717,3715,2,0.9994619316653215,0.0005380683346785098,0.3500000000000001,0.3600000000000001,0.4693746553609997,6425.0,6425.0,2.3333333333333335,2.17322216927921,0.6756756756756757
P01,15,8.5,8.75,8.625,17.078601292265592,10.76,4160,4155,5,0.9987980769230769,0.0012019230769231282,0.4200000000000001,0.4200000000000001,0.4399656802573385,6939.0,6939.0,2.8000000000000003,2.0370575171381575,0.7297297297297297
P01,15,8.75,9.0,8.875,17.078601292265592,10.76,5255,5224,31,0.9941008563273074,0.005899143672692619,0.7200000000000002,0.7400000000000001,0.6553844612960081,5654.0,5654.0,4.800000000000001,3.0344545118103152,0.5945945945945946
P01,15,9.0,9.25,9.125,17.078601292265592,10.76,4939,4931,8,0.99838023891476,0.001619761085239979,0.7300000000000001,0.7600000000000001,0.9011523171824378,5654.0,5654.0,4.866666666666666,4.172368855519011,0.5945945945945946
P01,15,9.25,9.5,9.375,17.078601292265592,10.76,5260,5164,96,0.9817490494296578,0.018250950570342206,0.7500000000000001,0.8400000000000002,1.478533512708501,5140.0,5140.0,5.0,6.845665336082316,0.5405405405405406
P01,15,9.5,9.75,9.625,17.078601292265592,10.76,5828,4325,1503,0.7421070693205216,0.2578929306794784,0.7000000000000002,1.0400000000000003,2.3172001911175784,5140.0,4112.0,4.666666666666667,10.728723352396772,0.5405405405405406
P01,15,9.75,10.0,9.875,17.078601292265592,10.76,3776,2193,1583,0.5807733050847458,0.4192266949152542,0.30000000000000004,0.5400000000000001,0.2176350160407579,6939.0,4883.0,2.0,1.0076582454317804,0.7297297297297297
P01,15,10.0,10.25,10.125,17.078601292265592,10.76,3304,2837,467,0.8586561743341404,0.14134382566585957,0.3400000000000001,0.44000000000000006,0.4508979326767494,6939.0,6425.0,2.266666666666667,2.0876742537826773,0.7297297297297297
P01,15,10.25,10.5,10.375,17.078601292265592,10.76,3788,2991,797,0.7895987328405492,0.21040126715945084,0.5500000000000002,0.7700000000000001,0.9876067028217905,6168.0,5654.0,3.666666666666667,4.572655887119283,0.6486486486486487
P01,15,10.5,10.75,10.625,17.078601292265592,10.76,4309,3713,596,0.8616848456718497,0.13831515432815034,0.6600000000000001,0.7600000000000001,1.688633233178073,5654.0,5397.0,4.4,7.818434881836057,0.5945945945945946
P01,15,10.75,11.0,10.875,17.078601292265592,10.76,8272,5114,3158,0.6182301740812379,0.3817698259187621,0.9900000000000002,1.8300000000000003,2.140872296702303,5397.0,4112.0,6.6000000000000005,9.912318621487561,0.5675675675675675
P01,15,11.0,11.25,11.125,17.078601292265592,10.76,10003,2711,7292,0.27101869439168247,0.7289813056083175,0.56,1.8300000000000003,1.4135731045884952,5911.0,3341.0,3.733333333333333,6.544896222455495,0.6216216216216216
P01,15,11.25,11.5,11.375,17.078601292265592,10.76,7265,2991,4274,0.4116999311768754,0.5883000688231246,0.6600000000000001,2.0000000000000004,1.0878245837271063,5654.0,3855.0,4.4,5.036668415392902,0.5945945945945946
P01,15,11.5,11.75,11.625,17.078601292265592,10.76,9920,2833,7087,0.28558467741935484,0.7144153225806451,0.7300000000000001,2.9400000000000004,1.8848097369350996,5911.0,3598.0,4.866666666666666,8.726739414658688,0.6216216216216216
P01,15,11.75,12.0,11.875,17.078601292265592,10.76,28227,3678,24549,0.13030077585290678,0.8696992241470932,0.7700000000000001,4.990000000000001,1.9255071349091546,5397.0,3598.0,5.133333333333334,8.915169885922996,0.5675675675675675
P01,15,12.0,12.25,12.125,17.078601292265592,10.76,42898,3685,39213,0.08590144062660264,0.9140985593733973,1.0400000000000003,6.510000000000002,1.8933070535282046,4626.0,3341.0,6.9333333333333345,8.766082307566524,0.4864864864864865
P01,15,12.25,12.5,12.375,17.078601292265592,10.76,21122,1854,19268,0.08777577880882492,0.9122242211911751,0.44000000000000006,5.580000000000001,0.6295775914622166,6168.0,3598.0,2.933333333333333,2.9149677414831787,0.6486486486486487
P01,15,12.5,12.75,12.625,17.078601292265592,10.76,29294,649,28645,0.022154707448624293,0.9778452925513758,0.2700000000000001,6.3900000000000015,0.4612415497757378,6168.0,3341.0,1.8000000000000003,2.13556558692841,0.6486486486486487
P01,15,12.75,13.0,12.875,17.078601292265592,10.76,17723,955,16768,0.05388478248603509,0.9461152175139649,0.3400000000000001,6.050000000000002,0.5622581252017101,6682.0,3084.0,2.266666666666667,2.6032761006363674,0.7027027027027027
P01,15,13.0,13.25,13.125,17.078601292265592,10.76,11245,996,10249,0.08857269897732326,0.9114273010226768,0.30000000000000004,5.550000000000001,0.7736267339701545,6425.0,3855.0,2.0,3.581920646563111,0.6756756756756757
P01,15,13.25,13.5,13.375,17.078601292265592,10.76,28791,855,27936,0.029696780243826194,0.9703032197561738,0.5100000000000001,8.450000000000001,0.8231908711147924,5911.0,3598.0,3.4000000000000004,3.811404451054171,0.6216216216216216
P01,15,13.5,13.75,13.625,17.078601292265592,10.76,26843,505,26338,0.018813098386916513,0.9811869016130835,0.3400000000000001,10.320000000000002,0.8804671239183953,5654.0,3598.0,2.266666666666667,4.076595638827819,0.5945945945945946
P01,15,13.75,14.0,13.875,17.078601292265592,10.76,22898,97,22801,0.004236177832125076,0.995763822167875,0.18000000000000005,9.740000000000002,2.56049971799408,5911.0,3341.0,1.2000000000000002,11.855209240682527,0.6216216216216216
P01,15,14.0,14.25,14.125,17.078601292265592,10.76,12494,1,12493,8.003841844085161e-05,0.9999199615815592,0.010000000000000002,6.820000000000001,,2570.0,2827.0,0.06666666666666667,,0.2702702702702703
P01,15,14.25,14.5,14.375,17.078601292265592,10.76,9604,0,9604,0.0,1.0,0.0,5.250000000000001,,,3084.0,0.0,,
P01,15,14.5,14.75,14.625,17.078601292265592,10.76,6029,0,6029,0.0,1.0,0.0,4.5200000000000005,,,2827.0,0.0,,
P01,15,14.75,15.0,14.875,17.078601292265592,10.76,4257,4,4253,0.0009396288466055908,0.9990603711533944,0.030000000000000006,4.970000000000001,0.23404543274434622,8738.0,3084.0,0.2,1.0836390871325725,0.918918918918919
P01,15,15.0,15.25,15.125,17.078601292265592,10.76,5538,0,5538,0.0,1.0,0.0,5.820000000000001,,,3341.0,0.0,,
P01,15,15.25,15.5,15.375,17.078601292265592,10.76,7655,4,7651,0.0005225342913128674,0.9994774657086871,0.010000000000000002,7.660000000000002,0.03571427176881648,6425.0,3341.0,0.06666666666666667,0.16535841098612422,0.6756756756756757
P01,15,15.5,15.75,15.625,17.078601292265592,10.76,9580,0,9580,0.0,1.0,0.0,6.570000000000001,,,3598.0,0.0,,
P01,15,15.75,16.0,15.875,17.078601292265592,10.76,3900,0,3900,0.0,1.0,0.0,4.650000000000001,,,3341.0,0.0,,
P01,15,16.0,16.25,16.125,17.078601292265592,10.76,1807,0,1807,0.0,1.0,0.0,2.2900000000000005,,,3341.0,0.0,,
P01,15,16.25,16.5,16.375,17.078601292265592,10.76,3076,0,3076,0.0,1.0,0.0,3.6400000000000006,,,3341.0,0.0,,
P01,15,16.5,16.75,16.625,17.078601292265592,10.76,2524,0,2524,0.0,1.0,0.0,3.7400000000000007,,,3341.0,0.0,,
P01,15,16.75,17.0,16.875,17.078601292265592,10.76,2096,0,2096,0.0,1.0,0.0,3.0500000000000007,,,3598.0,0.0,,
P01,15,17.0,17.25,17.125,17.078601292265592,10.76,2852,0,2852,0.0,1.0,0.0,4.330000000000001,,,3084.0,0.0,,
P01,16,0.0,0.25,0.125,15.904639096417961,9.87,733,733,0,1.0,0.0,0.14,0.14,0.20328930018832322,5397.0,5397.0,0.43749999999999994,0.7084734851547407,0.6363636363636364
P01,16,0.25,0.5,0.375,15.904639096417961,9.87,2901,2901,0,1.0,0.0,0.3500000000000001,0.3500000000000001,0.34286148803834415,7196.0,7196.0,1.09375,1.1948896136237406,0.8484848484848485
P01,16,0.5,0.75,0.625,15.904639096417961,9.87,3795,3795,0,1.0,0.0,0.3400000000000001,0.3400000000000001,0.28287806565978707,8481.0,8481.0,1.0625,0.9858443551439429,1.0
P01,16,0.75,1.0,0.875,15.904639096417961,9.87,4381,4381,0,1.0,0.0,0.32000000000000006,0.32000000000000006,0.29324563082299093,9509.0,9509.0,1.0,1.0219758437020694,1.121212121212121
P01,16,1.0,1.25,1.125,15.904639096417961,9.87,3699,3699,0,1.0,0.0,0.26000000000000006,0.26000000000000006,0.28693988476353766,9766.0,9766.0,0.8125,1.0,1.1515151515151516
P01,16,1.25,1.5,1.375,15.904639096417961,9.87,4437,4437,0,1.0,0.0,0.30000000000000004,0.30000000000000004,0.2767399501426468,10794.0,10794.0,0.9375,0.9644527123536818,1.2727272727272727
P01,16,1.5,1.75,1.625,15.904639096417961,9.87,4703,4703,0,1.0,0.0,0.29000000000000004,0.29000000000000004,0.28110887527840933,10280.0,10280.0,0.9062499999999999,0.9796786372520726,1.2121212121212122
P01,16,1.75,2.0,1.875,15.904639096417961,9.87,4593,4510,83,0.98192902242543,0.01807097757456999,0.33000000000000007,0.38000000000000006,0.2671444348028351,10280.0,10280.0,1.03125,0.9310118564485532,1.2121212121212122
P01,16,2.0,2.25,2.125,15.904639096417961,9.87,3929,3909,20,0.9949096462204123,0.005090353779587664,0.29000000000000004,0.32000000000000006,0.2832744232659763,10280.0,10280.0,0.9062499999999999,0.9872256814329524,1.2121212121212122
P01,16,2.25,2.5,2.375,15.904639096417961,9.87,6003,6003,0,1.0,0.0,0.28,0.28,0.24079659405580228,9766.0,9766.0,0.8749999999999999,0.8391882998567408,1.1515151515151516
P01,16,2.5,2.75,2.625,15.904639096417961,9.87,5683,5664,19,0.9966566954073552,0.003343304592644758,0.3500000000000001,0.37000000000000005,0.269533111170528,9252.0,9252.0,1.09375,0.9393365143108136,1.0909090909090908
P01,16,2.75,3.0,2.875,15.904639096417961,9.87,3508,3506,2,0.999429874572406,0.0005701254275940482,0.25000000000000006,0.26000000000000006,0.2982582714466836,8995.0,8995.0,0.78125,1.0394451496085086,1.0606060606060606
P01,16,3.0,3.25,3.125,15.904639096417961,9.87,3423,3423,0,1.0,0.0,0.19000000000000003,0.19000000000000003,0.2654349207692166,9509.0,9509.0,0.59375,0.9250541136445951,1.121212121212121
P01,16,3.25,3.5,3.375,15.904639096417961,9.87,3933,3929,4,0.9989829646580218,0.0010170353419781675,0.28,0.28,0.4098741265755702,9766.0,9766.0,0.8749999999999999,1.428432045664689,1.1515151515151516
P01,16,3.5,3.75,3.625,15.904639096417961,9.87,3352,3349,3,0.9991050119331742,0.0008949880668257526,0.30000000000000004,0.30000000000000004,0.35108773195379456,8738.0,8738.0,0.9375,1.2235584894136278,1.0303030303030303
P01,16,3.75,4.0,3.875,15.904639096417961,9.87,2811,2808,3,0.9989327641408752,0.0010672358591248265,0.30000000000000004,0.30000000000000004,0.3477161866061514,6682.0,6682.0,0.9375,1.2118084834832161,0.7878787878787878
P01,16,4.0,4.25,4.125,15.904639096417961,9.87,5841,5834,7,0.9988015750727615,0.0011984249272385394,0.4200000000000001,0.44000000000000006,0.6451360107867787,7453.0,7453.0,1.3125,2.248331601995395,0.8787878787878788
P01,16,4.25,4.5,4.375,15.904639096417961,9.87,4832,4831,1,0.9997930463576159,0.00020695364238410008,0.31000000000000005,0.31000000000000005,0.25573991585452877,7196.0,7196.0,0.96875,0.8912665315429388,0.8484848484848485
P01,16,4.5,4.75,4.625,15.904639096417961,9.87,4693,4669,24,0.9948860004261666,0.005113999573833405,0.44000000000000006,0.4600000000000001,0.39023889464513595,6939.0,6939.0,1.375,1.360002270045955,0.8181818181818182
P01,16,4.75,5.0,4.875,15.904639096417961,9.87,7559,7436,123,0.9837280063500463,0.016271993649953687,0.5500000000000002,0.6100000000000001,0.5271489348632714,6168.0,5911.0,1.7187500000000002,1.837140679476072,0.7272727272727273
P01,16,5.0,5.25,5.125,15.904639096417961,9.87,7975,7973,2,0.9997492163009405,0.00025078369905950915,0.44000000000000006,0.44000000000000006,0.45398623240341,6682.0,6682.0,1.375,1.5821649638478543,0.7878787878787878
P01,16,5.25,5.5,5.375,15.904639096417961,9.87,8316,8316,0,1.0,0.0,0.4900000000000001,0.4900000000000001,0.4407927497400628,6682.0,6682.0,1.53125,1.5361850099832328,0.7878787878787878
P01,16,5.5,5.75,5.625,15.904639096417961,9.87,7538,7537,1,0.9998673388166622,0.00013266118333776777,0.44000000000000006,0.44000000000000006,0.4331976445172197,6682.0,6682.0,1.375,1.509715684434078,0.7878787878787878
P01,16,5.75,6.0,5.875,15.904639096417961,9.87,8620,8611,9,0.9989559164733178,0.0010440835266821713,0.6000000000000001,0.6000000000000001,0.4791836804632624,6682.0,6682.0,1.875,1.6699793437853703,0.7878787878787878
P01,16,6.0,6.25,6.125,15.904639096417961,9.87,8125,8120,5,0.9993846153846154,0.0006153846153845732,0.7200000000000002,0.7300000000000001,1.1137292526400506,6168.0,6168.0,2.25,3.88140273199683,0.7272727272727273
P01,16,6.25,6.5,6.375,15.904639096417961,9.87,5447,5443,4,0.9992656508169635,0.0007343491830364979,0.5400000000000001,0.5700000000000001,1.7559153268779852,5654.0,5654.0,1.6875000000000002,6.119453656033234,0.6666666666666666
P01,16,6.5,6.75,6.625,15.904639096417961,9.87,4421,4403,18,0.9959285229586067,0.004071477041393323,0.28,0.28,0.30298497008057906,6425.0,6425.0,0.8749999999999999,1.0559179332293378,0.7575757575757576
P01,16,6.75,7.0,6.875,15.904639096417961,9.87,4283,4275,8,0.9981321503618958,0.0018678496381041576,0.3400000000000001,0.3600000000000001,0.505637954498235,6939.0,6939.0,1.0625,1.7621738257646642,0.8181818181818182
P01,16,7.0,7.25,7.125,15.904639096417961,9.87,4115,4103,12,0.9970838396111786,0.002916160388821365,0.4000000000000001,0.44000000000000006,0.4812121109996174,6682.0,6682.0,1.25,1.6770485267190243,0.7878787878787878
P01,16,7.25,7.5,7.375,15.904639096417961,9.87,4315,4313,2,0.9995365005793743,0.0004634994206257348,0.4700000000000001,0.4700000000000001,1.9737712113258188,5911.0,5911.0,1.46875,6.878692423510139,0.696969696969697
P01,16,7.5,7.75,7.625,15.904639096417961,9.87,5163,5142,21,0.9959325973271353,0.004067402672864651,0.5300000000000001,0.5300000000000001,1.6233273963517996,5140.0,5140.0,1.65625,5.657378017313823,0.6060606060606061
P01,16,7.75,8.0,7.875,15.904639096417961,9.87,6202,6190,12,0.9980651402773298,0.001934859722670157,0.5500000000000002,0.5800000000000001,1.0340615780086533,5140.0,5140.0,1.7187500000000002,3.603756859597285,0.6060606060606061
P01,16,8.0,8.25,8.125,15.904639096417961,9.87,4605,4448,157,0.9659066232356135,0.03409337676438651,0.39000000000000007,0.4000000000000001,0.3860577669056551,6425.0,6425.0,1.21875,1.345430828564662,0.7575757575757576
P01,16,8.25,8.5,8.375,15.904639096417961,9.87,7341,7270,71,0.9903282931480725,0.00967170685192753,0.8100000000000002,0.9000000000000001,1.4528242231927018,4883.0,4883.0,2.53125,5.063165841827635,0.5757575757575758
P01,16,8.5,8.75,8.625,15.904639096417961,9.87,7676,6826,850,0.8892652423137051,0.11073475768629493,0.7900000000000001,1.1800000000000002,0.8915300012328592,5140.0,4883.0,2.46875,3.1070271111579837,0.6060606060606061
P01,16,8.75,9.0,8.875,15.904639096417961,9.87,11566,4677,6889,0.4043748919246066,0.5956251080753934,0.6200000000000001,1.6300000000000003,1.4732680665789697,5654.0,3084.0,1.9375,5.134413669236206,0.6666666666666666
P01,16,9.0,9.25,9.125,15.904639096417961,9.87,15337,3299,12038,0.21510073678033514,0.7848992632196649,0.4100000000000001,2.3300000000000005,1.519737602718651,6425.0,2570.0,1.28125,5.296362351197852,0.7575757575757576
P01,16,9.25,9.5,9.375,15.904639096417961,9.87,23371,3173,20198,0.13576654828633777,0.8642334517136623,0.37000000000000005,3.0100000000000007,0.776801386907726,6425.0,2570.0,1.15625,2.707192091987752,0.7575757575757576
P01,16,9.5,9.75,9.625,15.904639096417961,9.87,21923,5237,16686,0.23888153993522784,0.7611184600647721,0.7500000000000001,3.170000000000001,1.293888090175908,5140.0,2827.0,2.34375,4.50926538582177,0.6060606060606061
P01,16,9.75,10.0,9.875,15.904639096417961,9.87,12390,5743,6647,0.4635189669087974,0.5364810330912027,0.8000000000000002,2.3500000000000005,1.6881206480861524,5140.0,3341.0,2.5,5.8831857741816,0.6060606060606061
P01,16,10.0,10.25,10.125,15.904639096417961,9.87,6252,3347,2905,0.5353486884197057,0.46465131158029427,0.5500000000000002,1.7000000000000004,1.3302966248527228,5397.0,3084.0,1.7187500000000002,4.636150969214328,0.6363636363636364
P01,16,10.25,10.5,10.375,15.904639096417961,9.87,9681,2989,6692,0.30874909616775126,0.6912509038322487,0.5400000000000001,2.3000000000000003,1.7160893041317222,5397.0,2313.0,1.6875000000000002,5.980657954002884,0.6363636363636364
P01,16,10.5,10.75,10.625,15.904639096417961,9.87,18160,3688,14472,0.20308370044052865,0.7969162995594714,0.5000000000000001,3.730000000000001,0.8603495327070134,5911.0,2570.0,1.5625,2.998361602521772,0.696969696969697
P01,16,10.75,11.0,10.875,15.904639096417961,9.87,51300,3590,47710,0.06998050682261209,0.930019493177388,0.6200000000000001,6.7200000000000015,1.3494306361131352,5654.0,2827.0,1.9375,4.702833965466942,0.6666666666666666
P01,16,11.0,11.25,11.125,15.904639096417961,9.87,37907,2536,35371,0.06690057245363654,0.9330994275463634,0.5500000000000002,6.410000000000001,0.887969285635962,5911.0,2827.0,1.7187500000000002,3.0946178373484834,0.696969696969697
P01,16,11.25,11.5,11.375,15.904639096417961,9.87,15175,2647,12528,0.1744316309719934,0.8255683690280066,0.5000000000000001,5.340000000000001,1.3462181763683936,5911.0,2570.0,1.5625,4.6916383809026385,0.696969696969697
P01,16,11.5,11.75,11.625,15.904639096417961,9.87,33881,3310,30571,0.09769487323278533,0.9023051267672146,0.6000000000000001,6.400000000000001,0.6814586172558886,5654.0,3598.0,1.875,2.3749177212413928,0.6666666666666666
P01,16,11.75,12.0,11.875,15.904639096417961,9.87,41282,3426,37856,0.08299016520517417,0.9170098347948258,0.8200000000000002,8.360000000000001,1.1397964504217182,5654.0,3598.0,2.5625,3.972248233670984,0.6666666666666666
P01,16,12.0,12.25,12.125,15.904639096417961,9.87,42928,3362,39566,0.07831718225866567,0.9216828177413343,0.7600000000000001,9.820000000000002,1.185252986516343,5911.0,3598.0,2.375,4.1306665592797955,0.696969696969697
P01,16,12.25,12.5,12.375,15.904639096417961,9.87,44320,912,43408,0.020577617328519857,0.9794223826714802,0.20000000000000004,10.870000000000003,0.14570434616631464,5654.0,3598.0,0.625,0.5077870101132408,0.6666666666666666
P01,16,12.5,12.75,12.625,15.904639096417961,9.87,34869,1587,33282,0.04551320657317388,0.9544867934268261,0.3600000000000001,11.450000000000003,0.48945686292822527,4883.0,3341.0,1.125,1.705781903870138,0.5757575757575758
P01,16,12.75,13.0,12.875,15.904639096417961,9.87,27559,1234,26325,0.04477666098189339,0.9552233390181066,0.39000000000000007,10.280000000000001,0.7306017734299515,5654.0,3598.0,1.21875,2.546184104144421,0.6666666666666666
P01,16,13.0,13.25,13.125,15.904639096417961,9.87,27247,1522,25725,0.05585936066355929,0.9441406393364407,0.37000000000000005,9.480000000000002,0.5350704156453727,5911.0,4112.0,1.15625,1.864747440343873,0.696969696969697
P01,16,13.25,13.5,13.375,15.904639096417961,9.87,16325,860,15465,0.052679938744257276,0.9473200612557428,0.25000000000000006,7.660000000000002,0.27076227190672547,5654.0,3855.0,0.78125,0.9436202015967774,0.6666666666666666
P01,16,13.5,13.75,13.625,15.904639096417961,9.87,15036,878,14158,0.05839318967810588,0.9416068103218941,0.38000000000000006,7.9700000000000015,0.5374021949424157,5397.0,3855.0,1.1875,1.8728738090394086,0.6363636363636364
P01,16,13.75,14.0,13.875,15.904639096417961,9.87,17471,482,16989,0.02758857535344285,0.9724114246465572,0.20000000000000004,8.390000000000002,0.7740856809058094,5140.0,3855.0,0.625,2.697727719322535,0.6060606060606061
P01,16,14.0,14.25,14.125,15.904639096417961,9.87,13117,0,13117,0.0,1.0,0.0,6.650000000000001,,,3598.0,0.0,,
P01,16,14.25,14.5,14.375,15.904639096417961,9.87,9878,51,9827,0.005162988459202268,0.9948370115407977,0.10000000000000002,5.480000000000001,0.7127743299670142,5911.0,3855.0,0.3125,2.484054562698384,0.696969696969697
P01,16,14.5,14.75,14.625,15.904639096417961,9.87,6171,26,6145,0.004213255550153946,0.995786744449846,0.07,4.420000000000001,0.22888626088676195,7196.0,3598.0,0.21874999999999997,0.7976801868286219,0.8484848484848485
P01,16,14.75,15.0,14.875,15.904639096417961,9.87,5481,0,5481,0.0,1.0,0.0,4.870000000000001,,,3341.0,0.0,,
P01,16,15.0,15.25,15.125,15.904639096417961,9.87,5320,1,5319,0.00018796992481203009,0.9998120300751879,0.010000000000000002,5.9300000000000015,,13621.0,3598.0,0.03125,,1.606060606060606
P01,16,15.25,15.5,15.375,15.904639096417961,9.87,3192,0,3192,0.0,1.0,0.0,4.610000000000001,,,3341.0,0.0,,
P01,16,15.5,15.75,15.625,15.904639096417961,9.87,2951,0,2951,0.0,1.0,0.0,3.4700000000000006,,,3598.0,0.0,,
P01,16,15.75,16.0,15.875,15.904639096417961,9.87,5393,0,5393,0.0,1.0,0.0,4.750000000000001,,,3855.0,0.0,,
P01,17,0.0,0.25,0.125,18.507248864068437,11.89,10685,10685,0,1.0,0.0,0.39000000000000007,0.39000000000000007,0.34947389019385244,13364.0,13364.0,1.3,1.1608026252666692,0.9629629629629629
P01,17,0.25,0.5,0.375,18.507248864068437,11.89,15448,15448,0,1.0,0.0,0.3600000000000001,0.3600000000000001,0.31818375085671313,14135.0,14135.0,1.2000000000000002,1.0568701802208789,1.0185185185185186
P01,17,0.5,0.75,0.625,18.507248864068437,11.89,16211,16211,0,1.0,0.0,0.30000000000000004,0.30000000000000004,0.30106228448059236,14135.0,14135.0,1.0,1.0,1.0185185185185186
P01,17,0.75,1.0,0.875,18.507248864068437,11.89,16266,16266,0,1.0,0.0,0.29000000000000004,0.29000000000000004,0.2830216415665566,13878.0,13878.0,0.9666666666666667,0.9400767088937748,1.0
P01,17,1.0,1.25,1.125,18.507248864068437,11.89,16189,16189,0,1.0,0.0,0.2700000000000001,0.2700000000000001,0.28050632675830817,13107.0,13107.0,0.9000000000000001,0.9317219101099018,0.9444444444444444
P01,17,1.25,1.5,1.375,18.507248864068437,11.89,18727,18727,0,1.0,0.0,0.29000000000000004,0.29000000000000004,0.268064916898683,12336.0,12336.0,0.9666666666666667,0.8903968737271822,0.8888888888888888
P01,17,1.5,1.75,1.625,18.507248864068437,11.89,18971,18971,0,1.0,0.0,0.26000000000000006,0.26000000000000006,0.27013885309686636,12336.0,12336.0,0.8666666666666668,0.8972856017581988,0.8888888888888888
P01,17,1.75,2.0,1.875,18.507248864068437,11.89,18156,18156,0,1.0,0.0,0.28,0.28,0.2712286861695989,12336.0,12336.0,0.9333333333333332,0.9009055605803833,0.8888888888888888
P01,17,2.0,2.25,2.125,18.507248864068437,11.89,16807,16807,0,1.0,0.0,0.26000000000000006,0.26000000000000006,0.26493225533194975,12336.0,12336.0,0.8666666666666668,0.8799915133475589,0.8888888888888888
P01,17,2.25,2.5,2.375,18.507248864068437,11.89,15452,15452,0,1.0,0.0,0.28,0.28,0.25652319607785584,12593.0,12593.0,0.9333333333333332,0.8520602191019125,0.9074074074074074
P01,17,2.5,2.75,2.625,18.507248864068437,11.89,15335,15335,0,1.0,0.0,0.23000000000000004,0.23000000000000004,0.25444409901267584,12593.0,12593.0,0.7666666666666667,0.8451543488805164,0.9074074074074074
P01,17,2.75,3.0,2.875,18.507248864068437,11.89,13261,13261,0,1.0,0.0,0.23000000000000004,0.23000000000000004,0.25920069477518914,11565.0,11565.0,0.7666666666666667,0.8609537233213224,0.8333333333333334
P01,17,3.0,3.25,3.125,18.507248864068437,11.89,12504,12504,0,1.0,0.0,0.23000000000000004,0.23000000000000004,0.259550091341471,11565.0,11565.0,0.7666666666666667,0.8621142691096619,0.8333333333333334
P01,17,3.25,3.5,3.375,18.507248864068437,11.89,10978,10978,0,1.0,0.0,0.25000000000000006,0.25000000000000006,0.2513009150733599,10280.0,10280.0,0.8333333333333334,0.8347140376846497,0.7407407407407407
P01,17,3.5,3.75,3.625,18.507248864068437,11.89,10353,10353,0,1.0,0.0,0.25000000000000006,0.25000000000000006,0.2490787020520178,10280.0,10280.0,0.8333333333333334,0.8273327975363661,0.7407407407407407
P01,17,3.75,4.0,3.875,18.507248864068437,11.89,9225,9225,0,1.0,0.0,0.23000000000000004,0.23000000000000004,0.24274472241086026,9509.0,9509.0,0.7666666666666667,0.806294029255958,0.6851851851851852
P01,17,4.0,4.25,4.125,18.507248864068437,11.89,8640,8640,0,1.0,0.0,0.24000000000000005,0.24000000000000005,0.23741387896663493,8995.0,8995.0,0.8,0.78858724989825,0.6481481481481481
P01,17,4.25,4.5,4.375,18.507248864068437,11.89,7692,7692,0,1.0,0.0,0.24000000000000005,0.24000000000000005,0.23793045262648554,8481.0,8481.0,0.8,0.7903030864094286,0.6111111111111112
P01,17,4.5,4.75,4.625,18.507248864068437,11.89,7118,7118,0,1.0,0.0,0.21000000000000005,0.21000000000000005,0.23470406712307784,7967.0,7967.0,0.7000000000000001,0.7795864152429488,0.5740740740740741
P01,17,4.75,5.0,4.875,18.507248864068437,11.89,6665,6665,0,1.0,0.0,0.21000000000000005,0.21000000000000005,0.2294872546216947,7453.0,7453.0,0.7000000000000001,0.7622583978515195,0.5370370370370371
P01,17,5.0,5.25,5.125,18.507248864068437,11.89,6376,6376,0,1.0,0.0,0.22000000000000003,0.22000000000000003,0.22559033678219995,7453.0,7453.0,0.7333333333333333,0.7493145053735297,0.5370370370370371
P01,17,5.25,5.5,5.375,18.507248864068437,11.89,5285,5285,0,1.0,0.0,0.23000000000000004,0.23000000000000004,0.22517282175193032,6682.0,6682.0,0.7666666666666667,0.7479276992148308,0.48148148148148145
P01,17,5.5,5.75,5.625,18.507248864068437,11.89,5123,5123,0,1.0,0.0,0.24000000000000005,0.24000000000000005,0.22205359702987545,6682.0,6682.0,0.8,0.7375669702798322,0.48148148148148145
P01,17,5.75,6.0,5.875,18.507248864068437,11.89,5480,5479,1,0.9998175182481752,0.0001824817518247812,0.33000000000000007,0.3400000000000001,0.26311251699842825,6168.0,6168.0,1.1,0.8739471217803421,0.4444444444444444
P01,17,6.0,6.25,6.125,18.507248864068437,11.89,4318,4318,0,1.0,0.0,0.23000000000000004,0.23000000000000004,0.21814811505546844,6425.0,6425.0,0.7666666666666667,0.7245946314126608,0.46296296296296297
P01,17,6.25,6.5,6.375,18.507248864068437,11.89,4687,4685,2,0.9995732878173672,0.00042671218263279354,0.28,0.28,0.23222488711079656,6168.0,6168.0,0.9333333333333332,0.7713516407790584,0.4444444444444444
P01,17,6.5,6.75,6.625,18.507248864068437,11.89,3664,3664,0,1.0,0.0,0.25000000000000006,0.25000000000000006,0.20125667647313558,6168.0,6168.0,0.8333333333333334,0.6684885050292952,0.4444444444444444
P01,17,6.75,7.0,6.875,18.507248864068437,11.89,3891,3891,0,1.0,0.0,0.21000000000000005,0.21000000000000005,0.19172506333831596,6168.0,6168.0,0.7000000000000001,0.6368285674477279,0.4444444444444444
P01,17,7.0,7.25,7.125,18.507248864068437,11.89,3391,3391,0,1.0,0.0,0.21000000000000005,0.21000000000000005,0.1927135119766073,6168.0,6168.0,0.7000000000000001,0.6401117705895517,0.4444444444444444
P01,17,7.25,7.5,7.375,18.507248864068437,11.89,3488,3482,6,0.9982798165137615,0.0017201834862384802,0.22000000000000003,0.23000000000000004,0.18424996589787027,5911.0,5911.0,0.7333333333333333,0.6119994944426449,0.42592592592592593
P01,17,7.5,7.75,7.625,18.507248864068437,11.89,3214,3211,3,0.9990665836963286,0.0009334163036713861,0.23000000000000004,0.24000000000000005,0.20143609391166722,6168.0,6168.0,0.7666666666666667,0.669084452937022,0.4444444444444444
P01,17,7.75,8.0,7.875,18.507248864068437,11.89,3631,3627,4,0.9988983751032773,0.0011016248967227193,0.2700000000000001,0.2700000000000001,0.26206525714337436,5654.0,5654.0,0.9000000000000001,0.8704685729582581,0.4074074074074074
P01,17,8.0,8.25,8.125,18.507248864068437,11.89,3080,3072,8,0.9974025974025974,0.0025974025974025983,0.28,0.30000000000000004,0.4040665753554486,6039.5,5911.0,0.9333333333333332,1.3421361498420978,0.4351851851851852
P01,17,8.25,8.5,8.375,18.507248864068437,11.89,3172,3155,17,0.994640605296343,0.005359394703656983,0.28,0.3500000000000001,0.19993948643446952,6682.0,6682.0,0.9333333333333332,0.6641133637161329,0.48148148148148145
P01,17,8.5,8.75,8.625,18.507248864068437,11.89,4448,3718,730,0.8358812949640287,0.16411870503597126,0.4200000000000001,0.5200000000000001,0.41121311072445166,5397.0,4626.0,1.4000000000000001,1.3658738803297696,0.3888888888888889
P01,17,8.75,9.0,8.875,18.507248864068437,11.89,2496,2477,19,0.9923878205128205,0.007612179487179516,0.24000000000000005,0.32000000000000006,0.17450834904989398,6939.0,6682.0,0.8,0.5796420144454975,0.5
P01,17,9.0,9.25,9.125,18.507248864068437,11.89,3493,3131,362,0.896364156885199,0.10363584311480101,0.28,0.4000000000000001,0.2929402572721951,6168.0,5654.0,0.9333333333333332,0.9730221033085901,0.4444444444444444
P01,17,9.25,9.5,9.375,18.507248864068437,11.89,2492,2492,0,1.0,0.0,0.21000000000000005,0.21000000000000005,0.17885860277879442,6939.0,6939.0,0.7000000000000001,0.5940916946384374,0.5
P01,17,9.5,9.75,9.625,18.507248864068437,11.89,3823,3234,589,0.8459325137326706,0.15406748626732936,0.33000000000000007,0.4800000000000001,0.38968229804923155,6425.0,5654.0,1.1,1.2943577397000452,0.46296296296296297
P01,17,9.75,10.0,9.875,18.507248864068437,11.89,3349,2951,398,0.8811585547924754,0.1188414452075246,0.44000000000000006,0.5800000000000001,0.5331310109090698,6168.0,5654.0,1.4666666666666666,1.7708329418573765,0.4444444444444444
P01,17,10.0,10.25,10.125,18.507248864068437,11.89,3433,2538,895,0.7392950771919604,0.2607049228080396,0.37000000000000005,0.7900000000000001,0.3397361049147373,6682.0,5140.0,1.2333333333333334,1.128457872100675,0.48148148148148145
P01,17,10.25,10.5,10.375,18.507248864068437,11.89,5096,3642,1454,0.7146781789638933,0.2853218210361067,0.5200000000000001,0.9000000000000001,0.5096673309465883,5397.0,4112.0,1.7333333333333336,1.6928966437157407,0.3888888888888889
P01,17,10.5,10.75,10.625,18.507248864068437,11.89,2673,2340,333,0.8754208754208754,0.12457912457912457,0.4300000000000001,0.7100000000000002,0.5360110895331459,6425.0,5654.0,1.4333333333333336,1.7803993298526215,0.46296296296296297
P01,17,10.75,11.0,10.875,18.507248864068437,11.89,4894,361,4533,0.07376379239885573,0.9262362076011442,0.22000000000000003,1.1100000000000003,0.2063225630523298,7710.0,4112.0,0.7333333333333333,0.6853152111307723,0.5555555555555556
P01,17,11.0,11.25,11.125,18.507248864068437,11.89,7015,0,7015,0.0,1.0,0.0,1.4000000000000004,,,3084.0,0.0,,
P01,17,11.25,11.5,11.375,18.507248864068437,11.89,7116,130,6986,0.018268690275435637,0.9817313097245643,0.06000000000000001,1.8300000000000003,0.11102198010261934,7710.0,3341.0,0.2,0.3687674804373453,0.5555555555555556
P01,17,11.5,11.75,11.625,18.507248864068437,11.89,4055,393,3662,0.09691738594327991,0.9030826140567201,0.12000000000000002,1.4000000000000004,0.20782249173475598,7710.0,3084.0,0.4,0.6902973319733545,0.5555555555555556
P01,17,11.75,12.0,11.875,18.507248864068437,11.89,5098,15,5083,0.0029423303256178894,0.9970576696743821,0.030000000000000006,1.6700000000000004,0.3529292656851662,6168.0,3855.0,0.1,1.1722799031238913,0.4444444444444444
P01,17,12.0,12.25,12.125,18.507248864068437,11.89,6590,13,6577,0.0019726858877086493,0.9980273141122914,0.030000000000000006,2.1500000000000004,1.7779681308880992,3855.0,3084.0,0.1,5.9056488392610795,0.2777777777777778
P01,17,12.25,12.5,12.375,18.507248864068437,11.89,9243,28,9215,0.0030293194850156877,0.9969706805149843,0.08000000000000002,3.0300000000000007,1.5745998000857797,4369.0,2570.0,0.26666666666666666,5.230146322719758,0.3148148148148148
P01,17,12.5,12.75,12.625,18.507248864068437,11.89,9339,0,9339,0.0,1.0,0.0,3.4900000000000007,,,2570.0,0.0,,
P01,17,12.75,13.0,12.875,18.507248864068437,11.89,7988,0,7988,0.0,1.0,0.0,3.5700000000000007,,,2313.0,0.0,,
P01,17,13.0,13.25,13.125,18.507248864068437,11.89,11561,0,11561,0.0,1.0,0.0,4.410000000000001,,,2570.0,0.0,,
P01,17,13.25,13.5,13.375,18.507248864068437,11.89,14514,0,14514,0.0,1.0,0.0,4.790000000000001,,,2570.0,0.0,,
P01,17,13.5,13.75,13.625,18.507248864068437,11.89,16798,0,16798,0.0,1.0,0.0,5.670000000000001,,,2313.0,0.0,,
P01,17,13.75,14.0,13.875,18.507248864068437,11.89,14876,0,14876,0.0,1.0,0.0,6.400000000000001,,,1799.0,0.0,,
P01,17,14.0,14.25,14.125,18.507248864068437,11.89,12920,0,12920,0.0,1.0,0.0,6.820000000000001,,,2056.0,0.0,,
P01,17,14.25,14.5,14.375,18.507248864068437,11.89,11550,0,11550,0.0,1.0,0.0,6.350000000000001,,,2313.0,0.0,,
P01,17,14.5,14.75,14.625,18.507248864068437,11.89,11739,0,11739,0.0,1.0,0.0,6.350000000000001,,,2570.0,0.0,,
P01,17,14.75,15.0,14.875,18.507248864068437,11.89,18208,0,18208,0.0,1.0,0.0,8.390000000000002,,,2313.0,0.0,,
P01,17,15.0,15.25,15.125,18.507248864068437,11.89,21665,0,21665,0.0,1.0,0.0,10.030000000000001,,,2313.0,0.0,,
P01,17,15.25,15.5,15.375,18.507248864068437,11.89,16003,0,16003,0.0,1.0,0.0,9.250000000000002,,,2313.0,0.0,,
P01,17,15.5,15.75,15.625,18.507248864068437,11.89,10926,0,10926,0.0,1.0,0.0,8.190000000000001,,,2313.0,0.0,,
P01,17,15.75,16.0,15.875,18.507248864068437,11.89,6100,1,6099,0.0001639344262295082,0.9998360655737705,0.010000000000000002,6.510000000000002,,771.0,2056.0,0.03333333333333333,,0.05555555555555555
P01,17,16.0,16.25,16.125,18.507248864068437,11.89,5165,0,5165,0.0,1.0,0.0,6.490000000000001,,,2570.0,0.0,,
P01,17,16.25,16.5,16.375,18.507248864068437,11.89,7508,0,7508,0.0,1.0,0.0,8.490000000000002,,,2570.0,0.0,,
P01,17,16.5,16.75,16.625,18.507248864068437,11.89,11180,0,11180,0.0,1.0,0.0,10.240000000000002,,,2570.0,0.0,,
P01,17,16.75,17.0,16.875,18.507248864068437,11.89,10236,0,10236,0.0,1.0,0.0,10.610000000000001,,,2827.0,0.0,,
P01,17,17.0,17.25,17.125,18.507248864068437,11.89,6443,0,6443,0.0,1.0,0.0,8.13,,,3084.0,0.0,,
P01,17,17.25,17.5,17.375,18.507248864068437,11.89,5283,0,5283,0.0,1.0,0.0,7.490000000000001,,,2570.0,0.0,,
P01,17,17.5,17.75,17.625,18.507248864068437,11.89,2521,0,2521,0.0,1.0,0.0,5.380000000000001,,,2570.0,0.0,,
P01,17,17.75,18.0,17.875,18.507248864068437,11.89,850,0,850,0.0,1.0,0.0,2.9400000000000004,,,2570.0,0.0,,
P01,17,18.0,18.25,18.125,18.507248864068437,11.89,1051,0,1051,0.0,1.0,0.0,3.0100000000000007,,,2827.0,0.0,,
P01,17,18.25,18.5,18.375,18.507248864068437,11.89,1241,0,1241,0.0,1.0,0.0,2.880000000000001,,,2827.0,0.0,,
P01,17,18.5,18.75,18.625,18.507248864068437,11.89,3220,0,3220,0.0,1.0,0.0,5.320000000000001,,,2827.0,0.0,,
P01,18,0.0,0.25,0.125,18.72343570018222,11.2,8706,8531,175,0.979898920284861,0.02010107971513897,0.4300000000000001,0.45000000000000007,0.34613434310871616,11565.0,11308.0,1.3870967741935485,1.1317588597085464,0.9
P01,18,0.25,0.5,0.375,18.72343570018222,11.2,11363,11325,38,0.9966558127255126,0.0033441872744873757,0.31000000000000005,0.3500000000000001,0.32207483530306436,13364.0,13364.0,1.0,1.0530912508410815,1.04
P01,18,0.5,0.75,0.625,18.72343570018222,11.2,11208,11208,0,1.0,0.0,0.29000000000000004,0.29000000000000004,0.3058375378637227,13107.0,13107.0,0.9354838709677419,1.0,1.02
P01,18,0.75,1.0,0.875,18.72343570018222,11.2,11232,11232,0,1.0,0.0,0.31000000000000005,0.31000000000000005,0.2953101755466661,12850.0,12850.0,1.0,0.9655785800834316,1.0
P01,18,1.0,1.25,1.125,18.72343570018222,11.2,11323,11323,0,1.0,0.0,0.33000000000000007,0.33000000000000007,0.2898480641437418,12336.0,12336.0,1.064516129032258,0.9477190608070302,0.96
P01,18,1.25,1.5,1.375,18.72343570018222,11.2,11015,11015,0,1.0,0.0,0.28,0.28,0.2771066578481083,12850.0,12850.0,0.9032258064516129,0.9060583595581504,1.0
P01,18,1.5,1.75,1.625,18.72343570018222,11.2,11747,11747,0,1.0,0.0,0.2700000000000001,0.2700000000000001,0.2725400891081169,12336.0,12336.0,0.870967741935484,0.8911270049183998,0.96
P01,18,1.75,2.0,1.875,18.72343570018222,11.2,13151,13151,0,1.0,0.0,0.29000000000000004,0.29000000000000004,0.28303621647317234,11565.0,11565.0,0.9354838709677419,0.9254462956057724,0.9
P01,18,2.0,2.25,2.125,18.72343570018222,11.2,13140,13140,0,1.0,0.0,0.29000000000000004,0.29000000000000004,0.2906662169573022,11051.0,11051.0,0.9354838709677419,0.9503941830934415,0.86
P01,18,2.25,2.5,2.375,18.72343570018222,11.2,12653,12653,0,1.0,0.0,0.2700000000000001,0.2700000000000001,0.2840084502527372,10794.0,10794.0,0.870967741935484,0.9286252179393614,0.84
P01,18,2.5,2.75,2.625,18.72343570018222,11.2,11665,11665,0,1.0,0.0,0.23000000000000004,0.23000000000000004,0.26887357613889673,10794.0,10794.0,0.7419354838709677,0.8791385714683048,0.84
P01,18,2.75,3.0,2.875,18.72343570018222,11.2,11472,11472,0,1.0,0.0,0.28,0.28,0.2772100279015245,10794.0,10794.0,0.9032258064516129,0.9063963496366026,0.84
P01,18,3.0,3.25,3.125,18.72343570018222,11.2,10924,10924,0,1.0,0.0,0.25000000000000006,0.25000000000000006,0.2825720258531165,10280.0,10280.0,0.8064516129032259,0.9239285269783561,0.8
P01,18,3.25,3.5,3.375,18.72343570018222,11.2,9908,9908,0,1.0,0.0,0.24000000000000005,0.24000000000000005,0.2781502262128654,9766.0,9766.0,0.7741935483870968,0.9094705252852434,0.76
P01,18,3.5,3.75,3.625,18.72343570018222,11.2,9112,9112,0,1.0,0.0,0.2700000000000001,0.2700000000000001,0.264401871508707,8995.0,8995.0,0.870967741935484,0.8645173949396658,0.7
P01,18,3.75,4.0,3.875,18.72343570018222,11.2,8467,8467,0,1.0,0.0,0.25000000000000006,0.25000000000000006,0.2653748297085432,9252.0,9252.0,0.8064516129032259,0.8676986859173279,0.72
P01,18,4.0,4.25,4.125,18.72343570018222,11.2,8705,8704,1,0.9998851234922458,0.00011487650775421354,0.31000000000000005,0.31000000000000005,0.3009162492089494,8481.0,8481.0,1.0,0.9839088141725553,0.66
P01,18,4.25,4.5,4.375,18.72343570018222,11.2,7301,7301,0,1.0,0.0,0.26000000000000006,0.26000000000000006,0.26661020304753485,7967.0,7967.0,0.8387096774193549,0.8717379982516501,0.62
P01,18,4.5,4.75,4.625,18.72343570018222,11.2,6662,6662,0,1.0,0.0,0.25000000000000006,0.25000000000000006,0.2467142067357707,7967.0,7967.0,0.8064516129032259,0.8066838637894849,0.62
P01,18,4.75,5.0,4.875,18.72343570018222,11.2,7297,7295,2,0.9997259147594902,0.00027408524050975824,0.30000000000000004,0.30000000000000004,0.28310792985111954,7710.0,7710.0,0.967741935483871,0.925680777541666,0.6
P01,18,5.0,5.25,5.125,18.72343570018222,11.2,6998,6986,12,0.9982852243498143,0.0017147756501857403,0.31000000000000005,0.33000000000000007,0.4158981236984427,6682.0,6682.0,1.0,1.3598661779829053,0.52
P01,18,5.25,5.5,5.375,18.72343570018222,11.2,6048,6042,6,0.9990079365079365,0.0009920634920634885,0.3500000000000001,0.3500000000000001,0.2830932689771115,7196.0,7196.0,1.1290322580645162,0.9256328407379942,0.56
P01,18,5.5,5.75,5.625,18.72343570018222,11.2,5282,5282,0,1.0,0.0,0.2700000000000001,0.2700000000000001,0.23901401616725587,6939.0,6939.0,0.870967741935484,0.7815064750938371,0.54
P01,18,5.75,6.0,5.875,18.72343570018222,11.2,6213,6141,72,0.9884113954611299,0.011588604538870118,0.31000000000000005,0.3400000000000001,0.33373043012090803,6168.0,6168.0,1.0,1.091201663641479,0.48
P01,18,6.0,6.25,6.125,18.72343570018222,11.2,5096,5089,7,0.9986263736263736,0.0013736263736263687,0.37000000000000005,0.39000000000000007,0.5778525599253953,6168.0,6168.0,1.1935483870967742,1.8894101880419891,0.48
P01,18,6.25,6.5,6.375,18.72343570018222,11.2,6133,5599,534,0.9129300505462253,0.08706994945377466,0.4200000000000001,0.4900000000000001,0.33306543552609874,6168.0,5911.0,1.3548387096774195,1.0890273242864925,0.48
P01,18,6.5,6.75,6.625,18.72343570018222,11.2,4690,4615,75,0.9840085287846482,0.015991471215351827,0.33000000000000007,0.4000000000000001,0.3663083353606799,5654.0,5654.0,1.064516129032258,1.1977219602255045,0.44
P01,18,6.75,7.0,6.875,18.72343570018222,11.2,5183,5181,2,0.9996141230947327,0.00038587690526725726,0.3600000000000001,0.38000000000000006,0.40251335423495344,5654.0,5654.0,1.1612903225806452,1.3161018658681076,0.44
P01,18,7.0,7.25,7.125,18.72343570018222,11.2,4317,4315,2,0.999536715311559,0.00046328468844103465,0.37000000000000005,0.37000000000000005,0.6281029128595972,5654.0,5654.0,1.1935483870967742,2.053714260345216,0.44
P01,18,7.25,7.5,7.375,18.72343570018222,11.2,4923,4921,2,0.9995937436522445,0.0004062563477554848,0.4200000000000001,0.4300000000000001,0.8706836391766241,6168.0,6168.0,1.3548387096774195,2.8468828426306176,0.48
P01,18,7.5,7.75,7.625,18.72343570018222,11.2,4459,4458,1,0.999775734469612,0.00022426553038801256,0.5200000000000001,0.5200000000000001,0.44677956719276096,5397.0,5397.0,1.6774193548387097,1.460839536943435,0.42
P01,18,7.75,8.0,7.875,18.72343570018222,11.2,5457,5449,8,0.998533993036467,0.0014660069635330508,0.5200000000000001,0.5300000000000001,0.6744441943658565,5397.0,5397.0,1.6774193548387097,2.2052368034246346,0.42
P01,18,8.0,8.25,8.125,18.72343570018222,11.2,6153,5921,232,0.9622948155371364,0.03770518446286364,0.6800000000000002,0.7900000000000001,1.0518027380240453,4883.0,4626.0,2.1935483870967745,3.4390897382018397,0.38
P01,18,8.25,8.5,8.375,18.72343570018222,11.2,6227,5327,900,0.8554681226915047,0.14453187730849526,0.7300000000000001,0.8700000000000002,1.4942300862252331,4883.0,4369.0,2.354838709677419,4.885698781982227,0.38
P01,18,8.5,8.75,8.625,18.72343570018222,11.2,4600,4487,113,0.9754347826086956,0.02456521739130435,0.44000000000000006,0.5000000000000001,0.39277900621337025,6168.0,5911.0,1.4193548387096773,1.2842733725785733,0.48
P01,18,8.75,9.0,8.875,18.72343570018222,11.2,3521,3353,168,0.952286282306163,0.04771371769383703,0.3600000000000001,0.39000000000000007,0.6237759214060798,6425.0,6168.0,1.1612903225806452,2.0395662539110107,0.5
P01,18,9.0,9.25,9.125,18.72343570018222,11.2,3677,3677,0,1.0,0.0,0.33000000000000007,0.33000000000000007,0.30807433986847477,6682.0,6682.0,1.064516129032258,1.0073136934739149,0.52
P01,18,9.25,9.5,9.375,18.72343570018222,11.2,5810,5005,805,0.8614457831325302,0.13855421686746983,0.6600000000000001,0.8500000000000002,0.6587103919386738,5140.0,4626.0,2.129032258064516,2.1537918351676852,0.4
P01,18,9.5,9.75,9.625,18.72343570018222,11.2,6803,5836,967,0.8578568278700573,0.14214317212994265,0.7700000000000001,1.0800000000000003,1.2086489329375842,4883.0,4369.0,2.4838709677419355,3.9519312814901837,0.38
P01,18,9.75,10.0,9.875,18.72343570018222,11.2,5786,5265,521,0.9099550639474594,0.0900449360525406,0.7400000000000001,0.9900000000000002,1.463188953548322,5140.0,4883.0,2.3870967741935485,4.784203285733684,0.4
P01,18,10.0,10.25,10.125,18.72343570018222,11.2,6643,4162,2481,0.6265241607707361,0.37347583922926386,0.7400000000000001,1.0900000000000003,0.7789494330414083,6168.0,4883.0,2.3870967741935485,2.5469386082636403,0.48
P01,18,10.25,10.5,10.375,18.72343570018222,11.2,4981,4248,733,0.8528407950210801,0.14715920497891988,0.5200000000000001,0.9400000000000002,0.5159464451440836,5911.0,5397.0,1.6774193548387097,1.6869951568011339,0.46
P01,18,10.5,10.75,10.625,18.72343570018222,11.2,5875,2746,3129,0.4674042553191489,0.5325957446808511,0.4300000000000001,1.3700000000000003,0.39589013173002324,6682.0,4369.0,1.3870967741935485,1.2944458502226983,0.52
P01,18,10.75,11.0,10.875,18.72343570018222,11.2,9657,2807,6850,0.29066998032515273,0.7093300196748473,0.4300000000000001,2.1300000000000003,0.7257182582765853,6168.0,3598.0,1.3870967741935485,2.3728881135577153,0.48
P01,18,11.0,11.25,11.125,18.72343570018222,11.2,12193,2039,10154,0.16722709751496762,0.8327729024850323,0.3600000000000001,3.1600000000000006,0.2432080817361382,6682.0,3084.0,1.1612903225806452,0.7952198524581002,0.52
P01,18,11.25,11.5,11.375,18.72343570018222,11.2,13764,1944,11820,0.14123801220575413,0.8587619877942458,0.3500000000000001,3.630000000000001,0.5345753939749496,6682.0,2827.0,1.1290322580645162,1.747906413676236,0.52
P01,18,11.5,11.75,11.625,18.72343570018222,11.2,11846,1872,9974,0.1580280263380044,0.8419719736619956,0.29000000000000004,3.3300000000000005,0.5162547966825498,6939.0,2827.0,0.9354838709677419,1.688003376853584,0.54
P01,18,11.75,12.0,11.875,18.72343570018222,11.2,11630,1638,9992,0.14084264832330182,0.8591573516766982,0.29000000000000004,3.190000000000001,0.4233241054813841,7196.0,2827.0,0.9354838709677419,1.3841469835204203,0.56
P01,18,12.0,12.25,12.125,18.72343570018222,11.2,11399,473,10926,0.041494867970874635,0.9585051320291254,0.18000000000000005,3.4300000000000006,0.4532238118759619,7453.0,3084.0,0.5806451612903226,1.4819103470480874,0.58
P01,18,12.25,12.5,12.375,18.72343570018222,11.2,13618,165,13453,0.012116316639741519,0.9878836833602584,0.20000000000000004,4.690000000000001,1.762003456067013,5654.0,2827.0,0.6451612903225806,5.76123999811998,0.44
P01,18,12.5,12.75,12.625,18.72343570018222,11.2,22563,14,22549,0.0006204848646013385,0.9993795151353987,0.08000000000000002,5.900000000000001,1.6179271159849753,5011.5,2313.0,0.25806451612903225,5.290152174537525,0.39
P01,18,12.75,13.0,12.875,18.72343570018222,11.2,19613,51,19562,0.0026003161168612655,0.9973996838831387,0.06000000000000001,6.560000000000001,0.13688937101334364,8738.0,2313.0,0.1935483870967742,0.4475885202631333,0.68
P01,18,13.0,13.25,13.125,18.72343570018222,11.2,15131,17,15114,0.0011235212477694798,0.9988764787522305,0.08000000000000002,6.050000000000002,0.9242502873802172,6168.0,2313.0,0.25806451612903225,3.022030238132676,0.48
P01,18,13.25,13.5,13.375,18.72343570018222,11.2,26997,123,26874,0.004556061784642738,0.9954439382153573,0.10000000000000002,8.360000000000001,0.1877161408438149,6168.0,2570.0,0.3225806451612903,0.6137773085508517,0.48
P01,18,13.5,13.75,13.625,18.72343570018222,11.2,29452,43,29409,0.0014600027162841233,0.9985399972837159,0.11000000000000001,8.360000000000001,1.725886061796965,6939.0,2570.0,0.3548387096774193,5.643146599506035,0.54
P01,18,13.75,14.0,13.875,18.72343570018222,11.2,19063,9,19054,0.0004721187640979909,0.999527881235902,0.020000000000000004,7.700000000000001,0.03126570168327053,7196.0,2827.0,0.06451612903225806,0.10222977173325966,0.56
P01,18,14.0,14.25,14.125,18.72343570018222,11.2,27428,1,27427,3.6459092897768706e-05,0.9999635409071023,0.010000000000000002,10.780000000000003,,12079.0,2570.0,0.03225806451612903,,0.94
P01,18,14.25,14.5,14.375,18.72343570018222,11.2,32161,2,32159,6.218712104723112e-05,0.9999378128789528,0.020000000000000004,12.440000000000003,0.09128115937967318,10665.5,2827.0,0.06451612903225806,0.29846290294276073,0.83
P01,18,14.5,14.75,14.625,18.72343570018222,11.2,17296,3,17293,0.0001734505087881591,0.9998265494912119,0.010000000000000002,9.510000000000002,0.015321954300568466,17476.0,2570.0,0.03225806451612903,0.05009834439419184,1.36
P01,18,14.75,15.0,14.875,18.72343570018222,11.2,13787,6,13781,0.00043519257271342566,0.9995648074272866,0.030000000000000006,8.120000000000001,1.8740668610849909,899.5,2570.0,0.0967741935483871,6.127654813648321,0.07
P01,18,15.0,15.25,15.125,18.72343570018222,11.2,14922,0,14922,0.0,1.0,0.0,8.100000000000001,,,2827.0,0.0,,
P01,18,15.25,15.5,15.375,18.72343570018222,11.2,10335,0,10335,0.0,1.0,0.0,8.330000000000002,,,2827.0,0.0,,
P01,18,15.5,15.75,15.625,18.72343570018222,11.2,11078,0,11078,0.0,1.0,0.0,8.870000000000001,,,2827.0,0.0,,
P01,18,15.75,16.0,15.875,18.72343570018222,11.2,14536,0,14536,0.0,1.0,0.0,11.130000000000003,,,2827.0,0.0,,
P01,18,16.0,16.25,16.125,18.72343570018222,11.2,11829,21,11808,0.001775297996449404,0.9982247020035506,0.020000000000000004,10.350000000000001,0.04623851208881181,8224.0,2827.0,0.06451612903225806,0.15118651690628995,0.64
P01,18,16.25,16.5,16.375,18.72343570018222,11.2,8336,0,8336,0.0,1.0,0.0,8.190000000000001,,,2827.0,0.0,,
P01,18,16.5,16.75,16.625,18.72343570018222,11.2,5446,1,5445,0.0001836210062431142,0.9998163789937569,0.010000000000000002,6.420000000000001,,514.0,2570.0,0.03225806451612903,,0.04
P01,18,16.75,17.0,16.875,18.72343570018222,11.2,3374,0,3374,0.0,1.0,0.0,5.070000000000001,,,3084.0,0.0,,
P01,18,17.0,17.25,17.125,18.72343570018222,11.2,3190,0,3190,0.0,1.0,0.0,5.470000000000001,,,3084.0,0.0,,
P01,18,17.25,17.5,17.375,18.72343570018222,11.2,1491,0,1491,0.0,1.0,0.0,3.420000000000001,,,2827.0,0.0,,
P01,18,17.5,17.75,17.625,18.72343570018222,11.2,1289,0,1289,0.0,1.0,0.0,2.9700000000000006,,,2570.0,0.0,,
P01,18,17.75,18.0,17.875,18.72343570018222,11.2,1193,0,1193,0.0,1.0,0.0,2.9600000000000004,,,3084.0,0.0,,
P01,18,18.0,18.25,18.125,18.72343570018222,11.2,1267,0,1267,0.0,1.0,0.0,2.6500000000000004,,,3084.0,0.0,,
P01,18,18.25,18.5,18.375,18.72343570018222,11.2,758,0,758,0.0,1.0,0.0,2.2000000000000006,,,2570.0,0.0,,
P01,18,18.5,18.75,18.625,18.72343570018222,11.2,4436,0,4436,0.0,1.0,0.0,5.620000000000001,,,3084.0,0.0,,
P01,19,0.0,0.25,0.125,17.610843657666138,12.16,9663,9519,144,0.9850977957156163,0.014902204284383713,0.4900000000000001,0.5200000000000001,0.38340709451574917,8481.0,8481.0,1.5806451612903227,1.3980335277450213,0.9166666666666666
P01,19,0.25,0.5,0.375,17.610843657666138,12.16,8882,8882,0,1.0,0.0,0.30000000000000004,0.30000000000000004,0.2839785202799234,8738.0,8738.0,0.967741935483871,1.0354829062623,0.9444444444444444
P01,19,0.5,0.75,0.625,17.610843657666138,12.16,9640,9640,0,1.0,0.0,0.31000000000000005,0.31000000000000005,0.2742474246194734,9252.0,9252.0,1.0,1.0,1.0
P01,19,0.75,1.0,0.875,17.610843657666138,12.16,11706,11706,0,1.0,0.0,0.31000000000000005,0.31000000000000005,0.26568025900768116,10280.0,10280.0,1.0,0.9687611811717852,1.1111111111111112
P01,19,1.0,1.25,1.125,17.610843657666138,12.16,12592,12592,0,1.0,0.0,0.30000000000000004,0.30000000000000004,0.25516269327365393,10537.0,10537.0,0.967741935483871,0.9304105357696609,1.1388888888888888
P01,19,1.25,1.5,1.375,17.610843657666138,12.16,13729,13726,3,0.9997814844489766,0.00021851555102336828,0.28,0.28,0.2417540072651714,10280.0,10280.0,0.9032258064516129,0.8815178760588633,1.1111111111111112
P01,19,1.5,1.75,1.625,17.610843657666138,12.16,14841,14841,0,1.0,0.0,0.29000000000000004,0.29000000000000004,0.22821919291643758,11308.0,11308.0,0.9354838709677419,0.8321653092389059,1.2222222222222223
P01,19,1.75,2.0,1.875,17.610843657666138,12.16,16056,16056,0,1.0,0.0,0.26000000000000006,0.26000000000000006,0.23058620879552572,11308.0,11308.0,0.8387096774193549,0.8407962594925771,1.2222222222222223
P01,19,2.0,2.25,2.125,17.610843657666138,12.16,16978,16978,0,1.0,0.0,0.26000000000000006,0.26000000000000006,0.23132498748158967,11051.0,11051.0,0.8387096774193549,0.8434900995061672,1.1944444444444444
P01,19,2.25,2.5,2.375,17.610843657666138,12.16,15528,15528,0,1.0,0.0,0.26000000000000006,0.26000000000000006,0.22461889866637247,10794.0,10794.0,0.8387096774193549,0.8190374038262639,1.1666666666666667
P01,19,2.5,2.75,2.625,17.610843657666138,12.16,13910,13910,0,1.0,0.0,0.26000000000000006,0.26000000000000006,0.2282254341760761,9766.0,9766.0,0.8387096774193549,0.8321880670082712,1.0555555555555556
P01,19,2.75,3.0,2.875,17.610843657666138,12.16,12209,12209,0,1.0,0.0,0.25000000000000006,0.25000000000000006,0.22539964486237124,9509.0,9509.0,0.8064516129032259,0.8218842717488417,1.0277777777777777
P01,19,3.0,3.25,3.125,17.610843657666138,12.16,10648,10648,0,1.0,0.0,0.21000000000000005,0.21000000000000005,0.22302880964940228,9252.0,9252.0,0.6774193548387097,0.8132393948962748,1.0
P01,19,3.25,3.5,3.375,17.610843657666138,12.16,10245,10245,0,1.0,0.0,0.25000000000000006,0.25000000000000006,0.22479501694495607,8995.0,8995.0,0.8064516129032259,0.8196795913648632,0.9722222222222222
P01,19,3.5,3.75,3.625,17.610843657666138,12.16,9438,9438,0,1.0,0.0,0.22000000000000003,0.22000000000000003,0.22321514292726088,8481.0,8481.0,0.7096774193548386,0.8139188298193818,0.9166666666666666
P01,19,3.75,4.0,3.875,17.610843657666138,12.16,8297,8297,0,1.0,0.0,0.23000000000000004,0.23000000000000004,0.22495021705038437,7967.0,7967.0,0.7419354838709677,0.8202455040827079,0.8611111111111112
P01,19,4.0,4.25,4.125,17.610843657666138,12.16,7782,7782,0,1.0,0.0,0.23000000000000004,0.23000000000000004,0.22143305987087203,7838.5,7838.5,0.7419354838709677,0.8074207448916507,0.8472222222222222
P01,19,4.25,4.5,4.375,17.610843657666138,12.16,6993,6993,0,1.0,0.0,0.22000000000000003,0.22000000000000003,0.22178412930834554,7710.0,7710.0,0.7096774193548386,0.8087008642508776,0.8333333333333334
P01,19,4.5,4.75,4.625,17.610843657666138,12.16,6994,6994,0,1.0,0.0,0.25000000000000006,0.25000000000000006,0.21469280369646532,7453.0,7453.0,0.8064516129032259,0.7828434633227936,0.8055555555555556
P01,19,4.75,5.0,4.875,17.610843657666138,12.16,6404,6404,0,1.0,0.0,0.23000000000000004,0.23000000000000004,0.2108641738668632,7196.0,7196.0,0.7419354838709677,0.7688829682154487,0.7777777777777778
P01,19,5.0,5.25,5.125,17.610843657666138,12.16,5974,5974,0,1.0,0.0,0.24000000000000005,0.24000000000000005,0.21857149852697516,6939.0,6939.0,0.7741935483870968,0.796986512563426,0.75
P01,19,5.25,5.5,5.375,17.610843657666138,12.16,5689,5689,0,1.0,0.0,0.22000000000000003,0.22000000000000003,0.21230261273918247,6939.0,6939.0,0.7096774193548386,0.7741280087999324,0.75
P01,19,5.5,5.75,5.625,17.610843657666138,12.16,5528,5528,0,1.0,0.0,0.23000000000000004,0.23000000000000004,0.21759055467241786,6682.0,6682.0,0.7419354838709677,0.7934096554391763,0.7222222222222222
P01,19,5.75,6.0,5.875,17.610843657666138,12.16,4962,4962,0,1.0,0.0,0.22000000000000003,0.22000000000000003,0.21982663689472187,6939.0,6939.0,0.7096774193548386,0.8015631767544873,0.75
P01,19,6.0,6.25,6.125,17.610843657666138,12.16,5045,5045,0,1.0,0.0,0.2700000000000001,0.2700000000000001,0.21966519183259928,7196.0,7196.0,0.870967741935484,0.8009744927865463,0.7777777777777778
P01,19,6.25,6.5,6.375,17.610843657666138,12.16,4744,4744,0,1.0,0.0,0.24000000000000005,0.24000000000000005,0.2192431297448844,6939.0,6939.0,0.7741935483870968,0.7994355099198868,0.75
P01,19,6.5,6.75,6.625,17.610843657666138,12.16,4313,4313,0,1.0,0.0,0.23000000000000004,0.23000000000000004,0.21842160963801024,6939.0,6939.0,0.7419354838709677,0.7964399663591257,0.75
P01,19,6.75,7.0,6.875,17.610843657666138,12.16,4523,4523,0,1.0,0.0,0.25000000000000006,0.25000000000000006,0.21286662495118305,6939.0,6939.0,0.8064516129032259,0.776184590417,0.75
P01,19,7.0,7.25,7.125,17.610843657666138,12.16,4259,4259,0,1.0,0.0,0.30000000000000004,0.30000000000000004,0.27619299195154756,6939.0,6939.0,0.967741935483871,1.0070942045664557,0.75
P01,19,7.25,7.5,7.375,17.610843657666138,12.16,4182,4182,0,1.0,0.0,0.26000000000000006,0.26000000000000006,0.2082847771435422,6939.0,6939.0,0.8387096774193549,0.7594776046941686,0.75
P01,19,7.5,7.75,7.625,17.610843657666138,12.16,3905,3905,0,1.0,0.0,0.26000000000000006,0.26000000000000006,0.21384527119438657,6682.0,6682.0,0.8387096774193549,0.7797530696636563,0.7222222222222222
P01,19,7.75,8.0,7.875,17.610843657666138,12.16,3818,3818,0,1.0,0.0,0.23000000000000004,0.23000000000000004,0.20560520389279552,6939.0,6939.0,0.7419354838709677,0.7497069632580105,0.75
P01,19,8.0,8.25,8.125,17.610843657666138,12.16,4596,4596,0,1.0,0.0,0.29000000000000004,0.29000000000000004,0.26980502215014934,6682.0,6682.0,0.9354838709677419,0.9838014797204094,0.7222222222222222
P01,19,8.25,8.5,8.375,17.610843657666138,12.16,3708,3708,0,1.0,0.0,0.25000000000000006,0.25000000000000006,0.2086710310964774,6939.0,6939.0,0.8064516129032259,0.7608860188423456,0.75
P01,19,8.5,8.75,8.625,17.610843657666138,12.16,3865,3864,1,0.9997412677878396,0.0002587322121604396,0.30000000000000004,0.30000000000000004,0.26765525305112386,6425.0,6425.0,0.967741935483871,0.9759626856022573,0.6944444444444444
P01,19,8.75,9.0,8.875,17.610843657666138,12.16,3412,3397,15,0.9956037514654161,0.004396248534583869,0.31000000000000005,0.31000000000000005,0.2518447672418878,6682.0,6682.0,1.0,0.9183122415509647,0.7222222222222222
P01,19,9.0,9.25,9.125,17.610843657666138,12.16,4924,4697,227,0.9538992688870837,0.04610073111291635,0.4600000000000001,0.5200000000000001,0.34494318361178367,5911.0,5654.0,1.4838709677419355,1.2577809402965325,0.6388888888888888
P01,19,9.25,9.5,9.375,17.610843657666138,12.16,3882,3534,348,0.910355486862442,0.08964451313755795,0.4000000000000001,0.4600000000000001,0.4850568220460734,6425.0,6168.0,1.2903225806451613,1.7686832345612888,0.6944444444444444
P01,19,9.5,9.75,9.625,17.610843657666138,12.16,4580,4283,297,0.9351528384279476,0.06484716157205239,0.4000000000000001,0.45000000000000007,0.35699061331418075,6168.0,5654.0,1.2903225806451613,1.301709993483133,0.6666666666666666
P01,19,9.75,10.0,9.875,17.610843657666138,12.16,4550,3919,631,0.8613186813186813,0.13868131868131872,0.44000000000000006,0.5700000000000001,0.5967284761703073,6168.0,5911.0,1.4193548387096773,2.175876316790527,0.6666666666666666
P01,19,10.0,10.25,10.125,17.610843657666138,12.16,4289,3905,384,0.91046864070879,0.08953135929121003,0.5100000000000001,0.6300000000000001,0.45911129586721466,5654.0,5397.0,1.6451612903225807,1.674076963545767,0.6111111111111112
P01,19,10.25,10.5,10.375,17.610843657666138,12.16,4928,4213,715,0.8549107142857143,0.1450892857142857,0.6100000000000001,0.9100000000000001,1.091972418625428,5911.0,5397.0,1.967741935483871,3.981705279969622,0.6388888888888888
P01,19,10.5,10.75,10.625,17.610843657666138,12.16,7474,4465,3009,0.5974043350280974,0.4025956649719026,0.6200000000000001,1.2500000000000002,0.5869359399841613,5654.0,4369.0,2.0,2.1401693773370987,0.6111111111111112
P01,19,10.75,11.0,10.875,17.610843657666138,12.16,5452,3189,2263,0.58492296404989,0.41507703595011003,0.6100000000000001,1.2100000000000002,0.6308962897662257,5397.0,4883.0,1.967741935483871,2.3004638626656693,0.5833333333333334
P01,19,11.0,11.25,11.125,17.610843657666138,12.16,6155,1251,4904,0.2032493907392364,0.7967506092607636,0.4100000000000001,1.4300000000000004,0.6028055261275427,6168.0,4369.0,1.3225806451612905,2.19803532143995,0.6666666666666666
P01,19,11.25,11.5,11.375,17.610843657666138,12.16,5479,913,4566,0.16663624749041797,0.8333637525095821,0.2700000000000001,1.2500000000000002,0.5533284711521558,6425.0,4626.0,0.870967741935484,2.017625040307729,0.6944444444444444
P01,19,11.5,11.75,11.625,17.610843657666138,12.16,5395,1722,3673,0.3191844300278035,0.6808155699721965,0.24000000000000005,1.0200000000000002,0.24820935959538812,6682.0,4883.0,0.7741935483870968,0.9050563006736932,0.7222222222222222
P01,19,11.75,12.0,11.875,17.610843657666138,12.16,5802,1480,4322,0.25508445363667703,0.744915546363323,0.25000000000000006,1.5100000000000002,0.2252658510082439,6939.0,4369.0,0.8064516129032259,0.8213964135517666,0.75
P01,19,12.0,12.25,12.125,17.610843657666138,12.16,8406,602,7804,0.07161551272900309,0.9283844872709969,0.25000000000000006,2.2200000000000006,0.6878059263766646,6682.0,4112.0,0.8064516129032259,2.507975881016991,0.7222222222222222
P01,19,12.25,12.5,12.375,17.610843657666138,12.16,8710,305,8405,0.03501722158438576,0.9649827784156142,0.14,2.4800000000000004,0.1871154393877859,6939.0,3598.0,0.45161290322580644,0.6822869518188339,0.75
P01,19,12.5,12.75,12.625,17.610843657666138,12.16,11615,101,11514,0.008695652173913044,0.991304347826087,0.12000000000000002,3.130000000000001,0.32889207924070873,6682.0,3084.0,0.3870967741935484,1.1992531185919302,0.7222222222222222
P01,19,12.75,13.0,12.875,17.610843657666138,12.16,14658,13,14645,0.0008868877063719471,0.9991131122936281,0.05000000000000001,4.210000000000001,0.18344844356820925,5911.0,2570.0,0.16129032258064516,0.6689158296481709,0.6388888888888888
P01,19,13.0,13.25,13.125,17.610843657666138,12.16,14654,11,14643,0.0007506482871570902,0.9992493517128429,0.06000000000000001,4.900000000000001,0.2360166655425751,5654.0,2570.0,0.1935483870967742,0.8605975639335735,0.6111111111111112
P01,19,13.25,13.5,13.375,17.610843657666138,12.16,12516,19,12497,0.001518056887184404,0.9984819431128156,0.10000000000000002,4.960000000000001,0.42630422535556145,4112.0,2313.0,0.3225806451612903,1.554451152812361,0.4444444444444444
P01,19,13.5,13.75,13.625,17.610843657666138,12.16,14306,17,14289,0.0011883125961135188,0.9988116874038865,0.06000000000000001,5.7200000000000015,0.7106730824013097,5654.0,2570.0,0.1935483870967742,2.5913573605564033,0.6111111111111112
P01,19,13.75,14.0,13.875,17.610843657666138,12.16,15623,15,15608,0.0009601228957306535,0.9990398771042693,0.020000000000000004,6.8900000000000015,1.0049226312822057,7453.0,2570.0,0.06451612903225806,3.664291953430616,0.8055555555555556
P01,19,14.0,14.25,14.125,17.610843657666138,12.16,21459,3,21456,0.0001398014818957081,0.9998601985181043,0.020000000000000004,7.980000000000001,0.5406525900797371,8481.0,2570.0,0.06451612903225806,1.9714044382728806,0.9166666666666666
P01,19,14.25,14.5,14.375,17.610843657666138,12.16,21719,18,21701,0.0008287674386481882,0.9991712325613518,0.030000000000000006,8.860000000000001,0.07748922191640659,9509.0,2570.0,0.0967741935483871,0.28255223189032763,1.0277777777777777
P01,19,14.5,14.75,14.625,17.610843657666138,12.16,18099,9,18090,0.0004972650422675286,0.9995027349577325,0.06000000000000001,9.550000000000002,0.8955189784369264,8738.0,2570.0,0.1935483870967742,3.2653687803248697,0.9444444444444444
P01,19,14.75,15.0,14.875,17.610843657666138,12.16,17766,64,17702,0.003602386581109985,0.99639761341889,0.08000000000000002,9.160000000000002,0.14794255298618195,3212.5,2570.0,0.25806451612903225,0.5394491969850099,0.3472222222222222
P01,19,15.0,15.25,15.125,17.610843657666138,12.16,14076,2,14074,0.00014208581983518045,0.9998579141801648,0.020000000000000004,9.210000000000003,0.008944272255433944,3469.5,2570.0,0.06451612903225806,0.03261387875508546,0.375
P01,19,15.25,15.5,15.375,17.610843657666138,12.16,14502,0,14502,0.0,1.0,0.0,9.990000000000002,,,2570.0,0.0,,
P01,19,15.5,15.75,15.625,17.610843657666138,12.16,18146,0,18146,0.0,1.0,0.0,10.710000000000003,,,2570.0,0.0,,
P01,19,15.75,16.0,15.875,17.610843657666138,12.16,16869,1,16868,5.928033671231253e-05,0.9999407196632877,0.010000000000000002,11.200000000000003,,514.0,2570.0,0.03225806451612903,,0.05555555555555555
P01,19,16.0,16.25,16.125,17.610843657666138,12.16,12387,0,12387,0.0,1.0,0.0,10.450000000000003,,,2570.0,0.0,,
P01,19,16.25,16.5,16.375,17.610843657666138,12.16,7859,2,7857,0.0002544853034737244,0.9997455146965263,0.010000000000000002,9.710000000000003,0.043660622961202496,771.0,2570.0,0.03225806451612903,0.1592015787268848,0.08333333333333333
P01,19,16.5,16.75,16.625,17.610843657666138,12.16,7691,1,7690,0.0001300221037576388,0.9998699778962423,0.010000000000000002,8.910000000000002,,15677.0,2827.0,0.03225806451612903,,1.6944444444444444
P01,19,16.75,17.0,16.875,17.610843657666138,12.16,7059,0,7059,0.0,1.0,0.0,8.480000000000002,,,3084.0,0.0,,
P01,19,17.0,17.25,17.125,17.610843657666138,12.16,5611,0,5611,0.0,1.0,0.0,7.770000000000001,,,3084.0,0.0,,
P01,19,17.25,17.5,17.375,17.610843657666138,12.16,3239,0,3239,0.0,1.0,0.0,5.900000000000001,,,3084.0,0.0,,
P01,19,17.5,17.75,17.625,17.610843657666138,12.16,4226,0,4226,0.0,1.0,0.0,6.120000000000001,,,3084.0,0.0,,
P01,20,0.0,0.25,0.125,17.33362381776656,12.65,4000,3450,550,0.8625,0.13749999999999996,0.4000000000000001,0.5100000000000001,0.32286374811231455,9509.0,8995.0,1.4814814814814814,1.2470709239326108,1.0277777777777777
P01,20,0.25,0.5,0.375,17.33362381776656,12.65,3851,3843,8,0.9979226175019476,0.002077382498052449,0.31000000000000005,0.3400000000000001,0.2757555036078683,9509.0,9509.0,1.1481481481481481,1.0651139146911561,1.0277777777777777
P01,20,0.5,0.75,0.625,17.33362381776656,12.65,4101,4101,0,1.0,0.0,0.24000000000000005,0.24000000000000005,0.2588976632493129,9252.0,9252.0,0.8888888888888888,1.0,1.0
P01,20,0.75,1.0,0.875,17.33362381776656,12.65,4083,4082,1,0.9997550820475141,0.0002449179524859346,0.2700000000000001,0.2700000000000001,0.2521618460182257,8995.0,8995.0,1.0,0.9739827036422467,0.9722222222222222
P01,20,1.0,1.25,1.125,17.33362381776656,12.65,4066,4065,1,0.999754058042302,0.00024594195769800375,0.25000000000000006,0.25000000000000006,0.23770271199123766,7967.0,7967.0,0.9259259259259259,0.9181338641992108,0.8611111111111112
P01,20,1.25,1.5,1.375,17.33362381776656,12.65,3965,3965,0,1.0,0.0,0.21000000000000005,0.21000000000000005,0.23118866725666512,8224.0,8224.0,0.7777777777777778,0.8929731707699323,0.8888888888888888
P01,20,1.5,1.75,1.625,17.33362381776656,12.65,3973,3973,0,1.0,0.0,0.21000000000000005,0.21000000000000005,0.22482526314336018,7967.0,7967.0,0.7777777777777778,0.8683943312646212,0.8611111111111112
P01,20,1.75,2.0,1.875,17.33362381776656,12.65,3798,3798,0,1.0,0.0,0.23000000000000004,0.23000000000000004,0.2208771145590423,7710.0,7710.0,0.8518518518518517,0.8531444887795003,0.8333333333333334
P01,20,2.0,2.25,2.125,17.33362381776656,12.65,3749,3749,0,1.0,0.0,0.22000000000000003,0.22000000000000003,0.21769244276676514,8224.0,8224.0,0.8148148148148147,0.8408435983338018,0.8888888888888888
P01,20,2.25,2.5,2.375,17.33362381776656,12.65,3802,3802,0,1.0,0.0,0.20000000000000004,0.20000000000000004,0.22387462988722076,8224.0,8224.0,0.7407407407407407,0.8647224817615843,0.8888888888888888
P01,20,2.5,2.75,2.625,17.33362381776656,12.65,3715,3715,0,1.0,0.0,0.20000000000000004,0.20000000000000004,0.21754975742679758,8224.0,8224.0,0.7407407407407407,0.8402924719227838,0.8888888888888888
P01,20,2.75,3.0,2.875,17.33362381776656,12.65,3861,3861,0,1.0,0.0,0.23000000000000004,0.23000000000000004,0.2196474449034416,7710.0,7710.0,0.8518518518518517,0.8483948528030004,0.8333333333333334
P01,20,3.0,3.25,3.125,17.33362381776656,12.65,3789,3789,0,1.0,0.0,0.23000000000000004,0.23000000000000004,0.22045362259281057,7453.0,7453.0,0.8518518518518517,0.8515087383408264,0.8055555555555556
P01,20,3.25,3.5,3.375,17.33362381776656,12.65,3871,3871,0,1.0,0.0,0.23000000000000004,0.23000000000000004,0.21889836890889347,7196.0,7196.0,0.8518518518518517,0.845501524276405,0.7777777777777778
P01,20,3.5,3.75,3.625,17.33362381776656,12.65,3824,3824,0,1.0,0.0,0.20000000000000004,0.20000000000000004,0.21070026041002554,7196.0,7196.0,0.7407407407407407,0.8138360839785784,0.7777777777777778
P01,20,3.75,4.0,3.875,17.33362381776656,12.65,4151,4151,0,1.0,0.0,0.21000000000000005,0.21000000000000005,0.2202566683108498,7196.0,7196.0,0.7777777777777778,0.850747996511453,0.7777777777777778
P01,20,4.0,4.25,4.125,17.33362381776656,12.65,3750,3750,0,1.0,0.0,0.20000000000000004,0.20000000000000004,0.21484180288015148,6939.0,6939.0,0.7407407407407407,0.8298329161560003,0.75
P01,20,4.25,4.5,4.375,17.33362381776656,12.65,4101,4101,0,1.0,0.0,0.23000000000000004,0.23000000000000004,0.21400934527776003,7196.0,7196.0,0.8518518518518517,0.8266175236648374,0.7777777777777778
P01,20,4.5,4.75,4.625,17.33362381776656,12.65,3617,3617,0,1.0,0.0,0.21000000000000005,0.21000000000000005,0.2071641774879586,6939.0,6939.0,0.7777777777777778,0.8001778574898296,0.75
P01,20,4.75,5.0,4.875,17.33362381776656,12.65,3556,3556,0,1.0,0.0,0.20000000000000004,0.20000000000000004,0.20279792583923323,7453.0,7453.0,0.7407407407407407,0.7833130793611806,0.8055555555555556
P01,20,5.0,5.25,5.125,17.33362381776656,12.65,3762,3762,0,1.0,0.0,0.19000000000000003,0.19000000000000003,0.1993895684158256,7196.0,7196.0,0.7037037037037036,0.7701481964470948,0.7777777777777778
P01,20,5.25,5.5,5.375,17.33362381776656,12.65,3557,3557,0,1.0,0.0,0.21000000000000005,0.21000000000000005,0.19637514567130832,7196.0,7196.0,0.7777777777777778,0.7585048980616069,0.7777777777777778
P01,20,5.5,5.75,5.625,17.33362381776656,12.65,3547,3547,0,1.0,0.0,0.22000000000000003,0.22000000000000003,0.1938917228034497,6939.0,6939.0,0.8148148148148147,0.7489126026476961,0.75
P01,20,5.75,6.0,5.875,17.33362381776656,12.65,3327,3327,0,1.0,0.0,0.19000000000000003,0.19000000000000003,0.19115098404470807,6939.0,6939.0,0.7037037037037036,0.7383264168770568,0.75
P01,20,6.0,6.25,6.125,17.33362381776656,12.65,3162,3162,0,1.0,0.0,0.16000000000000003,0.16000000000000003,0.19014073391422912,7196.0,7196.0,0.5925925925925926,0.7344242954063578,0.7777777777777778
P01,20,6.25,6.5,6.375,17.33362381776656,12.65,3085,3085,0,1.0,0.0,0.19000000000000003,0.19000000000000003,0.1854249064953319,6682.0,6682.0,0.7037037037037036,0.7162092703663056,0.7222222222222222
P01,20,6.5,6.75,6.625,17.33362381776656,12.65,3203,3203,0,1.0,0.0,0.20000000000000004,0.20000000000000004,0.17847324708346318,7453.0,7453.0,0.7407407407407407,0.689358277102707,0.8055555555555556
P01,20,6.75,7.0,6.875,17.33362381776656,12.65,3062,3062,0,1.0,0.0,0.17000000000000004,0.17000000000000004,0.18001652696421794,6682.0,6682.0,0.6296296296296297,0.6953192419927942,0.7222222222222222
P01,20,7.0,7.25,7.125,17.33362381776656,12.65,2899,2899,0,1.0,0.0,0.20000000000000004,0.20000000000000004,0.18007275559588554,6939.0,6939.0,0.7407407407407407,0.6955364267713738,0.75
P01,20,7.25,7.5,7.375,17.33362381776656,12.65,2752,2752,0,1.0,0.0,0.19000000000000003,0.19000000000000003,0.1763348522709774,6939.0,6939.0,0.7037037037037036,0.6810986629152026,0.75
P01,20,7.5,7.75,7.625,17.33362381776656,12.65,2978,2978,0,1.0,0.0,0.26000000000000006,0.26000000000000006,0.2025150384570749,6939.0,6939.0,0.9629629629629629,0.7822204183513902,0.75
P01,20,7.75,8.0,7.875,17.33362381776656,12.65,3299,3291,8,0.9975750227341619,0.002424977265838124,0.29000000000000004,0.29000000000000004,0.4121644041461478,6425.0,6425.0,1.074074074074074,1.5919973899078506,0.6944444444444444
P01,20,8.0,8.25,8.125,17.33362381776656,12.65,2776,2776,0,1.0,0.0,0.21000000000000005,0.21000000000000005,0.18515533638328274,6939.0,6939.0,0.7777777777777778,0.7151680477122813,0.75
P01,20,8.25,8.5,8.375,17.33362381776656,12.65,3050,3046,4,0.9986885245901639,0.0013114754098361159,0.23000000000000004,0.24000000000000005,0.22812879498412753,6425.0,6425.0,0.8518518518518517,0.8811543222174407,0.6944444444444444
P01,20,8.5,8.75,8.625,17.33362381776656,12.65,3634,3613,21,0.9942212438084755,0.005778756191524459,0.4000000000000001,0.4000000000000001,0.47640485867122995,5654.0,5654.0,1.4814814814814814,1.8401280749006308,0.6111111111111112
P01,20,8.75,9.0,8.875,17.33362381776656,12.65,2394,2385,9,0.9962406015037594,0.003759398496240629,0.30000000000000004,0.32000000000000006,0.5882371496430565,6939.0,6939.0,1.111111111111111,2.272083657536131,0.75
P01,20,9.0,9.25,9.125,17.33362381776656,12.65,3418,3409,9,0.997366881217086,0.0026331187829139457,0.4000000000000001,0.4000000000000001,0.44761031091907755,6168.0,5911.0,1.4814814814814814,1.7289082693961528,0.6666666666666666
P01,20,9.25,9.5,9.375,17.33362381776656,12.65,3917,3794,123,0.9685984171559867,0.03140158284401329,0.5500000000000002,0.5800000000000001,1.1059479079633971,5397.0,5397.0,2.037037037037037,4.271757010407595,0.5833333333333334
P01,20,9.5,9.75,9.625,17.33362381776656,12.65,3408,3405,3,0.9991197183098591,0.0008802816901408717,0.4200000000000001,0.44000000000000006,0.44313991728248714,5397.0,5397.0,1.5555555555555556,1.7116412397115879,0.5833333333333334
P01,20,9.75,10.0,9.875,17.33362381776656,12.65,2216,2206,10,0.9954873646209387,0.004512635379061325,0.4000000000000001,0.4100000000000001,0.4468100683788143,6425.0,6425.0,1.4814814814814814,1.7258173085500035,0.6944444444444444
P01,20,10.0,10.25,10.125,17.33362381776656,12.65,3945,3937,8,0.9979721166032953,0.002027883396704677,0.6700000000000002,0.6700000000000002,0.6065647478876692,5140.0,5140.0,2.4814814814814814,2.3428745562047055,0.5555555555555556
P01,20,10.25,10.5,10.375,17.33362381776656,12.65,4631,4608,23,0.9950334700928525,0.004966529907147521,0.7500000000000001,0.7600000000000001,1.1785031861929371,4626.0,4626.0,2.7777777777777772,4.552003951685203,0.5
P01,20,10.5,10.75,10.625,17.33362381776656,12.65,2409,2321,88,0.9634703196347032,0.0365296803652968,0.3600000000000001,0.38000000000000006,0.5519800719816808,5911.0,5911.0,1.3333333333333333,2.132039606128603,0.6388888888888888
P01,20,10.75,11.0,10.875,17.33362381776656,12.65,3766,3006,760,0.798194370685077,0.20180562931492296,0.5200000000000001,0.7400000000000001,0.7402195599513488,4883.0,4369.0,1.9259259259259258,2.8591202819723143,0.5277777777777778
P01,20,11.0,11.25,11.125,17.33362381776656,12.65,2753,1481,1272,0.5379585906284053,0.46204140937159466,0.23000000000000004,0.6300000000000001,0.17160710944524385,6682.0,3855.0,0.8518518518518517,0.6628376142583793,0.7222222222222222
P01,20,11.25,11.5,11.375,17.33362381776656,12.65,5253,2988,2265,0.5688178183894917,0.43118218161050825,0.45000000000000007,1.0700000000000003,0.5434679793394025,5397.0,3598.0,1.6666666666666665,2.099161392646694,0.5833333333333334
P01,20,11.5,11.75,11.625,17.33362381776656,12.65,6463,2991,3472,0.4627881788643045,0.5372118211356955,0.6300000000000001,1.7600000000000002,0.9801231250987917,5397.0,3084.0,2.333333333333333,3.785755007587512,0.5833333333333334
P01,20,11.75,12.0,11.875,17.33362381776656,12.65,10526,4225,6301,0.40138704161124833,0.5986129583887516,0.9900000000000002,2.6600000000000006,1.1179284214042329,4883.0,3084.0,3.6666666666666665,4.318032103394041,0.5277777777777778
P01,20,12.0,12.25,12.125,17.33362381776656,12.65,4846,2541,2305,0.5243499793644243,0.4756500206355757,0.7000000000000002,1.6900000000000004,1.0263941736839606,5654.0,3855.0,2.5925925925925926,3.964478322446522,0.6111111111111112
P01,20,12.25,12.5,12.375,17.33362381776656,12.65,3953,2152,1801,0.5443966607639767,0.45560333923602325,0.5300000000000001,1.1800000000000002,0.7032962891600213,5654.0,4369.0,1.962962962962963,2.7165030395919874,0.6111111111111112
P01,20,12.5,12.75,12.625,17.33362381776656,12.65,4036,1032,3004,0.2556987115956392,0.7443012884043607,0.5000000000000001,1.5700000000000003,0.7637932445936668,5911.0,3855.0,1.8518518518518519,2.9501743469123176,0.6388888888888888
P01,20,12.75,13.0,12.875,17.33362381776656,12.65,10180,854,9326,0.08388998035363458,0.9161100196463654,0.5200000000000001,2.9900000000000007,1.2767948927496904,4883.0,2827.0,1.9259259259259258,4.93165862034129,0.5277777777777778
P01,20,13.0,13.25,13.125,17.33362381776656,12.65,10531,729,9802,0.06922419523312126,0.9307758047668787,0.37000000000000005,3.8200000000000007,1.5536671460645224,5397.0,2056.0,1.3703703703703702,6.001086014315912,0.5833333333333334
P01,20,13.25,13.5,13.375,17.33362381776656,12.65,18488,805,17683,0.0435417568152315,0.9564582431847685,0.5400000000000001,5.610000000000001,1.630399190628036,4626.0,2056.0,2.0,6.297465841002962,0.5
P01,20,13.5,13.75,13.625,17.33362381776656,12.65,18394,451,17943,0.024518864847232792,0.9754811351527672,0.4000000000000001,6.650000000000001,1.4375020033418604,3341.0,2056.0,1.4814814814814814,5.5523946616604904,0.3611111111111111
P01,20,13.75,14.0,13.875,17.33362381776656,12.65,15093,170,14923,0.011263499635592658,0.9887365003644073,0.13000000000000003,6.9700000000000015,0.605458206730755,7196.0,2313.0,0.48148148148148145,2.3386005077524077,0.7777777777777778
P01,20,14.0,14.25,14.125,17.33362381776656,12.65,14647,45,14602,0.0030723014951867275,0.9969276985048132,0.07,7.300000000000002,0.32278798986930995,5654.0,2313.0,0.2592592592592592,1.246778305443692,0.6111111111111112
P01,20,14.25,14.5,14.375,17.33362381776656,12.65,15372,2,15370,0.00013010668748373666,0.9998698933125163,0.010000000000000002,6.420000000000001,0.006103277743214752,9380.5,3084.0,0.037037037037037035,0.02357409358823539,1.0138888888888888
P01,20,14.5,14.75,14.625,17.33362381776656,12.65,22854,2,22852,8.751203290452437e-05,0.9999124879670954,0.020000000000000004,9.180000000000001,0.19985619829870555,12978.5,3341.0,0.07407407407407407,0.7719505683844211,1.4027777777777777
P01,20,14.75,15.0,14.875,17.33362381776656,12.65,20603,30,20573,0.0014560986264136292,0.9985439013735864,0.020000000000000004,10.610000000000001,0.05857043599620223,8995.0,2827.0,0.07407407407407407,0.22623006813236532,0.9722222222222222
P01,20,15.0,15.25,15.125,17.33362381776656,12.65,11505,0,11505,0.0,1.0,0.0,8.400000000000002,,,2827.0,0.0,,
P01,20,15.25,15.5,15.375,17.33362381776656,12.65,9495,0,9495,0.0,1.0,0.0,7.630000000000002,,,2827.0,0.0,,
P01,20,15.5,15.75,15.625,17.33362381776656,12.65,6985,7,6978,0.0010021474588403723,0.9989978525411596,0.020000000000000004,6.920000000000002,0.05157131373982097,10794.0,2570.0,0.07407407407407407,0.19919574820634398,1.1666666666666667
P01,20,15.75,16.0,15.875,17.33362381776656,12.65,6859,0,6859,0.0,1.0,0.0,7.230000000000001,,,2827.0,0.0,,
P01,20,16.0,16.25,16.125,17.33362381776656,12.65,5700,0,5700,0.0,1.0,0.0,6.3900000000000015,,,3084.0,0.0,,
P01,20,16.25,16.5,16.375,17.33362381776656,12.65,5227,0,5227,0.0,1.0,0.0,6.950000000000001,,,3084.0,0.0,,
P01,20,16.5,16.75,16.625,17.33362381776656,12.65,5336,0,5336,0.0,1.0,0.0,6.230000000000001,,,3084.0,0.0,,
P01,20,16.75,17.0,16.875,17.33362381776656,12.65,3069,0,3069,0.0,1.0,0.0,4.780000000000001,,,3084.0,0.0,,
P01,20,17.0,17.25,17.125,17.33362381776656,12.65,1891,0,1891,0.0,1.0,0.0,3.8900000000000006,,,2827.0,0.0,,
P01,20,17.25,17.5,17.375,17.33362381776656,12.65,2424,0,2424,0.0,1.0,0.0,4.570000000000001,,,2827.0,0.0,,
P01,21,0.0,0.25,0.125,16.01761859681927,10.81,4471,4367,104,0.9767389845672109,0.023261015432789134,0.37000000000000005,0.4100000000000001,0.29978325179622745,12336.0,12079.0,1.8499999999999999,1.5745387755470182,1.0
P01,21,0.25,0.5,0.375,16.01761859681927,10.81,4738,4737,1,0.9997889404812157,0.00021105951878430673,0.21000000000000005,0.21000000000000005,0.20020589208924133,11822.0,11822.0,1.05,1.0515328601537954,0.9583333333333334
P01,21,0.5,0.75,0.625,16.01761859681927,10.81,5315,5315,0,1.0,0.0,0.19000000000000003,0.19000000000000003,0.18881578277000033,12336.0,12336.0,0.95,0.991709075224493,1.0
P01,21,0.75,1.0,0.875,16.01761859681927,10.81,5721,5721,0,1.0,0.0,0.18000000000000005,0.18000000000000005,0.19039432781963614,13107.0,13107.0,0.9,1.0,1.0625
P01,21,1.0,1.25,1.125,16.01761859681927,10.81,6644,6644,0,1.0,0.0,0.20000000000000004,0.20000000000000004,0.18056730047495245,13107.0,13107.0,1.0,0.9483859237970944,1.0625
P01,21,1.25,1.5,1.375,16.01761859681927,10.81,6616,6616,0,1.0,0.0,0.20000000000000004,0.20000000000000004,0.18362257447653624,13621.0,13621.0,1.0,0.9644330090047908,1.1041666666666667
P01,21,1.5,1.75,1.625,16.01761859681927,10.81,6953,6953,0,1.0,0.0,0.19000000000000003,0.19000000000000003,0.18492809236999908,13364.0,13364.0,0.95,0.9712899249035648,1.0833333333333333
P01,21,1.75,2.0,1.875,16.01761859681927,10.81,6926,6926,0,1.0,0.0,0.16000000000000003,0.16000000000000003,0.1711548997960551,12336.0,12336.0,0.8,0.8989495735303267,1.0
P01,21,2.0,2.25,2.125,16.01761859681927,10.81,7067,7067,0,1.0,0.0,0.18000000000000005,0.18000000000000005,0.16724054263930035,10794.0,10794.0,0.9,0.878390362541316,0.875
P01,21,2.25,2.5,2.375,16.01761859681927,10.81,6558,6558,0,1.0,0.0,0.19000000000000003,0.19000000000000003,0.1648010913149583,11051.0,11051.0,0.95,0.8655777364915893,0.8958333333333334
P01,21,2.5,2.75,2.625,16.01761859681927,10.81,6159,6159,0,1.0,0.0,0.20000000000000004,0.20000000000000004,0.15966652749801305,10537.0,10537.0,1.0,0.8386096861523519,0.8541666666666666
P01,21,2.75,3.0,2.875,16.01761859681927,10.81,5979,5979,0,1.0,0.0,0.18000000000000005,0.18000000000000005,0.1626456267370192,10023.0,10023.0,0.9,0.8542566819064917,0.8125
P01,21,3.0,3.25,3.125,16.01761859681927,10.81,5735,5735,0,1.0,0.0,0.20000000000000004,0.20000000000000004,0.16726834679157798,9509.0,9509.0,1.0,0.8785363971033538,0.7708333333333334
P01,21,3.25,3.5,3.375,16.01761859681927,10.81,5234,5232,2,0.9996178830722201,0.00038211692777989636,0.21000000000000005,0.21000000000000005,0.1540292180595305,9766.0,9766.0,1.05,0.8090010864475178,0.7916666666666666
P01,21,3.5,3.75,3.625,16.01761859681927,10.81,6702,6643,59,0.9911966577141151,0.008803342285884863,0.31000000000000005,0.33000000000000007,0.5578409382634034,7710.0,7710.0,1.55,2.9299241455966896,0.625
P01,21,3.75,4.0,3.875,16.01761859681927,10.81,5303,5303,0,1.0,0.0,0.21000000000000005,0.21000000000000005,0.16304692534882329,8738.0,8738.0,1.05,0.8563644054736782,0.7083333333333334
P01,21,4.0,4.25,4.125,16.01761859681927,10.81,5374,5368,6,0.9988835132117603,0.0011164867882397234,0.33000000000000007,0.3400000000000001,0.37819186682514944,7453.0,7453.0,1.6500000000000001,1.9863609969694958,0.6041666666666666
P01,21,4.25,4.5,4.375,16.01761859681927,10.81,5784,5781,3,0.9994813278008299,0.0005186721991701226,0.32000000000000006,0.32000000000000006,0.530667504231491,7710.0,7710.0,1.6,2.787202278075225,0.625
P01,21,4.5,4.75,4.625,16.01761859681927,10.81,5842,5356,486,0.9168093118794933,0.08319068812050667,0.30000000000000004,0.39000000000000007,0.5243171749428861,6939.0,6425.0,1.5,2.753848714650685,0.5625
P01,21,4.75,5.0,4.875,16.01761859681927,10.81,5454,5404,50,0.9908324165749909,0.009167583425009118,0.33000000000000007,0.39000000000000007,0.44089822785170285,6939.0,6939.0,1.6500000000000001,2.315710940030595,0.5625
P01,21,5.0,5.25,5.125,16.01761859681927,10.81,8361,7990,371,0.9556273173065423,0.04437268269345773,0.6100000000000001,0.7100000000000002,1.0547389181131777,4626.0,4369.0,3.05,5.539760192395806,0.375
P01,21,5.25,5.5,5.375,16.01761859681927,10.81,4490,4476,14,0.9968819599109131,0.003118040089086893,0.4100000000000001,0.4600000000000001,1.5663307419958623,7196.0,7196.0,2.05,8.226772088923125,0.5833333333333334
P01,21,5.5,5.75,5.625,16.01761859681927,10.81,5862,5076,786,0.8659160696008188,0.1340839303991812,0.4600000000000001,0.5700000000000001,1.562158762529132,5654.0,5140.0,2.3,8.204859779273425,0.4583333333333333
P01,21,5.75,6.0,5.875,16.01761859681927,10.81,4755,4242,513,0.8921135646687697,0.10788643533123032,0.3600000000000001,0.4800000000000001,1.4885693914141487,6425.0,5654.0,1.8,7.818349466924752,0.5208333333333334
P01,21,6.0,6.25,6.125,16.01761859681927,10.81,5259,3988,1271,0.7583190720669328,0.24168092793306717,0.24000000000000005,0.5800000000000001,1.349966053892763,6425.0,4883.0,1.2,7.090369074290959,0.5208333333333334
P01,21,6.25,6.5,6.375,16.01761859681927,10.81,8712,5437,3275,0.6240817263544536,0.3759182736455464,0.5400000000000001,0.8900000000000001,1.025229751026106,5654.0,3855.0,2.7,5.38477045386207,0.4583333333333333
P01,21,6.5,6.75,6.625,16.01761859681927,10.81,6713,4544,2169,0.6768955757485476,0.32310442425145236,0.6100000000000001,0.9000000000000001,0.7869133255968427,5911.0,4369.0,3.05,4.133071266399803,0.4791666666666667
P01,21,6.75,7.0,6.875,16.01761859681927,10.81,4649,3457,1192,0.7436007743600774,0.25639922563992257,0.2700000000000001,0.7400000000000001,0.18302609365962366,7196.0,5654.0,1.35,0.9613001382741164,0.5833333333333334
P01,21,7.0,7.25,7.125,16.01761859681927,10.81,7846,4208,3638,0.536324241651797,0.46367575834820296,0.44000000000000006,1.1500000000000001,0.715108603943566,5140.0,3341.0,2.1999999999999997,3.7559343922314787,0.4166666666666667
P01,21,7.25,7.5,7.375,16.01761859681927,10.81,6734,4287,2447,0.6366201366201366,0.3633798633798634,0.5000000000000001,1.0600000000000003,0.8586192409215696,5654.0,3855.0,2.5,4.509689184306764,0.4583333333333333
P01,21,7.5,7.75,7.625,16.01761859681927,10.81,7404,6077,1327,0.8207725553754727,0.17922744462452733,0.7900000000000001,0.9700000000000002,1.3827217354213106,4112.0,3598.0,3.95,7.262410342030709,0.3333333333333333
P01,21,7.75,8.0,7.875,16.01761859681927,10.81,3489,2734,755,0.7836056176554886,0.21639438234451136,0.20000000000000004,0.5300000000000001,0.18068597172079376,6939.0,6168.0,1.0,0.9490092157155056,0.5625
P01,21,8.0,8.25,8.125,16.01761859681927,10.81,4612,2959,1653,0.6415871639202082,0.3584128360797918,0.2700000000000001,0.8300000000000002,0.6418189707370766,6939.0,5140.0,1.35,3.370998380503661,0.5625
P01,21,8.25,8.5,8.375,16.01761859681927,10.81,7365,2990,4375,0.4059742023082145,0.5940257976917855,0.33000000000000007,1.1100000000000003,0.7090403725736464,6168.0,3598.0,1.6500000000000001,3.724062479662381,0.5
P01,21,8.5,8.75,8.625,16.01761859681927,10.81,4425,2503,1922,0.5656497175141243,0.4343502824858757,0.28,0.8800000000000001,0.19267836520539589,7196.0,5140.0,1.4,1.0119963520547914,0.5833333333333334
P01,21,8.75,9.0,8.875,16.01761859681927,10.81,7508,4031,3477,0.536893979754928,0.46310602024507197,0.6300000000000001,1.3800000000000003,0.9966471242472263,4626.0,3598.0,3.15,5.234647143434691,0.375
P01,21,9.0,9.25,9.125,16.01761859681927,10.81,5303,2303,3000,0.43428248161418065,0.5657175183858194,0.33000000000000007,1.0400000000000003,0.7827263238617702,6682.0,3855.0,1.6500000000000001,4.111080055931396,0.5416666666666666
P01,21,9.25,9.5,9.375,16.01761859681927,10.81,5713,3123,2590,0.5466479957990548,0.45335200420094524,0.44000000000000006,1.3900000000000003,0.7351878804122374,6168.0,3598.0,2.1999999999999997,3.861395918835847,0.5
P01,21,9.5,9.75,9.625,16.01761859681927,10.81,8578,2207,6371,0.2572860806714852,0.7427139193285148,0.4100000000000001,2.2200000000000006,0.8112618939507151,6939.0,2827.0,2.05,4.2609562125151,0.5625
P01,21,9.75,10.0,9.875,16.01761859681927,10.81,12450,2255,10195,0.18112449799196786,0.8188755020080322,0.3600000000000001,3.2500000000000004,0.9562680731905141,6682.0,2570.0,1.8,5.022565977366739,0.5416666666666666
P01,21,10.0,10.25,10.125,16.01761859681927,10.81,13568,1932,11636,0.1423938679245283,0.8576061320754718,0.3400000000000001,3.690000000000001,0.23970056378204077,6939.0,2313.0,1.7000000000000002,1.2589690382431629,0.5625
P01,21,10.25,10.5,10.375,16.01761859681927,10.81,9375,490,8885,0.05226666666666667,0.9477333333333333,0.15000000000000002,2.8900000000000006,0.1621575155639688,6939.0,2313.0,0.75,0.8516929964299327,0.5625
P01,21,10.5,10.75,10.625,16.01761859681927,10.81,8540,139,8401,0.016276346604215456,0.9837236533957845,0.17000000000000004,3.1200000000000006,0.9019203183256979,5140.0,2313.0,0.8500000000000001,4.73711758461682,0.4166666666666667
P01,21,10.75,11.0,10.875,16.01761859681927,10.81,12574,721,11853,0.05734054397964053,0.9426594560203595,0.14,3.4500000000000006,0.1520526222395019,7967.0,2313.0,0.7,0.7986194966036172,0.6458333333333334
P01,21,11.0,11.25,11.125,16.01761859681927,10.81,12394,879,11515,0.07092141358721962,0.9290785864127804,0.21000000000000005,4.080000000000001,0.15733602165393099,6939.0,2056.0,1.05,0.8263692697976703,0.5625
P01,21,11.25,11.5,11.375,16.01761859681927,10.81,17965,757,17208,0.04213748956303924,0.9578625104369608,0.17000000000000004,5.780000000000001,0.49396660833705386,6682.0,2056.0,0.8500000000000001,2.5944397293442325,0.5416666666666666
P01,21,11.5,11.75,11.625,16.01761859681927,10.81,25588,673,24915,0.02630139127716117,0.9736986087228389,0.2700000000000001,8.020000000000001,1.5646252803721572,6425.0,2313.0,1.35,8.217814565643751,0.5208333333333334
P01,21,11.75,12.0,11.875,16.01761859681927,10.81,39551,631,38920,0.015954084599630856,0.9840459154003691,0.16000000000000003,9.700000000000001,0.13534445539609463,6939.0,2313.0,0.8,0.7108639051700574,0.5625
P01,21,12.0,12.25,12.125,16.01761859681927,10.81,42678,337,42341,0.007896340034678288,0.9921036599653217,0.21000000000000005,11.460000000000003,1.9862200886466483,6425.0,2313.0,1.05,10.432138979099363,0.5208333333333334
P01,21,12.25,12.5,12.375,16.01761859681927,10.81,23067,440,22627,0.019074868860276584,0.9809251311397235,0.28,9.000000000000002,1.8008874809538893,3598.0,2313.0,1.4,9.45872443563498,0.2916666666666667
P01,21,12.5,12.75,12.625,16.01761859681927,10.81,15317,5,15312,0.00032643468042044786,0.9996735653195795,0.04000000000000001,8.370000000000001,1.01069640439987,1285.0,2313.0,0.2,5.308437577811248,0.10416666666666667
P01,21,12.75,13.0,12.875,16.01761859681927,10.81,32401,0,32401,0.0,1.0,0.0,10.240000000000002,,,2313.0,0.0,,
P01,21,13.0,13.25,13.125,16.01761859681927,10.81,18202,0,18202,0.0,1.0,0.0,8.890000000000002,,,2313.0,0.0,,
P01,21,13.25,13.5,13.375,16.01761859681927,10.81,22952,0,22952,0.0,1.0,0.0,9.390000000000002,,,2570.0,0.0,,
P01,21,13.5,13.75,13.625,16.01761859681927,10.81,28986,3,28983,0.00010349824052991099,0.9998965017594701,0.020000000000000004,11.080000000000002,0.0625399280427736,6425.0,2570.0,0.1,0.32847579420548056,0.5208333333333334
P01,21,13.75,14.0,13.875,16.01761859681927,10.81,16297,1,16296,6.136098668466589e-05,0.9999386390133154,0.010000000000000002,10.200000000000003,,19275.0,2827.0,0.05,,1.5625
P01,21,14.0,14.25,14.125,16.01761859681927,10.81,14050,0,14050,0.0,1.0,0.0,9.800000000000002,,,2827.0,0.0,,
P01,21,14.25,14.5,14.375,16.01761859681927,10.81,13142,0,13142,0.0,1.0,0.0,10.200000000000003,,,3341.0,0.0,,
P01,21,14.5,14.75,14.625,16.01761859681927,10.81,8954,0,8954,0.0,1.0,0.0,8.040000000000001,,,3341.0,0.0,,
P01,21,14.75,15.0,14.875,16.01761859681927,10.81,3835,0,3835,0.0,1.0,0.0,5.770000000000001,,,3084.0,0.0,,
P01,21,15.0,15.25,15.125,16.01761859681927,10.81,2767,0,2767,0.0,1.0,0.0,5.060000000000001,,,2827.0,0.0,,
P01,21,15.25,15.5,15.375,16.01761859681927,10.81,3981,0,3981,0.0,1.0,0.0,5.4300000000000015,,,2827.0,0.0,,
P01,21,15.5,15.75,15.625,16.01761859681927,10.81,1817,0,1817,0.0,1.0,0.0,3.770000000000001,,,3084.0,0.0,,
P01,21,15.75,16.0,15.875,16.01761859681927,10.81,1336,0,1336,0.0,1.0,0.0,2.6600000000000006,,,2827.0,0.0,,
P01,21,16.0,16.25,16.125,16.01761859681927,10.81,3327,0,3327,0.0,1.0,0.0,4.540000000000001,,,2570.0,0.0,,
P01,23,0.0,0.25,0.125,19.217547128393445,12.96,5818,5276,542,0.9068408387762118,0.0931591612237882,0.4900000000000001,0.5500000000000002,0.3733028254587084,8481.0,7967.0,1.6896551724137931,1.2114422981917339,0.9166666666666666
P01,23,0.25,0.5,0.375,19.217547128393445,12.96,5329,5317,12,0.9977481703884407,0.0022518296115593417,0.29000000000000004,0.32000000000000006,0.3270431152945562,9252.0,9252.0,1.0,1.0613202906069217,1.0
P01,23,0.5,0.75,0.625,19.217547128393445,12.96,5430,5430,0,1.0,0.0,0.31000000000000005,0.31000000000000005,0.3081474256065856,9252.0,9252.0,1.0689655172413794,1.0,1.0
P01,23,0.75,1.0,0.875,19.217547128393445,12.96,5328,5328,0,1.0,0.0,0.26000000000000006,0.26000000000000006,0.29251076826334166,9509.0,9509.0,0.8965517241379312,0.9492559208876618,1.0277777777777777
P01,23,1.0,1.25,1.125,19.217547128393445,12.96,5263,5262,1,0.999809994299829,0.00019000570017102536,0.2700000000000001,0.28,0.2824137911958927,9252.0,9252.0,0.9310344827586208,0.9164892117464994,1.0
P01,23,1.25,1.5,1.375,19.217547128393445,12.96,5259,5259,0,1.0,0.0,0.24000000000000005,0.24000000000000005,0.2843021277586338,9509.0,9509.0,0.8275862068965518,0.922617241403161,1.0277777777777777
P01,23,1.5,1.75,1.625,19.217547128393445,12.96,5527,5527,0,1.0,0.0,0.2700000000000001,0.2700000000000001,0.27618887869784053,9252.0,9252.0,0.9310344827586208,0.8962881262245338,1.0
P01,23,1.75,2.0,1.875,19.217547128393445,12.96,5524,5524,0,1.0,0.0,0.2700000000000001,0.2700000000000001,0.27128683973635903,9509.0,9509.0,0.9310344827586208,0.8803800297936392,1.0277777777777777
P01,23,2.0,2.25,2.125,19.217547128393445,12.96,5560,5560,0,1.0,0.0,0.26000000000000006,0.26000000000000006,0.265647228375254,8995.0,8995.0,0.8965517241379312,0.8620783634727102,0.9722222222222222
P01,23,2.25,2.5,2.375,19.217547128393445,12.96,5259,5259,0,1.0,0.0,0.28,0.28,0.2663871182488815,8995.0,8995.0,0.9655172413793103,0.8644794540291898,0.9722222222222222
P01,23,2.5,2.75,2.625,19.217547128393445,12.96,5690,5614,76,0.9866432337434095,0.013356766256590547,0.29000000000000004,0.31000000000000005,0.2794422080291839,8481.0,8481.0,1.0,0.9068458303005592,0.9166666666666666
P01,23,2.75,3.0,2.875,19.217547128393445,12.96,5924,5919,5,0.9991559756920999,0.0008440243079000931,0.32000000000000006,0.3400000000000001,0.28869065784833126,8224.0,8224.0,1.103448275862069,0.9368588988859672,0.8888888888888888
P01,23,3.0,3.25,3.125,19.217547128393445,12.96,5525,5525,0,1.0,0.0,0.3600000000000001,0.3600000000000001,0.2965609546048118,8738.0,8738.0,1.2413793103448278,0.9623995852668056,0.9444444444444444
P01,23,3.25,3.5,3.375,19.217547128393445,12.96,5512,5512,0,1.0,0.0,0.2700000000000001,0.2700000000000001,0.2624466541560407,8481.0,8481.0,0.9310344827586208,0.8516918602821901,0.9166666666666666
P01,23,3.5,3.75,3.625,19.217547128393445,12.96,5938,5936,2,0.9996631862579993,0.0003368137420006745,0.31000000000000005,0.31000000000000005,0.2666509891734256,7710.0,7710.0,1.0689655172413794,0.8653357679316172,0.8333333333333334
P01,23,3.75,4.0,3.875,19.217547128393445,12.96,6086,6086,0,1.0,0.0,0.29000000000000004,0.29000000000000004,0.26653798927549,6939.0,6939.0,1.0,0.8649690606722163,0.75
P01,23,4.0,4.25,4.125,19.217547128393445,12.96,5960,5960,0,1.0,0.0,0.26000000000000006,0.26000000000000006,0.2583860479448567,6939.0,6939.0,0.8965517241379312,0.8385143813427159,0.75
P01,23,4.25,4.5,4.375,19.217547128393445,12.96,6171,6170,1,0.9998379517096094,0.00016204829039057067,0.30000000000000004,0.30000000000000004,0.26897726158249,6682.0,6682.0,1.0344827586206897,0.8728849869604154,0.7222222222222222
P01,23,4.5,4.75,4.625,19.217547128393445,12.96,5635,5635,0,1.0,0.0,0.28,0.28,0.260039227646829,6682.0,6682.0,0.9655172413793103,0.8438792799743305,0.7222222222222222
P01,23,4.75,5.0,4.875,19.217547128393445,12.96,5704,5701,3,0.9994740532959326,0.0005259467040673593,0.25000000000000006,0.26000000000000006,0.2685386377972684,6939.0,6939.0,0.8620689655172414,0.8714615650890231,0.75
P01,23,5.0,5.25,5.125,19.217547128393445,12.96,5405,5380,25,0.9953746530989824,0.0046253469010175685,0.31000000000000005,0.33000000000000007,0.2612386797352319,7710.0,7453.0,1.0689655172413794,0.8477717417920523,0.8333333333333334
P01,23,5.25,5.5,5.375,19.217547128393445,12.96,6392,6374,18,0.9971839799749687,0.0028160200250313405,0.4000000000000001,0.4100000000000001,0.5486714388658016,6682.0,6682.0,1.3793103448275863,1.7805485078635543,0.7222222222222222
P01,23,5.5,5.75,5.625,19.217547128393445,12.96,4948,4948,0,1.0,0.0,0.24000000000000005,0.24000000000000005,0.2578368656084344,7196.0,7196.0,0.8275862068965518,0.8367321748701444,0.7777777777777778
P01,23,5.75,6.0,5.875,19.217547128393445,12.96,5325,5324,1,0.9998122065727699,0.0001877934272300763,0.32000000000000006,0.33000000000000007,0.27118878983729333,6939.0,6939.0,1.103448275862069,0.88006183826933,0.75
P01,23,6.0,6.25,6.125,19.217547128393445,12.96,4661,4661,0,1.0,0.0,0.26000000000000006,0.26000000000000006,0.2590694887583763,7453.0,7453.0,0.8965517241379312,0.8407322834140192,0.8055555555555556
P01,23,6.25,6.5,6.375,19.217547128393445,12.96,4720,4720,0,1.0,0.0,0.31000000000000005,0.31000000000000005,0.25030091720601555,7196.0,7196.0,1.0689655172413794,0.8122765157401537,0.7777777777777778
P01,23,6.5,6.75,6.625,19.217547128393445,12.96,5058,4886,172,0.9659944642151048,0.03400553578489518,0.31000000000000005,0.3600000000000001,0.2814973166041907,7196.0,6939.0,1.0689655172413794,0.9135150684775821,0.7777777777777778
P01,23,6.75,7.0,6.875,19.217547128393445,12.96,4478,4250,228,0.949084412684234,0.05091558731576595,0.31000000000000005,0.37000000000000005,0.2621945841566207,7196.0,6939.0,1.0689655172413794,0.8508738427409962,0.7777777777777778
P01,23,7.0,7.25,7.125,19.217547128393445,12.96,5751,5330,421,0.9267953399408798,0.07320466005912019,0.4100000000000001,0.5800000000000001,0.4864637702111148,5911.0,5397.0,1.413793103448276,1.5786721867090565,0.6388888888888888
P01,23,7.25,7.5,7.375,19.217547128393445,12.96,5246,4242,1004,0.8086160884483415,0.19138391155165846,0.4300000000000001,0.5500000000000002,0.4455722239483688,6682.0,5397.0,1.4827586206896552,1.445970944171491,0.7222222222222222
P01,23,7.5,7.75,7.625,19.217547128393445,12.96,3693,3682,11,0.9970213918223666,0.0029786081776334017,0.2700000000000001,0.28,0.24434197280824732,7196.0,7196.0,0.9310344827586208,0.7929385498751522,0.7777777777777778
P01,23,7.75,8.0,7.875,19.217547128393445,12.96,4812,4130,682,0.8582709891936825,0.1417290108063175,0.3600000000000001,0.4600000000000001,0.3142556673257864,6425.0,5654.0,1.2413793103448278,1.0198224655201218,0.6944444444444444
P01,23,8.0,8.25,8.125,19.217547128393445,12.96,3611,3596,15,0.9958460260315702,0.004153973968429758,0.22000000000000003,0.24000000000000005,0.22419913007558864,7710.0,7710.0,0.7586206896551724,0.7275709983111316,0.8333333333333334
P01,23,8.25,8.5,8.375,19.217547128393445,12.96,4853,4482,371,0.9235524417885844,0.07644755821141558,0.3600000000000001,0.44000000000000006,0.3304922749034559,6425.0,6168.0,1.2413793103448278,1.0725135030834174,0.6944444444444444
P01,23,8.5,8.75,8.625,19.217547128393445,12.96,3316,3195,121,0.9635102533172497,0.03648974668275029,0.30000000000000004,0.4200000000000001,0.23676607629713448,7196.0,6939.0,1.0344827586206897,0.7683532511461436,0.7777777777777778
P01,23,8.75,9.0,8.875,19.217547128393445,12.96,4593,3827,766,0.8332244720226432,0.16677552797735684,0.33000000000000007,0.7100000000000002,0.27999839129289583,6939.0,5911.0,1.1379310344827587,0.9086507561817898,0.75
P01,23,9.0,9.25,9.125,19.217547128393445,12.96,5407,3218,2189,0.5951544294433142,0.4048455705566858,0.30000000000000004,1.1600000000000001,0.2931160999053597,7196.0,4883.0,1.0344827586206897,0.9512203430820918,0.7777777777777778
P01,23,9.25,9.5,9.375,19.217547128393445,12.96,8341,3465,4876,0.41541781560963914,0.5845821843903609,0.37000000000000005,1.2700000000000002,0.2794468757003199,6425.0,3855.0,1.2758620689655173,0.9068609778265423,0.6944444444444444
P01,23,9.5,9.75,9.625,19.217547128393445,12.96,8012,3825,4187,0.477408886669995,0.522591113330005,0.4300000000000001,1.3400000000000003,0.40890780793781323,6425.0,4112.0,1.4827586206896552,1.3269875843774508,0.6944444444444444
P01,23,9.75,10.0,9.875,19.217547128393445,12.96,4413,2656,1757,0.6018581463856787,0.3981418536143213,0.3400000000000001,1.2500000000000002,0.23158259775224377,6939.0,4883.0,1.1724137931034484,0.751531827002531,0.75
P01,23,10.0,10.25,10.125,19.217547128393445,12.96,10353,4152,6201,0.4010431758910461,0.5989568241089539,0.5500000000000002,1.4600000000000002,0.6347425806250273,6168.0,4112.0,1.8965517241379313,2.0598665699560588,0.6666666666666666
P01,23,10.25,10.5,10.375,19.217547128393445,12.96,3465,2264,1201,0.6533910533910534,0.3466089466089466,0.31000000000000005,0.7600000000000001,0.25516539621108464,6425.0,5140.0,1.0689655172413794,0.8280627226036165,0.6944444444444444
P01,23,10.5,10.75,10.625,19.217547128393445,12.96,5413,3005,2408,0.5551450212451505,0.4448549787548495,0.3500000000000001,0.7800000000000001,0.3765591571662494,6168.0,5140.0,1.2068965517241381,1.2220097455787466,0.6666666666666666
P01,23,10.75,11.0,10.875,19.217547128393445,12.96,4000,2178,1822,0.5445,0.4555,0.29000000000000004,1.4000000000000004,0.22084716145502542,6682.0,4626.0,1.0,0.7166931900219178,0.7222222222222222
P01,23,11.0,11.25,11.125,19.217547128393445,12.96,12713,3240,9473,0.254857232753874,0.7451427672461259,0.44000000000000006,2.4400000000000004,0.49134165663411417,6168.0,3598.0,1.5172413793103448,1.5945019033240737,0.6666666666666666
P01,23,11.25,11.5,11.375,19.217547128393445,12.96,4948,993,3955,0.20068714632174617,0.7993128536782539,0.25000000000000006,1.8600000000000003,0.22100904961099635,6939.0,4112.0,0.8620689655172414,0.7172185494522367,0.75
P01,23,11.5,11.75,11.625,19.217547128393445,12.96,9216,12,9204,0.0013020833333333333,0.9986979166666666,0.030000000000000006,2.6900000000000004,0.06418427260723482,7581.5,3598.0,0.10344827586206898,0.20829079613723406,0.8194444444444444
P01,23,11.75,12.0,11.875,19.217547128393445,12.96,15654,158,15496,0.010093266896639837,0.9899067331033602,0.13000000000000003,4.250000000000001,0.9438938268651784,5654.0,3084.0,0.4482758620689656,3.0631241685927812,0.6111111111111112
P01,23,12.0,12.25,12.125,19.217547128393445,12.96,9476,119,9357,0.012558041367665682,0.9874419586323343,0.10000000000000002,4.580000000000001,0.1852267395188416,2313.0,2313.0,0.3448275862068966,0.6010977997113698,0.25
P01,23,12.25,12.5,12.375,19.217547128393445,12.96,18124,100,18024,0.005517545795630104,0.9944824542043699,0.08000000000000002,5.280000000000001,0.3617595914954498,6682.0,2570.0,0.27586206896551724,1.17398219629234,0.7222222222222222
P01,23,12.5,12.75,12.625,19.217547128393445,12.96,13946,53,13893,0.003800372866771834,0.9961996271332282,0.07,5.380000000000001,0.14444881540779725,2313.0,2313.0,0.24137931034482757,0.4687652837710748,0.25
P01,23,12.75,13.0,12.875,19.217547128393445,12.96,11099,23,11076,0.0020722587620506353,0.9979277412379494,0.05000000000000001,5.180000000000001,1.2615483394273563,6425.0,2827.0,0.1724137931034483,4.093976566391912,0.6944444444444444
P01,23,13.0,13.25,13.125,19.217547128393445,12.96,16380,2,16378,0.0001221001221001221,0.9998778998778999,0.010000000000000002,6.860000000000001,0.004123106214625138,7581.5,2313.0,0.034482758620689655,0.013380303945453505,0.8194444444444444
P01,23,13.25,13.5,13.375,19.217547128393445,12.96,26304,87,26217,0.0033074817518248174,0.9966925182481752,0.06000000000000001,9.700000000000001,0.08417292627457976,7196.0,2313.0,0.20689655172413796,0.2731579733592973,0.7777777777777778
P01,23,13.5,13.75,13.625,19.217547128393445,12.96,34337,18,34319,0.0005242158604420887,0.999475784139558,0.06000000000000001,12.090000000000002,0.3620866030513371,7196.0,2313.0,0.20689655172413796,1.175043414166361,0.7777777777777778
P01,23,13.75,14.0,13.875,19.217547128393445,12.96,26096,445,25651,0.01705242182709994,0.9829475781729,0.17000000000000004,12.990000000000002,0.37005417589710105,4112.0,2313.0,0.5862068965517242,1.2008997809040673,0.4444444444444444
P01,23,14.0,14.25,14.125,19.217547128393445,12.96,23593,17,23576,0.000720552706311194,0.9992794472936888,0.010000000000000002,12.320000000000002,0.025821910939289254,3598.0,2570.0,0.034482758620689655,0.0837972632367739,0.3888888888888889
P01,23,14.25,14.5,14.375,19.217547128393445,12.96,26614,1,26613,3.7574209062899225e-05,0.9999624257909371,0.010000000000000002,13.630000000000003,,18504.0,2313.0,0.034482758620689655,,2.0
P01,23,14.5,14.75,14.625,19.217547128393445,12.96,23889,1,23888,4.18602704173469e-05,0.9999581397295827,0.010000000000000002,12.660000000000002,,4626.0,2313.0,0.034482758620689655,,0.5
P01,23,14.75,15.0,14.875,19.217547128393445,12.96,13415,0,13415,0.0,1.0,0.0,10.710000000000003,,,2313.0,0.0,,
P01,23,15.0,15.25,15.125,19.217547128393445,12.96,10906,0,10906,0.0,1.0,0.0,10.480000000000002,,,2570.0,0.0,,
P01,23,15.25,15.5,15.375,19.217547128393445,12.96,13068,0,13068,0.0,1.0,0.0,11.560000000000002,,,2313.0,0.0,,
P01,23,15.5,15.75,15.625,19.217547128393445,12.96,11632,0,11632,0.0,1.0,0.0,11.330000000000002,,,2313.0,0.0,,
P01,23,15.75,16.0,15.875,19.217547128393445,12.96,11442,0,11442,0.0,1.0,0.0,11.920000000000002,,,2570.0,0.0,,
P01,23,16.0,16.25,16.125,19.217547128393445,12.96,11660,0,11660,0.0,1.0,0.0,12.570000000000002,,,2570.0,0.0,,
P01,23,16.25,16.5,16.375,19.217547128393445,12.96,11660,1,11659,8.576329331046312e-05,0.9999142367066896,0.010000000000000002,12.140000000000002,,257.0,2827.0,0.034482758620689655,,0.027777777777777776
P01,23,16.5,16.75,16.625,19.217547128393445,12.96,10958,0,10958,0.0,1.0,0.0,11.940000000000003,,,2827.0,0.0,,
P01,23,16.75,17.0,16.875,19.217547128393445,12.96,8320,0,8320,0.0,1.0,0.0,11.720000000000002,,,2570.0,0.0,,
P01,23,17.0,17.25,17.125,19.217547128393445,12.96,4842,0,4842,0.0,1.0,0.0,10.110000000000001,,,2570.0,0.0,,
P01,23,17.25,17.5,17.375,19.217547128393445,12.96,7194,0,7194,0.0,1.0,0.0,7.050000000000002,,,3084.0,0.0,,
P01,23,17.5,17.75,17.625,19.217547128393445,12.96,5459,0,5459,0.0,1.0,0.0,6.490000000000001,,,2827.0,0.0,,
P01,23,17.75,18.0,17.875,19.217547128393445,12.96,3846,0,3846,0.0,1.0,0.0,5.6400000000000015,,,2570.0,0.0,,
P01,23,18.0,18.25,18.125,19.217547128393445,12.96,3270,0,3270,0.0,1.0,0.0,4.920000000000001,,,2827.0,0.0,,
P01,23,18.25,18.5,18.375,19.217547128393445,12.96,2259,0,2259,0.0,1.0,0.0,3.5400000000000005,,,2827.0,0.0,,
P01,23,18.5,18.75,18.625,19.217547128393445,12.96,1563,0,1563,0.0,1.0,0.0,1.7400000000000004,,,2827.0,0.0,,
P01,23,18.75,19.0,18.875,19.217547128393445,12.96,879,0,879,0.0,1.0,0.0,1.5600000000000003,,,2570.0,0.0,,
P01,23,19.0,19.25,19.125,19.217547128393445,12.96,3840,0,3840,0.0,1.0,0.0,5.4300000000000015,,,2570.0,0.0,,
P01,24,0.0,0.25,0.125,18.62567967975895,12.15,5403,3449,1954,0.6383490653340737,0.36165093466592635,0.31000000000000005,0.45000000000000007,0.332663387889777,9252.0,7196.0,1.1071428571428572,1.1833220831875217,0.9
P01,24,0.25,0.5,0.375,18.62567967975895,12.15,9020,9003,17,0.9981152993348116,0.0018847006651884213,0.29000000000000004,0.33000000000000007,0.28112666248370827,10280.0,10280.0,1.0357142857142858,1.0,1.0
P01,24,0.5,0.75,0.625,18.62567967975895,12.15,12992,12992,0,1.0,0.0,0.28,0.28,0.28218522239283417,10794.0,10794.0,1.0,1.0037654198281076,1.05
P01,24,0.75,1.0,0.875,18.62567967975895,12.15,14273,14271,2,0.9998598752890072,0.0001401247109927839,0.25000000000000006,0.2700000000000001,0.27423530033845067,10794.0,10794.0,0.892857142857143,0.9754866291074153,1.05
P01,24,1.0,1.25,1.125,18.62567967975895,12.15,16013,16011,2,0.9998751014800474,0.0001248985199525654,0.22000000000000003,0.23000000000000004,0.25226474087054085,9509.0,9509.0,0.7857142857142857,0.8973348121513021,0.925
P01,24,1.25,1.5,1.375,18.62567967975895,12.15,15794,15793,1,0.9999366848170191,6.331518298086092e-05,0.24000000000000005,0.24000000000000005,0.243680117431518,10280.0,10280.0,0.8571428571428572,0.8667983153168178,1.0
P01,24,1.5,1.75,1.625,18.62567967975895,12.15,15027,15027,0,1.0,0.0,0.26000000000000006,0.26000000000000006,0.2385680191885804,10023.0,10023.0,0.9285714285714287,0.8486139915754373,0.975
P01,24,1.75,2.0,1.875,18.62567967975895,12.15,14540,14540,0,1.0,0.0,0.23000000000000004,0.23000000000000004,0.2404163055163385,10280.0,10280.0,0.8214285714285715,0.8551885594639071,1.0
P01,24,2.0,2.25,2.125,18.62567967975895,12.15,13930,13930,0,1.0,0.0,0.22000000000000003,0.22000000000000003,0.23629345935376217,9509.0,9509.0,0.7857142857142857,0.8405231196007805,0.925
P01,24,2.25,2.5,2.375,18.62567967975895,12.15,13344,13344,0,1.0,0.0,0.23000000000000004,0.23000000000000004,0.22711362810492236,8738.0,8738.0,0.8214285714285715,0.8078693998584497,0.85
P01,24,2.5,2.75,2.625,18.62567967975895,12.15,13744,13744,0,1.0,0.0,0.21000000000000005,0.21000000000000005,0.21724456262281083,8481.0,8481.0,0.7500000000000001,0.772763994362863,0.825
P01,24,2.75,3.0,2.875,18.62567967975895,12.15,13695,13694,1,0.9999269806498722,7.301935012782312e-05,0.24000000000000005,0.24000000000000005,0.24088493052532145,8224.0,8224.0,0.8571428571428572,0.8568555127327387,0.8
P01,24,3.0,3.25,3.125,18.62567967975895,12.15,14570,14558,12,0.9991763898421414,0.0008236101578585897,0.29000000000000004,0.29000000000000004,0.25008027676704747,7196.0,7196.0,1.0357142857142858,0.8895644210962736,0.7
P01,24,3.25,3.5,3.375,18.62567967975895,12.15,13933,13923,10,0.9992822794803703,0.0007177205196297054,0.29000000000000004,0.30000000000000004,0.26098237350619047,7196.0,7196.0,1.0357142857142858,0.9283444380566884,0.7
P01,24,3.5,3.75,3.625,18.62567967975895,12.15,13693,13690,3,0.999780909953991,0.00021909004600895177,0.30000000000000004,0.30000000000000004,0.26503990043529396,6682.0,6682.0,1.0714285714285714,0.9427775298639752,0.65
P01,24,3.75,4.0,3.875,18.62567967975895,12.15,12782,12782,0,1.0,0.0,0.30000000000000004,0.30000000000000004,0.26774437389096384,6168.0,6168.0,1.0714285714285714,0.9523976542298973,0.6
P01,24,4.0,4.25,4.125,18.62567967975895,12.15,10504,10502,2,0.9998095963442498,0.00019040365575018203,0.28,0.29000000000000004,0.251091017786966,5654.0,5654.0,1.0,0.8931597436138493,0.55
P01,24,4.25,4.5,4.375,18.62567967975895,12.15,9854,9854,0,1.0,0.0,0.23000000000000004,0.23000000000000004,0.2167233262101002,6168.0,6168.0,0.8214285714285715,0.7709098962559614,0.6
P01,24,4.5,4.75,4.625,18.62567967975895,12.15,9298,9298,0,1.0,0.0,0.25000000000000006,0.25000000000000006,0.22868690222726848,5654.0,5654.0,0.892857142857143,0.8134657175767569,0.55
P01,24,4.75,5.0,4.875,18.62567967975895,12.15,7384,7384,0,1.0,0.0,0.21000000000000005,0.21000000000000005,0.21355537953585457,6168.0,6168.0,0.7500000000000001,0.7596411441345605,0.6
P01,24,5.0,5.25,5.125,18.62567967975895,12.15,6986,6982,4,0.9994274262811337,0.0005725737188663205,0.24000000000000005,0.24000000000000005,0.2511930520084106,5397.0,5397.0,0.8571428571428572,0.8935226911213646,0.525
P01,24,5.25,5.5,5.375,18.62567967975895,12.15,6847,6792,55,0.9919672849423105,0.008032715057689543,0.25000000000000006,0.26000000000000006,0.2421989937392389,5654.0,5654.0,0.892857142857143,0.86152978731882,0.55
P01,24,5.5,5.75,5.625,18.62567967975895,12.15,7021,7021,0,1.0,0.0,0.24000000000000005,0.24000000000000005,0.2336535902879505,5911.0,5911.0,0.8571428571428572,0.8311328005094184,0.575
P01,24,5.75,6.0,5.875,18.62567967975895,12.15,7069,7066,3,0.9995756118262837,0.00042438817371626136,0.30000000000000004,0.30000000000000004,0.2594214708886969,5140.0,5140.0,1.0714285714285714,0.9227921272096729,0.5
P01,24,6.0,6.25,6.125,18.62567967975895,12.15,7476,7456,20,0.9973247726056714,0.002675227394328572,0.33000000000000007,0.3400000000000001,0.36870347167667805,5654.0,5654.0,1.1785714285714286,1.3115208227467396,0.55
P01,24,6.25,6.5,6.375,18.62567967975895,12.15,5006,5006,0,1.0,0.0,0.21000000000000005,0.21000000000000005,0.21296242777985186,5654.0,5654.0,0.7500000000000001,0.7575319462706365,0.55
P01,24,6.5,6.75,6.625,18.62567967975895,12.15,5988,5988,0,1.0,0.0,0.26000000000000006,0.26000000000000006,0.21732912451168657,6168.0,6168.0,0.9285714285714287,0.7730647907659102,0.6
P01,24,6.75,7.0,6.875,18.62567967975895,12.15,6015,5859,156,0.9740648379052369,0.025935162094763098,0.33000000000000007,0.33000000000000007,0.3014984247965168,5654.0,5397.0,1.1785714285714286,1.072464710863165,0.55
P01,24,7.0,7.25,7.125,18.62567967975895,12.15,6537,6234,303,0.9536484625975218,0.046351537402478216,0.30000000000000004,0.3400000000000001,0.47238731865380473,5654.0,5654.0,1.0714285714285714,1.6803362387627687,0.55
P01,24,7.25,7.5,7.375,18.62567967975895,12.15,5779,5575,204,0.9646997750475861,0.03530022495241392,0.30000000000000004,0.3400000000000001,0.3170323883248565,5654.0,5654.0,1.0714285714285714,1.1277208128319347,0.55
P01,24,7.5,7.75,7.625,18.62567967975895,12.15,5941,5939,2,0.999663356337317,0.0003366436626830449,0.33000000000000007,0.3400000000000001,0.3210132389528705,5654.0,5654.0,1.1785714285714286,1.1418811581824748,0.55
P01,24,7.75,8.0,7.875,18.62567967975895,12.15,5647,5646,1,0.9998229148220295,0.00017708517797054846,0.3600000000000001,0.3600000000000001,0.48573191271212124,5911.0,5911.0,1.285714285714286,1.7278045007213436,0.575
P01,24,8.0,8.25,8.125,18.62567967975895,12.15,6220,6219,1,0.99983922829582,0.0001607717041800516,0.4100000000000001,0.4200000000000001,0.7431054433744955,5397.0,5397.0,1.4642857142857144,2.6433118680714234,0.525
P01,24,8.25,8.5,8.375,18.62567967975895,12.15,6465,6190,275,0.9574632637277649,0.04253673627223509,0.44000000000000006,0.4800000000000001,1.0307974578281374,5654.0,5654.0,1.5714285714285714,3.66666558312616,0.55
P01,24,8.5,8.75,8.625,18.62567967975895,12.15,6019,4540,1479,0.7542781192889184,0.2457218807110816,0.4100000000000001,0.56,0.38756999080759535,6168.0,5654.0,1.4642857142857144,1.3786312098022921,0.6
P01,24,8.75,9.0,8.875,18.62567967975895,12.15,5570,4854,716,0.8714542190305207,0.12854578096947933,0.4100000000000001,0.56,0.4721907725879773,5654.0,5140.0,1.4642857142857144,1.6796371017115515,0.55
P01,24,9.0,9.25,9.125,18.62567967975895,12.15,6740,6292,448,0.9335311572700297,0.06646884272997033,0.5800000000000001,0.6900000000000002,0.8328759807111249,4626.0,4626.0,2.0714285714285716,2.9626360351337766,0.45
P01,24,9.25,9.5,9.375,18.62567967975895,12.15,6059,6008,51,0.9915827694339,0.008417230566099998,0.5500000000000002,0.6000000000000001,1.192209869145035,4626.0,4626.0,1.9642857142857146,4.240828168385222,0.45
P01,24,9.5,9.75,9.625,18.62567967975895,12.15,6221,5918,303,0.9512940041793924,0.04870599582060764,0.6200000000000001,0.6600000000000001,1.2414875143243596,4626.0,4369.0,2.2142857142857144,4.416114442351429,0.45
P01,24,9.75,10.0,9.875,18.62567967975895,12.15,6864,6852,12,0.9982517482517482,0.0017482517482517723,0.6900000000000002,0.6900000000000002,1.1542295262612885,5140.0,5140.0,2.464285714285715,4.105727703177844,0.5
P01,24,10.0,10.25,10.125,18.62567967975895,12.15,6285,5349,936,0.8510739856801909,0.14892601431980912,0.7200000000000002,0.8400000000000002,1.0875463190501922,4626.0,4626.0,2.571428571428572,3.868527835253681,0.45
P01,24,10.25,10.5,10.375,18.62567967975895,12.15,6674,4503,2171,0.6747078213964639,0.3252921786035361,0.4600000000000001,0.6800000000000002,1.8272987942930827,5397.0,4626.0,1.642857142857143,6.499912808515548,0.525
P01,24,10.5,10.75,10.625,18.62567967975895,12.15,6306,5772,534,0.9153187440532826,0.08468125594671738,0.6700000000000002,0.8300000000000002,1.1992058826267051,4883.0,4626.0,2.3928571428571432,4.26571379616546,0.475
P01,24,10.75,11.0,10.875,18.62567967975895,12.15,8394,6639,1755,0.7909220872051466,0.20907791279485344,1.0800000000000003,1.4300000000000004,1.0737789335624293,4883.0,4626.0,3.8571428571428577,3.8195556553610652,0.475
P01,24,11.0,11.25,11.125,18.62567967975895,12.15,9086,1569,7517,0.1726832489544354,0.8273167510455646,0.4900000000000001,1.4500000000000002,1.1928247142418595,4112.0,3855.0,1.7500000000000002,4.243015243390461,0.4
P01,24,11.25,11.5,11.375,18.62567967975895,12.15,6807,2681,4126,0.3938592625238725,0.6061407374761275,0.4200000000000001,1.2100000000000002,0.7861558367686285,5654.0,4626.0,1.5000000000000002,2.796447088380269,0.55
P01,24,11.5,11.75,11.625,18.62567967975895,12.15,8487,2772,5715,0.3266171792152704,0.6733828207847297,0.4800000000000001,1.6500000000000004,1.1333711168197873,5654.0,4112.0,1.7142857142857144,4.031531932285035,0.55
P01,24,11.75,12.0,11.875,18.62567967975895,12.15,8996,2344,6652,0.2605602489995554,0.7394397510004447,0.4000000000000001,1.7700000000000002,1.1386132968156608,5654.0,3855.0,1.4285714285714286,4.0501789718420795,0.55
P01,24,12.0,12.25,12.125,18.62567967975895,12.15,10257,2483,7774,0.2420785804816223,0.7579214195183777,0.29000000000000004,2.2600000000000002,0.23569683886278855,7196.0,3084.0,1.0357142857142858,0.8384008716229382,0.7
P01,24,12.25,12.5,12.375,18.62567967975895,12.15,9578,2728,6850,0.2848193777406557,0.7151806222593443,0.44000000000000006,2.3900000000000006,0.5178870526578607,6425.0,3084.0,1.5714285714285714,1.8421840464451609,0.625
P01,24,12.5,12.75,12.625,18.62567967975895,12.15,18588,1718,16870,0.09242522057241231,0.9075747794275877,0.5500000000000002,4.070000000000001,1.051976588855838,5397.0,2827.0,1.9642857142857146,3.74200219773463,0.525
P01,24,12.75,13.0,12.875,18.62567967975895,12.15,39570,1427,38143,0.03606267374273439,0.9639373262572656,0.4900000000000001,5.820000000000001,1.0205946174719926,5654.0,2827.0,1.7500000000000002,3.630372901862831,0.55
P01,24,13.0,13.25,13.125,18.62567967975895,12.15,33752,1422,32330,0.042130836691159045,0.957869163308841,0.5900000000000001,6.3900000000000015,1.4026958138048413,5397.0,2827.0,2.107142857142857,4.9895509782396745,0.525
P01,24,13.25,13.5,13.375,18.62567967975895,12.15,24366,1286,23080,0.052778461791020276,0.9472215382089797,0.7700000000000001,6.000000000000001,0.8974838868996301,5140.0,3084.0,2.75,3.1924538176866832,0.5
P01,24,13.5,13.75,13.625,18.62567967975895,12.15,35855,747,35108,0.020833914377353227,0.9791660856226467,0.5700000000000001,8.220000000000002,1.168112424388728,5397.0,2827.0,2.0357142857142856,4.155110774867972,0.525
P01,24,13.75,14.0,13.875,18.62567967975895,12.15,34443,279,34164,0.00810033969166449,0.9918996603083355,0.37000000000000005,9.010000000000002,1.7058277655429508,5397.0,2570.0,1.3214285714285714,6.067826333056567,0.525
P01,24,14.0,14.25,14.125,18.62567967975895,12.15,27070,29,27041,0.0010712966383450314,0.998928703361655,0.08000000000000002,8.410000000000002,0.5806174182659456,7967.0,2570.0,0.28571428571428575,2.065323200354905,0.775
P01,24,14.25,14.5,14.375,18.62567967975895,12.15,23436,19,23417,0.0008107185526540366,0.999189281447346,0.10000000000000002,8.520000000000001,1.1430529192735936,6425.0,2827.0,0.35714285714285715,4.065971221565778,0.625
P01,24,14.5,14.75,14.625,18.62567967975895,12.15,18461,34,18427,0.0018417203835111857,0.9981582796164888,0.10000000000000002,8.400000000000002,2.429369982555491,3341.0,2827.0,0.35714285714285715,8.641549546003224,0.325
P01,24,14.75,15.0,14.875,18.62567967975895,12.15,35824,47,35777,0.0013119696292987941,0.9986880303707012,0.11000000000000001,10.620000000000003,1.9068205943021892,5140.0,3084.0,0.39285714285714285,6.782781033487681,0.5
P01,24,15.0,15.25,15.125,18.62567967975895,12.15,34959,0,34959,0.0,1.0,0.0,12.850000000000003,,,3084.0,0.0,,
P01,24,15.25,15.5,15.375,18.62567967975895,12.15,25841,0,25841,0.0,1.0,0.0,12.460000000000003,,,3084.0,0.0,,
P01,24,15.5,15.75,15.625,18.62567967975895,12.15,17114,3,17111,0.0001752950800514199,0.9998247049199486,0.010000000000000002,10.230000000000002,0.025363014385562734,9766.0,2570.0,0.03571428571428572,0.09021917082316075,0.95
P01,24,15.75,16.0,15.875,18.62567967975895,12.15,10474,0,10474,0.0,1.0,0.0,8.790000000000001,,,2570.0,0.0,,
P01,24,16.0,16.25,16.125,18.62567967975895,12.15,7326,4,7322,0.000546000546000546,0.9994539994539995,0.04000000000000001,7.460000000000002,0.13691624725809115,10794.0,3084.0,0.14285714285714288,0.4870269011429169,1.05
P01,24,16.25,16.5,16.375,18.62567967975895,12.15,8775,3,8772,0.0003418803418803419,0.9996581196581197,0.010000000000000002,7.670000000000002,0.013731371197890242,4626.0,3084.0,0.03571428571428572,0.04884407290498814,0.45
P01,24,16.5,16.75,16.625,18.62567967975895,12.15,9401,0,9401,0.0,1.0,0.0,8.750000000000002,,,2827.0,0.0,,
P01,24,16.75,17.0,16.875,18.62567967975895,12.15,10800,0,10800,0.0,1.0,0.0,9.110000000000001,,,3084.0,0.0,,
P01,24,17.0,17.25,17.125,18.62567967975895,12.15,9366,0,9366,0.0,1.0,0.0,8.700000000000001,,,3341.0,0.0,,
P01,24,17.25,17.5,17.375,18.62567967975895,12.15,8258,0,8258,0.0,1.0,0.0,8.280000000000001,,,3341.0,0.0,,
P01,24,17.5,17.75,17.625,18.62567967975895,12.15,6368,0,6368,0.0,1.0,0.0,7.730000000000001,,,3341.0,0.0,,
P01,24,17.75,18.0,17.875,18.62567967975895,12.15,3909,0,3909,0.0,1.0,0.0,5.770000000000001,,,3598.0,0.0,,
P01,24,18.0,18.25,18.125,18.62567967975895,12.15,2267,0,2267,0.0,1.0,0.0,3.3000000000000007,,,3341.0,0.0,,
P01,24,18.25,18.5,18.375,18.62567967975895,12.15,1568,0,1568,0.0,1.0,0.0,2.880000000000001,,,3598.0,0.0,,
P01,24,18.5,18.75,18.625,18.62567967975895,12.15,5451,0,5451,0.0,1.0,0.0,6.750000000000001,,,3341.0,0.0,,
P01,25,0.0,0.25,0.125,19.632630158157305,12.45,3175,3133,42,0.9867716535433071,0.013228346456692908,0.5100000000000001,0.5300000000000001,0.3730884613181659,8738.0,8738.0,2.04,1.3736554499763232,0.9714285714285714
P01,25,0.25,0.5,0.375,19.632630158157305,12.45,2694,2694,0,1.0,0.0,0.31000000000000005,0.31000000000000005,0.27738357860250706,8995.0,8995.0,1.24,1.0212845048465107,1.0
P01,25,0.5,0.75,0.625,19.632630158157305,12.45,2661,2661,0,1.0,0.0,0.25000000000000006,0.25000000000000006,0.27160265066803807,9252.0,9252.0,1.0,1.0,1.0285714285714285
P01,25,0.75,1.0,0.875,19.632630158157305,12.45,2378,2378,0,1.0,0.0,0.24000000000000005,0.24000000000000005,0.25617484129043794,8995.0,8995.0,0.96,0.9431971325034801,1.0
P01,25,1.0,1.25,1.125,19.632630158157305,12.45,2598,2598,0,1.0,0.0,0.23000000000000004,0.23000000000000004,0.23560432549059623,8481.0,8481.0,0.9199999999999999,0.8674595955197794,0.9428571428571428
P01,25,1.25,1.5,1.375,19.632630158157305,12.45,2804,2804,0,1.0,0.0,0.22000000000000003,0.22000000000000003,0.1980396425259903,8481.0,8481.0,0.8799999999999999,0.7291520978859704,0.9428571428571428
P01,25,1.5,1.75,1.625,19.632630158157305,12.45,2732,2732,0,1.0,0.0,0.23000000000000004,0.23000000000000004,0.21195081389360831,8481.0,8481.0,0.9199999999999999,0.7803709329503626,0.9428571428571428
P01,25,1.75,2.0,1.875,19.632630158157305,12.45,2676,2676,0,1.0,0.0,0.21000000000000005,0.21000000000000005,0.2093692688058865,8481.0,8481.0,0.84,0.7708660732541402,0.9428571428571428
P01,25,2.0,2.25,2.125,19.632630158157305,12.45,2861,2861,0,1.0,0.0,0.21000000000000005,0.21000000000000005,0.1985673690582686,8481.0,8481.0,0.84,0.7310951073926165,0.9428571428571428
P01,25,2.25,2.5,2.375,19.632630158157305,12.45,2829,2829,0,1.0,0.0,0.23000000000000004,0.23000000000000004,0.20173249354187758,7967.0,7967.0,0.9199999999999999,0.7427486184162534,0.8857142857142857
P01,25,2.5,2.75,2.625,19.632630158157305,12.45,2733,2733,0,1.0,0.0,0.20000000000000004,0.20000000000000004,0.20197568614375097,7967.0,7967.0,0.7999999999999999,0.7436440169010444,0.8857142857142857
P01,25,2.75,3.0,2.875,19.632630158157305,12.45,2724,2724,0,1.0,0.0,0.23000000000000004,0.23000000000000004,0.20842888413544086,7967.0,7967.0,0.9199999999999999,0.7674037187147694,0.8857142857142857
P01,25,3.0,3.25,3.125,19.632630158157305,12.45,3057,3057,0,1.0,0.0,0.21000000000000005,0.21000000000000005,0.19113659133745275,7710.0,7710.0,0.84,0.7037361044427595,0.8571428571428571
P01,25,3.25,3.5,3.375,19.632630158157305,12.45,2879,2879,0,1.0,0.0,0.18000000000000005,0.18000000000000005,0.18962857878257494,7967.0,7967.0,0.7200000000000001,0.6981838296355414,0.8857142857142857
P01,25,3.5,3.75,3.625,19.632630158157305,12.45,3532,3442,90,0.9745186862967158,0.025481313703284214,0.26000000000000006,0.31000000000000005,3.430664350790931,7967.0,7967.0,1.04,12.631188769155294,0.8857142857142857
P01,25,3.75,4.0,3.875,19.632630158157305,12.45,3968,3588,380,0.9042338709677419,0.09576612903225812,0.37000000000000005,0.4100000000000001,4.246336048193647,7453.0,6939.0,1.48,15.634368949453524,0.8285714285714286
P01,25,4.0,4.25,4.125,19.632630158157305,12.45,3543,3519,24,0.9932260795935648,0.006773920406435208,0.29000000000000004,0.30000000000000004,4.290859948623009,7453.0,7453.0,1.16,15.798299236289276,0.8285714285714286
P01,25,4.25,4.5,4.375,19.632630158157305,12.45,4029,4010,19,0.9952841896252171,0.004715810374782858,0.33000000000000007,0.33000000000000007,4.303871965753798,6682.0,6682.0,1.32,15.846207521053008,0.7428571428571429
P01,25,4.5,4.75,4.625,19.632630158157305,12.45,3670,3657,13,0.9964577656675749,0.003542234332425065,0.3600000000000001,0.3600000000000001,4.251310030137352,6939.0,6939.0,1.4400000000000002,15.652682400855678,0.7714285714285715
P01,25,4.75,5.0,4.875,19.632630158157305,12.45,4475,4474,1,0.9997765363128491,0.00022346368715087106,0.4600000000000001,0.4600000000000001,4.173832530167461,6425.0,6425.0,1.8399999999999999,15.367421930166875,0.7142857142857143
P01,25,5.0,5.25,5.125,19.632630158157305,12.45,9444,9442,2,0.9997882253282507,0.00021177467174926523,0.8800000000000001,0.8800000000000001,3.5804167634391395,5397.0,5397.0,3.5199999999999996,13.182554568715332,0.6
P01,25,5.25,5.5,5.375,19.632630158157305,12.45,3171,3168,3,0.9990539262062441,0.0009460737937558861,0.4900000000000001,0.5000000000000001,0.22554864039916606,7453.0,7453.0,1.96,0.830436079487454,0.8285714285714286
P01,25,5.5,5.75,5.625,19.632630158157305,12.45,2956,2956,0,1.0,0.0,0.28,0.28,0.19682923955796533,7710.0,7710.0,1.1199999999999999,0.7246955766957395,0.8571428571428571
P01,25,5.75,6.0,5.875,19.632630158157305,12.45,5106,5085,21,0.9958871915393654,0.004112808460634554,0.5000000000000001,0.5000000000000001,3.3027444635742067,5911.0,5911.0,2.0,12.160207035721948,0.6571428571428571
P01,25,6.0,6.25,6.125,19.632630158157305,12.45,7111,7018,93,0.9869216706511039,0.013078329348896078,0.7500000000000001,0.7800000000000001,2.1320812836679144,5397.0,5397.0,3.0,7.850001752279716,0.6
P01,25,6.25,6.5,6.375,19.632630158157305,12.45,5076,5059,17,0.9966509062253743,0.0033490937746256666,0.6200000000000001,0.6300000000000001,3.4911772512529415,6168.0,6168.0,2.48,12.853988142847605,0.6857142857142857
P01,25,6.5,6.75,6.625,19.632630158157305,12.45,6821,6813,8,0.9988271514440697,0.0011728485559302504,0.7400000000000001,0.7400000000000001,3.1094507870774213,6425.0,6425.0,2.96,11.448528869027486,0.7142857142857143
P01,25,6.75,7.0,6.875,19.632630158157305,12.45,3983,3982,1,0.9997489329651017,0.0002510670348983002,0.4900000000000001,0.5000000000000001,3.184195243871519,6939.0,6939.0,1.96,11.72372668690686,0.7714285714285715
P01,25,7.0,7.25,7.125,19.632630158157305,12.45,4560,4557,3,0.9993421052631579,0.0006578947368420796,0.5000000000000001,0.5000000000000001,2.860590603277048,6939.0,6939.0,2.0,10.532263202296058,0.7714285714285715
P01,25,7.25,7.5,7.375,19.632630158157305,12.45,5499,5496,3,0.9994544462629569,0.0005455537370431252,0.5300000000000001,0.5500000000000002,2.331562297506805,6168.0,6168.0,2.12,8.584460761969952,0.6857142857142857
P01,25,7.5,7.75,7.625,19.632630158157305,12.45,6886,6633,253,0.963258785942492,0.036741214057507965,0.7200000000000002,0.8300000000000002,2.027084159185788,5911.0,5654.0,2.8800000000000003,7.46341817430699,0.6571428571428571
P01,25,7.75,8.0,7.875,19.632630158157305,12.45,4474,4275,199,0.9555207867679929,0.0444792132320071,0.6700000000000002,0.7100000000000002,3.115349435165767,6682.0,6425.0,2.68,11.47024680172747,0.7428571428571429
P01,25,8.0,8.25,8.125,19.632630158157305,12.45,4798,4798,0,1.0,0.0,0.6400000000000001,0.6400000000000001,3.5030037190055268,6425.0,6425.0,2.56,12.897531413590716,0.7142857142857143
P01,25,8.25,8.5,8.375,19.632630158157305,12.45,4784,4784,0,1.0,0.0,0.5900000000000001,0.5900000000000001,3.9200262245088386,5397.0,5397.0,2.36,14.432945388666427,0.6
P01,25,8.5,8.75,8.625,19.632630158157305,12.45,5671,5670,1,0.9998236642567448,0.00017633574325515156,0.7600000000000001,0.7700000000000001,3.822386133041481,5397.0,5397.0,3.0399999999999996,14.07344929675716,0.6
P01,25,8.75,9.0,8.875,19.632630158157305,12.45,8513,8478,35,0.9958886409021497,0.00411135909785032,1.3700000000000003,1.4000000000000004,2.3211403657508183,4626.0,4626.0,5.48,8.546088780951532,0.5142857142857142
P01,25,9.0,9.25,9.125,19.632630158157305,12.45,10003,9954,49,0.9951014695591323,0.004898530440867743,1.5600000000000003,1.5900000000000003,3.7312310880185406,4626.0,4626.0,6.239999999999999,13.737830167861569,0.5142857142857142
P01,25,9.25,9.5,9.375,19.632630158157305,12.45,10363,10252,111,0.9892888159799286,0.01071118402007143,1.4500000000000002,1.4600000000000002,3.146045739965982,4369.0,4369.0,5.8,11.583265966764017,0.4857142857142857
P01,25,9.5,9.75,9.625,19.632630158157305,12.45,4557,3335,1222,0.7318411235461927,0.2681588764538073,0.6700000000000002,0.9800000000000002,3.242191403794851,5911.0,4112.0,2.68,11.937259801479502,0.6571428571428571
P01,25,9.75,10.0,9.875,19.632630158157305,12.45,7263,4960,2303,0.6829133966680435,0.3170866033319565,0.6600000000000001,1.1300000000000001,3.5566444286173238,5140.0,3855.0,2.64,13.095028416951552,0.5714285714285714
P01,25,10.0,10.25,10.125,19.632630158157305,12.45,6421,4321,2100,0.6729481389191715,0.3270518610808285,0.6000000000000001,1.0300000000000002,3.258437048701876,5397.0,4112.0,2.4,11.997073816059505,0.6
P01,25,10.25,10.5,10.375,19.632630158157305,12.45,5406,4124,1282,0.7628560858305586,0.23714391416944136,0.6300000000000001,0.8900000000000001,3.0715387182555554,5654.0,4626.0,2.52,11.308942349055693,0.6285714285714286
P01,25,10.5,10.75,10.625,19.632630158157305,12.45,5476,4717,759,0.8613951789627465,0.13860482103725347,0.8100000000000002,1.1400000000000001,2.9720662770599584,5140.0,4626.0,3.2399999999999998,10.94269982177942,0.5714285714285714
P01,25,10.75,11.0,10.875,19.632630158157305,12.45,8097,5569,2528,0.6877855996047919,0.3122144003952081,1.2700000000000002,1.9900000000000004,3.4149194924879613,4883.0,3855.0,5.08,12.57321857532897,0.5428571428571428
P01,25,11.0,11.25,11.125,19.632630158157305,12.45,14760,10869,3891,0.7363821138211382,0.26361788617886184,1.8300000000000003,3.3500000000000005,4.233321154743828,4112.0,3341.0,7.319999999999999,15.586450074516893,0.45714285714285713
P01,25,11.25,11.5,11.375,19.632630158157305,12.45,14137,6574,7563,0.46502086722784186,0.5349791327721581,1.3800000000000003,3.2500000000000004,4.233932515356558,4883.0,2570.0,5.5200000000000005,15.588701012095102,0.5428571428571428
P01,25,11.5,11.75,11.625,19.632630158157305,12.45,13873,5396,8477,0.38895696676998487,0.6110430332300152,1.2900000000000003,3.3000000000000007,4.520564981442935,4883.0,3084.0,5.16,16.64403852585416,0.5428571428571428
P01,25,11.75,12.0,11.875,19.632630158157305,12.45,10435,3792,6643,0.3633924293243891,0.6366075706756109,1.1700000000000002,3.2300000000000004,4.01318990284317,4626.0,2827.0,4.68,14.775960002497273,0.5142857142857142
P01,25,12.0,12.25,12.125,19.632630158157305,12.45,10481,4847,5634,0.46245587253124704,0.5375441274687529,1.3500000000000003,3.3000000000000007,3.522391219121869,4626.0,3084.0,5.4,12.968913265235598,0.5142857142857142
P01,25,12.25,12.5,12.375,19.632630158157305,12.45,15471,7052,8419,0.4558205675134122,0.5441794324865878,1.8200000000000003,4.880000000000001,3.0146106629513545,5397.0,3855.0,7.279999999999999,11.099341834612334,0.6
P01,25,12.5,12.75,12.625,19.632630158157305,12.45,31224,5795,25429,0.185594414552908,0.814405585447092,2.0600000000000005,9.810000000000002,4.665667665415093,4626.0,3341.0,8.24,17.178284725643675,0.5142857142857142
P01,25,12.75,13.0,12.875,19.632630158157305,12.45,61115,5773,55342,0.0944612615560828,0.9055387384439172,1.6300000000000003,13.130000000000003,4.343297157619884,4626.0,3084.0,6.52,15.991365131883077,0.5142857142857142
P01,25,13.0,13.25,13.125,19.632630158157305,12.45,51854,5772,46082,0.11131253133798742,0.8886874686620125,1.7500000000000004,13.400000000000002,3.423621115587607,5397.0,3341.0,7.0,12.605256639310461,0.6
P01,25,13.25,13.5,13.375,19.632630158157305,12.45,40498,3824,36674,0.09442441602054423,0.9055755839794558,1.2000000000000002,12.600000000000003,3.386004311290637,5397.0,3084.0,4.8,12.466757238791185,0.6
P01,25,13.5,13.75,13.625,19.632630158157305,12.45,36185,3023,33162,0.08354290451844687,0.9164570954815532,1.2300000000000002,11.580000000000002,1.9128620923655772,4112.0,3084.0,4.92,7.04286974983739,0.45714285714285713
P01,25,13.75,14.0,13.875,19.632630158157305,12.45,28632,719,27913,0.025111763062307908,0.9748882369376921,0.4900000000000001,11.830000000000002,2.703934084956138,3855.0,3084.0,1.96,9.955477526841142,0.42857142857142855
P01,25,14.0,14.25,14.125,19.632630158157305,12.45,39939,562,39377,0.014071458974936779,0.9859285410250632,0.33000000000000007,12.500000000000002,0.7278548581350053,5397.0,2570.0,1.32,2.679851821566403,0.6
P01,25,14.25,14.5,14.375,19.632630158157305,12.45,22423,508,21915,0.022655309280649332,0.9773446907193507,0.31000000000000005,10.260000000000002,0.8520461400493411,5911.0,2570.0,1.24,3.1371053925785897,0.6571428571428571
P01,25,14.5,14.75,14.625,19.632630158157305,12.45,11106,770,10336,0.06933189267062849,0.9306681073293716,0.4200000000000001,6.620000000000001,0.7220569221155562,4883.0,2827.0,1.68,2.658504695515945,0.5428571428571428
P01,25,14.75,15.0,14.875,19.632630158157305,12.45,11717,704,11013,0.06008363915678075,0.9399163608432193,0.5000000000000001,7.370000000000001,1.0952564634572564,4626.0,2827.0,2.0,4.032569125387203,0.5142857142857142
P01,25,15.0,15.25,15.125,19.632630158157305,12.45,17800,591,17209,0.03320224719101124,0.9667977528089887,0.5100000000000001,10.510000000000002,1.8904434081951482,4369.0,3084.0,2.04,6.96032753563113,0.4857142857142857
P01,25,15.25,15.5,15.375,19.632630158157305,12.45,29843,336,29507,0.011258921690178602,0.9887410783098214,0.3600000000000001,12.740000000000002,3.304379029153315,5397.0,3084.0,1.4400000000000002,12.166225259679216,0.6
P01,25,15.5,15.75,15.625,19.632630158157305,12.45,17679,37,17642,0.0020928785564794388,0.9979071214435206,0.16000000000000003,11.530000000000003,2.655618806590014,3341.0,3084.0,0.64,9.77758795821106,0.37142857142857144
P01,25,15.75,16.0,15.875,19.632630158157305,12.45,16224,498,15726,0.03069526627218935,0.9693047337278107,0.4000000000000001,11.220000000000002,2.7437828059878133,4112.0,3084.0,1.5999999999999999,10.102194508187468,0.45714285714285713
P01,25,16.0,16.25,16.125,19.632630158157305,12.45,14851,139,14712,0.00935963908154333,0.9906403609184566,0.19000000000000003,11.260000000000002,2.504503066701902,4112.0,2827.0,0.7599999999999999,9.221202593353885,0.45714285714285713
P01,25,16.25,16.5,16.375,19.632630158157305,12.45,11574,19,11555,0.0016416105063072404,0.9983583894936927,0.06000000000000001,11.480000000000002,0.37978213599975075,4626.0,2827.0,0.24,1.3983005506965147,0.5142857142857142
P01,25,16.5,16.75,16.625,19.632630158157305,12.45,11916,11,11905,0.0009231285666330984,0.9990768714333669,0.06000000000000001,12.410000000000002,0.25680964332104966,2570.0,3084.0,0.24,0.9455343778471849,0.2857142857142857
P01,25,16.75,17.0,16.875,19.632630158157305,12.45,13524,5,13519,0.0003697131026323573,0.9996302868973677,0.04000000000000001,16.280000000000005,0.18178304318723312,6425.0,3084.0,0.16,0.6692977507403435,0.7142857142857143
P01,25,17.0,17.25,17.125,19.632630158157305,12.45,10608,2,10606,0.0001885369532428356,0.9998114630467572,0.010000000000000002,16.700000000000003,0.007905694271906356,3598.0,3084.0,0.04,0.02910757406991938,0.4
P01,25,17.25,17.5,17.375,19.632630158157305,12.45,8023,0,8023,0.0,1.0,0.0,13.000000000000002,,,3084.0,0.0,,
P01,25,17.5,17.75,17.625,19.632630158157305,12.45,5025,0,5025,0.0,1.0,0.0,8.730000000000002,,,3341.0,0.0,,
P01,25,17.75,18.0,17.875,19.632630158157305,12.45,3856,0,3856,0.0,1.0,0.0,6.300000000000002,,,3341.0,0.0,,
P01,25,18.0,18.25,18.125,19.632630158157305,12.45,1317,0,1317,0.0,1.0,0.0,3.8700000000000006,,,3084.0,0.0,,
P01,25,18.25,18.5,18.375,19.632630158157305,12.45,1178,0,1178,0.0,1.0,0.0,3.3300000000000005,,,3341.0,0.0,,
P01,25,18.5,18.75,18.625,19.632630158157305,12.45,845,0,845,0.0,1.0,0.0,1.8700000000000003,,,3341.0,0.0,,
P01,25,18.75,19.0,18.875,19.632630158157305,12.45,472,0,472,0.0,1.0,0.0,1.4000000000000004,,,3341.0,0.0,,
P01,25,19.0,19.25,19.125,19.632630158157305,12.45,768,0,768,0.0,1.0,0.0,2.1900000000000004,,,3855.0,0.0,,
P01,25,19.25,19.5,19.375,19.632630158157305,12.45,945,0,945,0.0,1.0,0.0,2.3300000000000005,,,3598.0,0.0,,
P01,25,19.5,19.75,19.625,19.632630158157305,12.45,4493,0,4493,0.0,1.0,0.0,5.110000000000001,,,3855.0,0.0,,
P01,26,0.0,0.25,0.125,18.579347163148206,9.3,11765,11732,33,0.9971950701232469,0.0028049298767530706,0.5400000000000001,0.5400000000000001,0.4300078469574168,10280.0,10023.0,1.5,1.2589311904355245,0.8695652173913043
P01,26,0.25,0.5,0.375,18.579347163148206,9.3,12339,12339,0,1.0,0.0,0.38000000000000006,0.38000000000000006,0.364724690597918,11822.0,11822.0,1.0555555555555554,1.0678021160882112,1.0
P01,26,0.5,0.75,0.625,18.579347163148206,9.3,12750,12750,0,1.0,0.0,0.3600000000000001,0.3600000000000001,0.3415658061570915,12079.0,12079.0,1.0,1.0,1.0217391304347827
P01,26,0.75,1.0,0.875,18.579347163148206,9.3,12981,12981,0,1.0,0.0,0.3500000000000001,0.3500000000000001,0.327946641619977,12079.0,12079.0,0.9722222222222222,0.9601272601308024,1.0217391304347827
P01,26,1.0,1.25,1.125,18.579347163148206,9.3,13771,13771,0,1.0,0.0,0.3500000000000001,0.3500000000000001,0.31340389297020926,11822.0,11822.0,0.9722222222222222,0.9175505490326216,1.0
P01,26,1.25,1.5,1.375,18.579347163148206,9.3,14708,14708,0,1.0,0.0,0.3400000000000001,0.3400000000000001,0.31292587006275785,11565.0,11565.0,0.9444444444444444,0.9161510444603413,0.9782608695652174
P01,26,1.5,1.75,1.625,18.579347163148206,9.3,15606,15605,1,0.9999359220812508,6.407791874918356e-05,0.33000000000000007,0.33000000000000007,0.31453107988400564,11822.0,11822.0,0.9166666666666666,0.9208506068647512,1.0
P01,26,1.75,2.0,1.875,18.579347163148206,9.3,15683,15682,1,0.9999362366894089,6.376331059110285e-05,0.33000000000000007,0.3400000000000001,0.29559981336018676,11565.0,11565.0,0.9166666666666666,0.8654256603901263,0.9782608695652174
P01,26,2.0,2.25,2.125,18.579347163148206,9.3,16254,16254,0,1.0,0.0,0.30000000000000004,0.30000000000000004,0.3029521411867678,11051.0,11051.0,0.8333333333333333,0.8869510229821873,0.9347826086956522
P01,26,2.25,2.5,2.375,18.579347163148206,9.3,15466,15466,0,1.0,0.0,0.33000000000000007,0.33000000000000007,0.3048003443978458,10537.0,10537.0,0.9166666666666666,0.8923619955612985,0.8913043478260869
P01,26,2.5,2.75,2.625,18.579347163148206,9.3,15441,15432,9,0.9994171361958423,0.0005828638041577294,0.4200000000000001,0.4300000000000001,0.31832287080349714,10023.0,10023.0,1.1666666666666665,0.9319518085984738,0.8478260869565217
P01,26,2.75,3.0,2.875,18.579347163148206,9.3,14424,14411,13,0.9990987243483084,0.0009012756516916243,0.4100000000000001,0.4100000000000001,0.3135275095432596,9509.0,9509.0,1.1388888888888888,0.9179124604734683,0.8043478260869565
P01,26,3.0,3.25,3.125,18.579347163148206,9.3,15740,15130,610,0.9612452350698857,0.038754764930114316,0.4100000000000001,0.4600000000000001,0.31873256680059764,8995.0,8995.0,1.1388888888888888,0.9331512729175458,0.7608695652173914
P01,26,3.25,3.5,3.375,18.579347163148206,9.3,15008,14553,455,0.9696828358208955,0.03031716417910446,0.5200000000000001,0.5300000000000001,0.6893263147257388,8481.0,8224.0,1.4444444444444444,2.018136190156888,0.717391304347826
P01,26,3.5,3.75,3.625,18.579347163148206,9.3,12770,12750,20,0.9984338292873923,0.001566170712607673,0.45000000000000007,0.4800000000000001,0.32181314423466023,8738.0,8738.0,1.2499999999999998,0.9421702595331024,0.7391304347826086
P01,26,3.75,4.0,3.875,18.579347163148206,9.3,12437,12422,15,0.998793921363673,0.001206078636327046,0.45000000000000007,0.4600000000000001,0.3623089837980581,8481.0,8481.0,1.2499999999999998,1.0607296669252264,0.717391304347826
P01,26,4.0,4.25,4.125,18.579347163148206,9.3,10458,10458,0,1.0,0.0,0.33000000000000007,0.33000000000000007,0.3123628499548048,8224.0,8224.0,0.9166666666666666,0.9145026941342723,0.6956521739130435
P01,26,4.25,4.5,4.375,18.579347163148206,9.3,11275,11275,0,1.0,0.0,0.3500000000000001,0.3500000000000001,0.3170479455178822,8224.0,8224.0,0.9722222222222222,0.928219218091365,0.6956521739130435
P01,26,4.5,4.75,4.625,18.579347163148206,9.3,12484,12358,126,0.9899070810637616,0.010092918936238426,0.4800000000000001,0.5300000000000001,0.45497329593948177,7453.0,7453.0,1.3333333333333333,1.3320223738386519,0.6304347826086957
P01,26,4.75,5.0,4.875,18.579347163148206,9.3,12118,11668,450,0.9628651592672058,0.03713484073279416,0.56,0.6200000000000001,0.7454416093382858,6939.0,6682.0,1.5555555555555554,2.182424575003991,0.5869565217391305
P01,26,5.0,5.25,5.125,18.579347163148206,9.3,9219,9149,70,0.9924069855732726,0.00759301442672744,0.4700000000000001,0.4800000000000001,0.4625662594262851,7196.0,7196.0,1.3055555555555554,1.3542522438957008,0.6086956521739131
P01,26,5.25,5.5,5.375,18.579347163148206,9.3,8854,8847,7,0.9992093968827649,0.0007906031172351113,0.4200000000000001,0.44000000000000006,0.2970324892258804,7710.0,7710.0,1.1666666666666665,0.8696200962495364,0.6521739130434783
P01,26,5.5,5.75,5.625,18.579347163148206,9.3,10588,10572,16,0.9984888553078958,0.001511144692104227,0.4800000000000001,0.4900000000000001,0.4029508630441171,7196.0,7196.0,1.3333333333333333,1.1797166337510776,0.6086956521739131
P01,26,5.75,6.0,5.875,18.579347163148206,9.3,11787,11619,168,0.9857470094171545,0.01425299058284546,0.6200000000000001,0.7200000000000002,0.6480787760409378,6939.0,6939.0,1.722222222222222,1.8973760381121878,0.5869565217391305
P01,26,6.0,6.25,6.125,18.579347163148206,9.3,12967,12713,254,0.9804118146063083,0.01958818539369167,0.7200000000000002,0.7900000000000001,1.0743554323062183,6682.0,6682.0,2.0,3.1453834457074,0.5652173913043478
P01,26,6.25,6.5,6.375,18.579347163148206,9.3,12269,11426,843,0.9312902437036433,0.06870975629635667,0.7600000000000001,0.8800000000000001,1.438584800503383,6939.0,6425.0,2.1111111111111107,4.211735409608757,0.5869565217391305
P01,26,6.5,6.75,6.625,18.579347163148206,9.3,14153,12636,1517,0.892814244329824,0.10718575567017596,1.0100000000000002,1.1800000000000002,1.6225560078912356,5911.0,5397.0,2.8055555555555554,4.75034672277762,0.5
P01,26,6.75,7.0,6.875,18.579347163148206,9.3,14482,11904,2578,0.8219859135478526,0.17801408645214745,1.0800000000000003,1.3900000000000003,2.196268140615226,5911.0,5140.0,3.0,6.430000020567421,0.5
P01,26,7.0,7.25,7.125,18.579347163148206,9.3,11486,8805,2681,0.766585408323176,0.233414591676824,0.7800000000000001,1.1700000000000002,1.161605268047604,6682.0,5654.0,2.1666666666666665,3.40082422510807,0.5652173913043478
P01,26,7.25,7.5,7.375,18.579347163148206,9.3,13395,9490,3905,0.7084733109369168,0.2915266890630832,0.8500000000000002,1.3300000000000003,1.5312508383322094,6425.0,5397.0,2.361111111111111,4.483033168806022,0.5434782608695652
P01,26,7.5,7.75,7.625,18.579347163148206,9.3,15547,10088,5459,0.648871164854956,0.351128835145044,0.9400000000000002,1.7600000000000002,1.7360243346301016,6168.0,5140.0,2.6111111111111107,5.082547208579997,0.5217391304347826
P01,26,7.75,8.0,7.875,18.579347163148206,9.3,21186,8679,12507,0.40965732087227413,0.5903426791277259,1.1600000000000001,2.4400000000000004,2.0232051923745753,5911.0,4369.0,3.222222222222222,5.923324747103261,0.5
P01,26,8.0,8.25,8.125,18.579347163148206,9.3,13017,7068,5949,0.5429822539755704,0.45701774602442957,0.7500000000000001,1.7700000000000002,0.881172990225851,6939.0,5140.0,2.083333333333333,2.57980446034632,0.5869565217391305
P01,26,8.25,8.5,8.375,18.579347163148206,9.3,13143,6919,6224,0.5264399300007608,0.47356006999923916,0.7000000000000002,1.6500000000000004,1.1193777260515207,6682.0,5140.0,1.9444444444444444,3.2771949237117175,0.5652173913043478
P01,26,8.5,8.75,8.625,18.579347163148206,9.3,15630,9278,6352,0.5936020473448497,0.40639795265515033,0.8500000000000002,2.0200000000000005,1.3327066628638304,5911.0,4883.0,2.361111111111111,3.9017566713071323,0.5
P01,26,8.75,9.0,8.875,18.579347163148206,9.3,15459,6846,8613,0.44284882592664465,0.5571511740733553,0.7300000000000001,2.1700000000000004,1.154791320290267,6682.0,4626.0,2.0277777777777777,3.3808750743602256,0.5652173913043478
P01,26,9.0,9.25,9.125,18.579347163148206,9.3,17531,8898,8633,0.5075580400433518,0.4924419599566482,1.1600000000000001,2.8000000000000007,1.7980360254439856,6168.0,4883.0,3.222222222222222,5.264098434423031,0.5217391304347826
P01,26,9.25,9.5,9.375,18.579347163148206,9.3,17837,8138,9699,0.4562426416998374,0.5437573583001626,1.1400000000000001,2.6100000000000003,1.892108605345298,5654.0,4626.0,3.166666666666666,5.539514117742476,0.4782608695652174
P01,26,9.5,9.75,9.625,18.579347163148206,9.3,16217,6819,9398,0.4204846765739656,0.5795153234260344,0.8200000000000002,2.5700000000000003,1.1108936482332212,6168.0,4626.0,2.2777777777777777,3.2523561439938278,0.5217391304347826
P01,26,9.75,10.0,9.875,18.579347163148206,9.3,23638,9208,14430,0.38954226245875284,0.6104577375412472,1.1700000000000002,4.030000000000001,1.6275812720954594,5397.0,3855.0,3.2499999999999996,4.765059156263755,0.45652173913043476
P01,26,10.0,10.25,10.125,18.579347163148206,9.3,25036,6942,18094,0.2772807157692922,0.7227192842307077,0.9300000000000002,4.240000000000001,1.8713013646078567,6168.0,3598.0,2.583333333333333,5.47859689370433,0.5217391304347826
P01,26,10.25,10.5,10.375,18.579347163148206,9.3,21709,7452,14257,0.34326776912801144,0.6567322308719885,0.9600000000000002,4.0200000000000005,1.4034119137408676,6168.0,4112.0,2.6666666666666665,4.108759976680501,0.5217391304347826
P01,26,10.5,10.75,10.625,18.579347163148206,9.3,23876,7345,16531,0.30763109398559224,0.6923689060144078,1.2000000000000002,5.200000000000001,1.4363368670690004,5397.0,3855.0,3.333333333333333,4.2051541494420155,0.45652173913043476
P01,26,10.75,11.0,10.875,18.579347163148206,9.3,25877,7251,18626,0.28021022529659545,0.7197897747034046,1.3800000000000003,6.000000000000001,1.0917883509379207,5911.0,3341.0,3.833333333333333,3.1964216887559,0.5
P01,26,11.0,11.25,11.125,18.579347163148206,9.3,27819,5862,21957,0.21071929256982638,0.7892807074301736,1.3600000000000003,6.4300000000000015,1.276425320413937,5654.0,3084.0,3.7777777777777777,3.7369821492813275,0.4782608695652174
P01,26,11.25,11.5,11.375,18.579347163148206,9.3,25898,5768,20130,0.222719901150668,0.777280098849332,1.3800000000000003,6.780000000000001,3.292429072504247,5140.0,3084.0,3.833333333333333,9.63922328627359,0.43478260869565216
P01,26,11.5,11.75,11.625,18.579347163148206,9.3,27195,3706,23489,0.13627505056076486,0.8637249494392352,0.9900000000000002,7.670000000000002,2.6601824653754798,5140.0,3084.0,2.75,7.788198986616418,0.43478260869565216
P01,26,11.75,12.0,11.875,18.579347163148206,9.3,32666,3287,29379,0.10062450254086817,0.8993754974591318,0.7400000000000001,9.610000000000001,1.6531053250174854,6168.0,3084.0,2.0555555555555554,4.839785760806503,0.5217391304347826
P01,26,12.0,12.25,12.125,18.579347163148206,9.3,35122,2475,32647,0.07046865212687205,0.929531347873128,0.5100000000000001,10.610000000000001,0.8595413594818752,6682.0,3084.0,1.4166666666666665,2.5164736750216696,0.5652173913043478
P01,26,12.25,12.5,12.375,18.579347163148206,9.3,41712,1537,40175,0.03684790947449175,0.9631520905255082,0.45000000000000007,12.440000000000003,0.9469638967458821,6168.0,2827.0,1.2499999999999998,2.7724200715523573,0.5217391304347826
P01,26,12.5,12.75,12.625,18.579347163148206,9.3,38077,1638,36439,0.04301809491293957,0.9569819050870604,0.5700000000000001,12.850000000000003,1.020919117417293,5911.0,2570.0,1.583333333333333,2.9889382924582217,0.5
P01,26,12.75,13.0,12.875,18.579347163148206,9.3,37129,1598,35531,0.04303913383069838,0.9569608661693016,0.5200000000000001,13.340000000000003,1.093991495839512,5654.0,2827.0,1.4444444444444444,3.2028718218250694,0.4782608695652174
P01,26,13.0,13.25,13.125,18.579347163148206,9.3,43582,978,42604,0.022440457069432335,0.9775595429305677,0.37000000000000005,14.960000000000003,1.2340919342201,5654.0,2570.0,1.0277777777777777,3.613042968512257,0.4782608695652174
P01,26,13.25,13.5,13.375,18.579347163148206,9.3,49114,417,48697,0.008490450787962699,0.9915095492120373,0.33000000000000007,17.830000000000002,1.3194922397202995,5397.0,2570.0,0.9166666666666666,3.8630688901963572,0.45652173913043476
P01,26,13.5,13.75,13.625,18.579347163148206,9.3,49257,187,49070,0.0037964147227805187,0.9962035852772195,0.25000000000000006,19.650000000000002,3.148542056799802,5397.0,2827.0,0.6944444444444444,9.217966201662874,0.45652173913043476
P01,26,13.75,14.0,13.875,18.579347163148206,9.3,51063,414,50649,0.008107631749015921,0.991892368250984,0.30000000000000004,20.800000000000004,3.3947725699982603,4883.0,2827.0,0.8333333333333333,9.938853681498056,0.41304347826086957
P01,26,14.0,14.25,14.125,18.579347163148206,9.3,47220,791,46429,0.01675137653536637,0.9832486234646336,0.56,20.800000000000004,2.5845233596795403,5140.0,3084.0,1.5555555555555554,7.566692312552145,0.43478260869565216
P01,26,14.25,14.5,14.375,18.579347163148206,9.3,48102,727,47375,0.015113716685376907,0.9848862833146231,0.4800000000000001,20.980000000000004,1.4190154855562993,5140.0,2827.0,1.3333333333333333,4.154442452894924,0.43478260869565216
P01,26,14.5,14.75,14.625,18.579347163148206,9.3,38990,398,38592,0.010207745575788664,0.9897922544242114,0.32000000000000006,18.050000000000004,1.1412637880465388,4626.0,2827.0,0.8888888888888888,3.3412706057633113,0.391304347826087
P01,26,14.75,15.0,14.875,18.579347163148206,9.3,30544,182,30362,0.005958617077003667,0.9940413829229964,0.19000000000000003,17.590000000000003,1.2704436117848295,5397.0,2570.0,0.5277777777777777,3.7194695396427724,0.45652173913043476
P01,26,15.0,15.25,15.125,18.579347163148206,9.3,23114,54,23060,0.0023362464307346196,0.9976637535692654,0.10000000000000002,15.080000000000004,1.5291068594990829,6039.5,2570.0,0.27777777777777773,4.476756255852562,0.5108695652173914
P01,26,15.25,15.5,15.375,18.579347163148206,9.3,21081,200,20881,0.009487215976471704,0.9905127840235283,0.26000000000000006,14.980000000000002,1.059059440897634,2827.0,2570.0,0.7222222222222222,3.1006014706593783,0.2391304347826087
P01,26,15.5,15.75,15.625,18.579347163148206,9.3,19274,211,19063,0.010947390266680502,0.9890526097333195,0.22000000000000003,14.760000000000003,1.1861894112423985,2570.0,2570.0,0.611111111111111,3.4727990620256977,0.21739130434782608
P01,26,15.75,16.0,15.875,18.579347163148206,9.3,25360,150,25210,0.005914826498422713,0.9940851735015773,0.15000000000000002,18.370000000000005,1.2914280749964164,3084.0,2827.0,0.41666666666666663,3.7809056167714528,0.2608695652173913
P01,26,16.0,16.25,16.125,18.579347163148206,9.3,29481,60,29421,0.0020352091177368472,0.9979647908822632,0.05000000000000001,20.650000000000006,0.08699204546751722,3855.0,2827.0,0.13888888888888887,0.2546860484843387,0.32608695652173914
P01,26,16.25,16.5,16.375,18.579347163148206,9.3,21377,26,21351,0.0012162604668569024,0.9987837395331431,0.04000000000000001,18.500000000000004,0.4869162422506214,3855.0,2827.0,0.1111111111111111,1.425541531012273,0.32608695652173914
P01,26,16.5,16.75,16.625,18.579347163148206,9.3,19443,15,19428,0.0007714858818083629,0.9992285141181917,0.020000000000000004,17.620000000000005,0.03239888723579226,4626.0,3084.0,0.05555555555555555,0.09485401246778052,0.391304347826087
P01,26,16.75,17.0,16.875,18.579347163148206,9.3,14969,2,14967,0.00013360945954973613,0.9998663905404502,0.010000000000000002,16.280000000000005,0.010594809854738277,10537.0,2827.0,0.027777777777777776,0.03101835623986775,0.8913043478260869
P01,26,17.0,17.25,17.125,18.579347163148206,9.3,9740,0,9740,0.0,1.0,0.0,13.820000000000002,,,3084.0,0.0,,
P01,26,17.25,17.5,17.375,18.579347163148206,9.3,8082,0,8082,0.0,1.0,0.0,12.610000000000003,,,2827.0,0.0,,
P01,26,17.5,17.75,17.625,18.579347163148206,9.3,6509,0,6509,0.0,1.0,0.0,10.240000000000002,,,3084.0,0.0,,
P01,26,17.75,18.0,17.875,18.579347163148206,9.3,5083,0,5083,0.0,1.0,0.0,8.310000000000002,,,3084.0,0.0,,
P01,26,18.0,18.25,18.125,18.579347163148206,9.3,3995,0,3995,0.0,1.0,0.0,7.700000000000001,,,3341.0,0.0,,
P01,26,18.25,18.5,18.375,18.579347163148206,9.3,3505,0,3505,0.0,1.0,0.0,7.000000000000002,,,3084.0,0.0,,
P01,26,18.5,18.75,18.625,18.579347163148206,9.3,8582,0,8582,0.0,1.0,0.0,11.470000000000002,,,3341.0,0.0,,
P01,27,0.0,0.25,0.125,17.024761393353998,9.56,3172,3170,2,0.9993694829760403,0.0006305170239596647,0.4100000000000001,0.4200000000000001,0.3152816977927265,8995.0,8995.0,1.5185185185185184,1.1979535149599707,1.0
P01,27,0.25,0.5,0.375,17.024761393353998,9.56,3347,3347,0,1.0,0.0,0.26000000000000006,0.26000000000000006,0.27165896491063296,9252.0,9252.0,0.9629629629629629,1.0322033094957148,1.0285714285714285
P01,27,0.5,0.75,0.625,17.024761393353998,9.56,3385,3385,0,1.0,0.0,0.2700000000000001,0.2700000000000001,0.26318358254765967,8995.0,8995.0,1.0,1.0,1.0
P01,27,0.75,1.0,0.875,17.024761393353998,9.56,3384,3384,0,1.0,0.0,0.28,0.28,0.25130320000890644,9252.0,9252.0,1.0370370370370368,0.9548589527365301,1.0285714285714285
P01,27,1.0,1.25,1.125,17.024761393353998,9.56,3372,3372,0,1.0,0.0,0.2700000000000001,0.2700000000000001,0.2519142411979249,8995.0,8995.0,1.0,0.9571806826221996,1.0
P01,27,1.25,1.5,1.375,17.024761393353998,9.56,3325,3325,0,1.0,0.0,0.26000000000000006,0.26000000000000006,0.2521733502152353,8995.0,8995.0,0.9629629629629629,0.958165200785537,1.0
P01,27,1.5,1.75,1.625,17.024761393353998,9.56,3419,3419,0,1.0,0.0,0.24000000000000005,0.24000000000000005,0.2421103032376744,9252.0,9252.0,0.8888888888888888,0.9199293546125009,1.0285714285714285
P01,27,1.75,2.0,1.875,17.024761393353998,9.56,3376,3376,0,1.0,0.0,0.26000000000000006,0.26000000000000006,0.23903765414667094,8995.0,8995.0,0.9629629629629629,0.9082544276992803,1.0
P01,27,2.0,2.25,2.125,17.024761393353998,9.56,3456,3456,0,1.0,0.0,0.23000000000000004,0.23000000000000004,0.23370761497366013,9509.0,9509.0,0.8518518518518517,0.8880022557308955,1.0571428571428572
P01,27,2.25,2.5,2.375,17.024761393353998,9.56,3551,3551,0,1.0,0.0,0.23000000000000004,0.23000000000000004,0.2279067709280642,8995.0,8995.0,0.8518518518518517,0.8659611998662293,1.0
P01,27,2.5,2.75,2.625,17.024761393353998,9.56,3356,3356,0,1.0,0.0,0.25000000000000006,0.25000000000000006,0.2298042625346245,9252.0,9252.0,0.9259259259259259,0.873170964199522,1.0285714285714285
P01,27,2.75,3.0,2.875,17.024761393353998,9.56,3410,3410,0,1.0,0.0,0.21000000000000005,0.21000000000000005,0.22774634814442665,8481.0,8481.0,0.7777777777777778,0.8653516527885408,0.9428571428571428
P01,27,3.0,3.25,3.125,17.024761393353998,9.56,3608,3608,0,1.0,0.0,0.25000000000000006,0.25000000000000006,0.23343392786802247,8738.0,8738.0,0.9259259259259259,0.8869623462388659,0.9714285714285714
P01,27,3.25,3.5,3.375,17.024761393353998,9.56,3467,3467,0,1.0,0.0,0.22000000000000003,0.22000000000000003,0.23173539940718949,8995.0,8995.0,0.8148148148148147,0.8805085680647452,1.0
P01,27,3.5,3.75,3.625,17.024761393353998,9.56,3561,3561,0,1.0,0.0,0.24000000000000005,0.24000000000000005,0.22539077169757346,8738.0,8738.0,0.8888888888888888,0.856401335963871,0.9714285714285714
P01,27,3.75,4.0,3.875,17.024761393353998,9.56,3725,3725,0,1.0,0.0,0.22000000000000003,0.22000000000000003,0.22408792908053318,8995.0,8995.0,0.8148148148148147,0.8514510172379515,1.0
P01,27,4.0,4.25,4.125,17.024761393353998,9.56,3612,3612,0,1.0,0.0,0.24000000000000005,0.24000000000000005,0.22670033183468155,8995.0,8995.0,0.8888888888888888,0.8613771787745483,1.0
P01,27,4.25,4.5,4.375,17.024761393353998,9.56,3636,3636,0,1.0,0.0,0.25000000000000006,0.25000000000000006,0.22121199668461478,8995.0,8995.0,0.9259259259259259,0.8405235408046613,1.0
P01,27,4.5,4.75,4.625,17.024761393353998,9.56,3826,3826,0,1.0,0.0,0.29000000000000004,0.29000000000000004,0.2355944611796903,8224.0,8224.0,1.074074074074074,0.8951715714905079,0.9142857142857143
P01,27,4.75,5.0,4.875,17.024761393353998,9.56,3843,3843,0,1.0,0.0,0.28,0.28,0.25504901496213445,7967.0,7967.0,1.0370370370370368,0.9690916602518239,0.8857142857142857
P01,27,5.0,5.25,5.125,17.024761393353998,9.56,3801,3801,0,1.0,0.0,0.25000000000000006,0.25000000000000006,0.22181523847747428,8224.0,8224.0,0.9259259259259259,0.8428156358776899,0.9142857142857143
P01,27,5.25,5.5,5.375,17.024761393353998,9.56,3564,3564,0,1.0,0.0,0.24000000000000005,0.24000000000000005,0.20947637004164044,7967.0,7967.0,0.8888888888888888,0.7959325122557999,0.8857142857142857
P01,27,5.5,5.75,5.625,17.024761393353998,9.56,3748,3748,0,1.0,0.0,0.26000000000000006,0.26000000000000006,0.2322977612628676,8224.0,8224.0,0.9629629629629629,0.8826453345386809,0.9142857142857143
P01,27,5.75,6.0,5.875,17.024761393353998,9.56,4449,4449,0,1.0,0.0,0.26000000000000006,0.26000000000000006,0.24868453925193304,7967.0,7967.0,0.9629629629629629,0.9449090131102649,0.8857142857142857
P01,27,6.0,6.25,6.125,17.024761393353998,9.56,4465,4447,18,0.9959686450167973,0.0040313549832027284,0.33000000000000007,0.3600000000000001,0.28362094143813465,7710.0,7710.0,1.222222222222222,1.0776543836535624,0.8571428571428571
P01,27,6.25,6.5,6.375,17.024761393353998,9.56,4767,4552,215,0.9548982588630166,0.0451017411369834,0.3500000000000001,0.38000000000000006,0.3640865880256765,7710.0,7453.0,1.2962962962962963,1.3833939963171693,0.8571428571428571
P01,27,6.5,6.75,6.625,17.024761393353998,9.56,4704,4644,60,0.9872448979591837,0.012755102040816313,0.32000000000000006,0.3500000000000001,0.27698122845971984,7453.0,7453.0,1.1851851851851851,1.052425936977135,0.8285714285714286
P01,27,6.75,7.0,6.875,17.024761393353998,9.56,4775,4618,157,0.9671204188481676,0.03287958115183243,0.3600000000000001,0.4100000000000001,0.3266893620376074,7196.0,6939.0,1.3333333333333333,1.2412984080359477,0.8
P01,27,7.0,7.25,7.125,17.024761393353998,9.56,4049,4049,0,1.0,0.0,0.3400000000000001,0.3400000000000001,0.2904651269001725,7196.0,7196.0,1.2592592592592593,1.1036597499297756,0.8
P01,27,7.25,7.5,7.375,17.024761393353998,9.56,4112,4112,0,1.0,0.0,0.33000000000000007,0.33000000000000007,0.29442986927507914,7196.0,7196.0,1.222222222222222,1.1187243004481904,0.8
P01,27,7.5,7.75,7.625,17.024761393353998,9.56,5064,4819,245,0.9516192733017378,0.04838072669826221,0.5300000000000001,0.6100000000000001,0.5416480598914876,6425.0,6168.0,1.962962962962963,2.0580617326059882,0.7142857142857143
P01,27,7.75,8.0,7.875,17.024761393353998,9.56,6495,5827,668,0.8971516551193226,0.1028483448806774,0.7600000000000001,0.9600000000000002,0.7843289191604638,6168.0,5654.0,2.8148148148148144,2.9801589885206097,0.6857142857142857
P01,27,8.0,8.25,8.125,17.024761393353998,9.56,5831,5395,436,0.9252272337506431,0.07477276624935691,0.8900000000000001,0.9700000000000002,0.7928716855810037,5654.0,5654.0,3.296296296296296,3.012618332442615,0.6285714285714286
P01,27,8.25,8.5,8.375,17.024761393353998,9.56,4905,4651,254,0.9482161060142712,0.0517838939857288,0.7000000000000002,0.8100000000000002,0.9292895526261868,5654.0,5397.0,2.5925925925925926,3.5309556304026017,0.6285714285714286
P01,27,8.5,8.75,8.625,17.024761393353998,9.56,5515,4865,650,0.8821396192203083,0.11786038077969174,0.6600000000000001,0.8900000000000001,0.747149828732815,6168.0,5654.0,2.444444444444444,2.8388922344634255,0.6857142857142857
P01,27,8.75,9.0,8.875,17.024761393353998,9.56,6341,5152,1189,0.8124901435104873,0.18750985648951268,0.7300000000000001,1.1400000000000001,0.6934171280128981,5397.0,4626.0,2.7037037037037033,2.6347279009598856,0.6
P01,27,9.0,9.25,9.125,17.024761393353998,9.56,5540,4482,1058,0.8090252707581227,0.1909747292418773,0.7500000000000001,1.2100000000000002,0.7175619112605798,5911.0,5140.0,2.7777777777777772,2.726469122102771,0.6571428571428571
P01,27,9.25,9.5,9.375,17.024761393353998,9.56,6672,4045,2627,0.6062649880095923,0.3937350119904077,0.6700000000000002,1.4800000000000002,0.5864218616431638,6682.0,4626.0,2.4814814814814814,2.228185572848068,0.7428571428571429
P01,27,9.5,9.75,9.625,17.024761393353998,9.56,8563,3685,4878,0.43033983417026744,0.5696601658297326,0.6800000000000002,1.8100000000000003,0.8188016579079007,5654.0,4112.0,2.5185185185185186,3.1111426099674158,0.6285714285714286
P01,27,9.75,10.0,9.875,17.024761393353998,9.56,5947,822,5125,0.1382209517403733,0.8617790482596267,0.20000000000000004,1.3000000000000003,0.7403532935378523,6682.0,4369.0,0.7407407407407407,2.813067921528815,0.7428571428571429
P01,27,10.0,10.25,10.125,17.024761393353998,9.56,6816,1333,5483,0.1955692488262911,0.8044307511737089,0.26000000000000006,1.3700000000000003,0.7320950678821962,5911.0,3855.0,0.9629629629629629,2.7816897269783984,0.6571428571428571
P01,27,10.25,10.5,10.375,17.024761393353998,9.56,5867,2200,3667,0.3749786943923641,0.6250213056076359,0.3500000000000001,1.5500000000000003,0.6816661184576375,6425.0,4883.0,1.2962962962962963,2.5900784230497935,0.7142857142857143
P01,27,10.5,10.75,10.625,17.024761393353998,9.56,6306,1958,4348,0.3104979384712972,0.6895020615287029,0.31000000000000005,2.24,0.7744807269441812,6168.0,3855.0,1.1481481481481481,2.942739510751706,0.6857142857142857
P01,27,10.75,11.0,10.875,17.024761393353998,9.56,11841,606,11235,0.05117810995692931,0.9488218900430707,0.26000000000000006,3.4700000000000006,0.89062730471982,6168.0,3084.0,0.9629629629629629,3.3840534280231447,0.6857142857142857
P01,27,11.0,11.25,11.125,17.024761393353998,9.56,9690,678,9012,0.06996904024767801,0.930030959752322,0.21000000000000005,3.0500000000000007,0.2071573954461488,6939.0,3084.0,0.7777777777777778,0.7871212688908317,0.7714285714285715
P01,27,11.25,11.5,11.375,17.024761393353998,9.56,9804,299,9505,0.030497756017951856,0.9695022439820481,0.29000000000000004,3.3000000000000007,1.245443066925198,5140.0,3084.0,1.074074074074074,4.732221724733388,0.5714285714285714
P01,27,11.5,11.75,11.625,17.024761393353998,9.56,5517,107,5410,0.019394598513684972,0.980605401486315,0.15000000000000002,2.8700000000000006,0.9239168266364208,4112.0,3084.0,0.5555555555555555,3.5105412643629075,0.45714285714285713
P01,27,11.75,12.0,11.875,17.024761393353998,9.56,5187,74,5113,0.014266435319066899,0.9857335646809331,0.11000000000000001,2.8400000000000007,1.5649358558784883,1542.0,3084.0,0.40740740740740733,5.946175824227545,0.17142857142857143
P01,27,12.0,12.25,12.125,17.024761393353998,9.56,4965,30,4935,0.006042296072507553,0.9939577039274925,0.030000000000000006,3.0500000000000007,0.07734780742410434,3212.5,3341.0,0.1111111111111111,0.29389298023594423,0.35714285714285715
P01,27,12.25,12.5,12.375,17.024761393353998,9.56,6404,49,6355,0.007651467832604622,0.9923485321673954,0.07,3.5600000000000005,0.08607189894061526,2570.0,3084.0,0.2592592592592592,0.3270412922699256,0.2857142857142857
P01,27,12.5,12.75,12.625,17.024761393353998,9.56,6746,39,6707,0.005781203676252594,0.9942187963237474,0.06000000000000001,4.3500000000000005,0.8032355760497398,1799.0,2570.0,0.2222222222222222,3.051997272300534,0.2
P01,27,12.75,13.0,12.875,17.024761393353998,9.56,7758,34,7724,0.004382572828048466,0.9956174271719516,0.06000000000000001,4.910000000000001,0.4295704481089393,1670.5,2313.0,0.2222222222222222,1.6322083769459623,0.18571428571428572
P01,27,13.0,13.25,13.125,17.024761393353998,9.56,7025,4,7021,0.0005693950177935943,0.9994306049822064,0.030000000000000006,4.740000000000001,0.0919755565549266,642.5,2570.0,0.1111111111111111,0.34947300156259115,0.07142857142857142
P01,27,13.25,13.5,13.375,17.024761393353998,9.56,9760,0,9760,0.0,1.0,0.0,6.080000000000001,,,2313.0,0.0,,
P01,27,13.5,13.75,13.625,17.024761393353998,9.56,6845,0,6845,0.0,1.0,0.0,6.400000000000001,,,2313.0,0.0,,
P01,27,13.75,14.0,13.875,17.024761393353998,9.56,5242,0,5242,0.0,1.0,0.0,5.470000000000001,,,2570.0,0.0,,
P01,27,14.0,14.25,14.125,17.024761393353998,9.56,6231,0,6231,0.0,1.0,0.0,5.950000000000001,,,2313.0,0.0,,
P01,27,14.25,14.5,14.375,17.024761393353998,9.56,3739,0,3739,0.0,1.0,0.0,5.290000000000001,,,2313.0,0.0,,
P01,27,14.5,14.75,14.625,17.024761393353998,9.56,2567,0,2567,0.0,1.0,0.0,4.210000000000001,,,2313.0,0.0,,
P01,27,14.75,15.0,14.875,17.024761393353998,9.56,2139,0,2139,0.0,1.0,0.0,4.000000000000001,,,2570.0,0.0,,
P01,27,15.0,15.25,15.125,17.024761393353998,9.56,1311,0,1311,0.0,1.0,0.0,3.130000000000001,,,2570.0,0.0,,
P01,27,15.25,15.5,15.375,17.024761393353998,9.56,1485,0,1485,0.0,1.0,0.0,3.0400000000000005,,,2313.0,0.0,,
P01,27,15.5,15.75,15.625,17.024761393353998,9.56,2040,0,2040,0.0,1.0,0.0,3.8000000000000007,,,2313.0,0.0,,
P01,27,15.75,16.0,15.875,17.024761393353998,9.56,2206,0,2206,0.0,1.0,0.0,3.830000000000001,,,2313.0,0.0,,
P01,27,16.0,16.25,16.125,17.024761393353998,9.56,1236,0,1236,0.0,1.0,0.0,2.6200000000000006,,,2313.0,0.0,,
P01,27,16.25,16.5,16.375,17.024761393353998,9.56,1525,0,1525,0.0,1.0,0.0,2.8300000000000005,,,2570.0,0.0,,
P01,27,16.5,16.75,16.625,17.024761393353998,9.56,1335,0,1335,0.0,1.0,0.0,2.9100000000000006,,,2827.0,0.0,,
P01,27,16.75,17.0,16.875,17.024761393353998,9.56,876,0,876,0.0,1.0,0.0,2.3100000000000005,,,3341.0,0.0,,
P01,27,17.0,17.25,17.125,17.024761393353998,9.56,1636,0,1636,0.0,1.0,0.0,3.0800000000000005,,,3341.0,0.0,,
P01,28,0.0,0.25,0.125,16.135806579851735,11.02,4824,4637,187,0.9612354892205639,0.0387645107794361,0.37000000000000005,0.4000000000000001,0.2684045452026732,10280.0,10280.0,1.9473684210526316,1.4774960075095025,1.0
P01,28,0.25,0.5,0.375,16.135806579851735,11.02,4825,4825,0,1.0,0.0,0.21000000000000005,0.21000000000000005,0.18666815353477897,10280.0,10280.0,1.105263157894737,1.027558796996333,1.0
P01,28,0.5,0.75,0.625,16.135806579851735,11.02,5077,5077,0,1.0,0.0,0.18000000000000005,0.18000000000000005,0.18166177359429986,10794.0,10794.0,0.9473684210526316,1.0,1.05
P01,28,0.75,1.0,0.875,16.135806579851735,11.02,5336,5336,0,1.0,0.0,0.19000000000000003,0.19000000000000003,0.17725969627315155,10794.0,10794.0,1.0,0.9757677290381446,1.05
P01,28,1.0,1.25,1.125,16.135806579851735,11.02,5587,5587,0,1.0,0.0,0.17000000000000004,0.17000000000000004,0.17719282565851457,10280.0,10280.0,0.8947368421052633,0.975399623997035,1.0
P01,28,1.25,1.5,1.375,16.135806579851735,11.02,5924,5924,0,1.0,0.0,0.17000000000000004,0.17000000000000004,0.17748140678852156,10280.0,10280.0,0.8947368421052633,0.9769881867656197,1.0
P01,28,1.5,1.75,1.625,16.135806579851735,11.02,5691,5691,0,1.0,0.0,0.17000000000000004,0.17000000000000004,0.17055497583627685,9766.0,9766.0,0.8947368421052633,0.9388600169520116,0.95
P01,28,1.75,2.0,1.875,16.135806579851735,11.02,5866,5866,0,1.0,0.0,0.18000000000000005,0.18000000000000005,0.1696032097078417,10023.0,10023.0,0.9473684210526316,0.933620796230977,0.975
P01,28,2.0,2.25,2.125,16.135806579851735,11.02,6159,6159,0,1.0,0.0,0.19000000000000003,0.19000000000000003,0.16901183403684664,9509.0,9509.0,1.0,0.9303654296269067,0.925
P01,28,2.25,2.5,2.375,16.135806579851735,11.02,6166,6166,0,1.0,0.0,0.17000000000000004,0.17000000000000004,0.1667558077477781,9766.0,9766.0,0.8947368421052633,0.9179466017996123,0.95
P01,28,2.5,2.75,2.625,16.135806579851735,11.02,5901,5901,0,1.0,0.0,0.17000000000000004,0.17000000000000004,0.1624838450460713,9509.0,9509.0,0.8947368421052633,0.8944305773923683,0.925
P01,28,2.75,3.0,2.875,16.135806579851735,11.02,5767,5767,0,1.0,0.0,0.17000000000000004,0.17000000000000004,0.15570677370753497,9252.0,9252.0,0.8947368421052633,0.8571245927350161,0.9
P01,28,3.0,3.25,3.125,16.135806579851735,11.02,5447,5447,0,1.0,0.0,0.17000000000000004,0.17000000000000004,0.1631254114806953,8738.0,8738.0,0.8947368421052633,0.8979622308708638,0.85
P01,28,3.25,3.5,3.375,16.135806579851735,11.02,5464,5464,0,1.0,0.0,0.18000000000000005,0.18000000000000005,0.1552029317272808,8738.0,8738.0,0.9473684210526316,0.8543510759390204,0.85
P01,28,3.5,3.75,3.625,16.135806579851735,11.02,5364,5364,0,1.0,0.0,0.18000000000000005,0.18000000000000005,0.15720591555804606,8224.0,8224.0,0.9473684210526316,0.8653769719827222,0.8
P01,28,3.75,4.0,3.875,16.135806579851735,11.02,4846,4846,0,1.0,0.0,0.16000000000000003,0.16000000000000003,0.14827676824241987,8481.0,8481.0,0.8421052631578948,0.816224378462594,0.825
P01,28,4.0,4.25,4.125,16.135806579851735,11.02,4667,4667,0,1.0,0.0,0.17000000000000004,0.17000000000000004,0.15252802599585968,8224.0,8224.0,0.8947368421052633,0.8396264276076939,0.8
P01,28,4.25,4.5,4.375,16.135806579851735,11.02,4791,4788,3,0.9993738259236068,0.0006261740763932044,0.22000000000000003,0.22000000000000003,0.16292058189476508,8224.0,8224.0,1.1578947368421053,0.8968346981936389,0.8
P01,28,4.5,4.75,4.625,16.135806579851735,11.02,5205,5201,4,0.9992315081652258,0.000768491834774232,0.26000000000000006,0.2700000000000001,0.3488266044243684,7453.0,7196.0,1.368421052631579,1.9201981656492746,0.725
P01,28,4.75,5.0,4.875,16.135806579851735,11.02,4102,4102,0,1.0,0.0,0.17000000000000004,0.17000000000000004,0.14532875516800872,8224.0,8224.0,0.8947368421052633,0.7999963464661936,0.8
P01,28,5.0,5.25,5.125,16.135806579851735,11.02,3958,3830,128,0.9676604345629105,0.03233956543708949,0.20000000000000004,0.29000000000000004,0.15143298110063197,7196.0,6939.0,1.0526315789473684,0.8335984951838189,0.7
P01,28,5.25,5.5,5.375,16.135806579851735,11.02,5910,4587,1323,0.7761421319796954,0.2238578680203046,0.4300000000000001,0.5800000000000001,0.3816920720915661,6682.0,5397.0,2.2631578947368425,2.10111386969054,0.65
P01,28,5.5,5.75,5.625,16.135806579851735,11.02,10095,7768,2327,0.7694898464586429,0.23051015354135707,0.7500000000000001,1.2100000000000002,1.0824580120098244,4369.0,3598.0,3.9473684210526314,5.958644961967879,0.425
P01,28,5.75,6.0,5.875,16.135806579851735,11.02,7970,6268,1702,0.7864491844416562,0.21355081555834377,0.7200000000000002,1.0300000000000002,1.052734995646954,4369.0,3598.0,3.7894736842105265,5.795027620934702,0.425
P01,28,6.0,6.25,6.125,16.135806579851735,11.02,2829,2780,49,0.9826793920113114,0.01732060798868862,0.22000000000000003,0.28,0.19445958471384414,6939.0,6939.0,1.1578947368421053,1.0704485641989012,0.675
P01,28,6.25,6.5,6.375,16.135806579851735,11.02,3728,3641,87,0.9766630901287554,0.023336909871244593,0.2700000000000001,0.30000000000000004,0.48808298446621357,5911.0,5911.0,1.4210526315789476,2.6867676936603933,0.575
P01,28,6.5,6.75,6.625,16.135806579851735,11.02,2329,2328,1,0.9995706311721769,0.0004293688278230734,0.18000000000000005,0.19000000000000003,0.13887923443402397,7196.0,7196.0,0.9473684210526316,0.764493441224344,0.7
P01,28,6.75,7.0,6.875,16.135806579851735,11.02,4545,3802,743,0.8365236523652365,0.16347634763476349,0.2700000000000001,0.37000000000000005,0.2982052946654624,5911.0,5140.0,1.4210526315789476,1.6415412486912957,0.575
P01,28,7.0,7.25,7.125,16.135806579851735,11.02,2932,2604,328,0.888130968622101,0.11186903137789905,0.16000000000000003,0.3600000000000001,0.14541148471039436,7453.0,6682.0,0.8421052631578948,0.8004517507086425,0.725
P01,28,7.25,7.5,7.375,16.135806579851735,11.02,5404,3240,2164,0.5995558845299778,0.40044411547002223,0.21000000000000005,0.8100000000000002,0.21076870951865298,6682.0,4369.0,1.105263157894737,1.1602259812202254,0.65
P01,28,7.5,7.75,7.625,16.135806579851735,11.02,8077,3316,4761,0.4105484709669432,0.5894515290330569,0.28,1.1800000000000002,0.2425162805504546,6939.0,3598.0,1.4736842105263157,1.3349879600540475,0.675
P01,28,7.75,8.0,7.875,16.135806579851735,11.02,6429,3032,3397,0.47161300357753927,0.5283869964224608,0.28,1.1000000000000003,0.23955964757262052,6682.0,4112.0,1.4736842105263157,1.3187124777699373,0.65
P01,28,8.0,8.25,8.125,16.135806579851735,11.02,6789,2038,4751,0.3001914862277213,0.6998085137722787,0.21000000000000005,1.0600000000000003,0.23526845573207592,7196.0,3341.0,1.105263157894737,1.2950906020409905,0.7
P01,28,8.25,8.5,8.375,16.135806579851735,11.02,9426,1348,8078,0.14300869934224486,0.8569913006577552,0.20000000000000004,1.5700000000000003,0.6090059780192761,6939.0,3084.0,1.0526315789473684,3.3524167796542166,0.675
P01,28,8.5,8.75,8.625,16.135806579851735,11.02,11377,280,11097,0.024611057396501716,0.9753889426034983,0.14,2.1200000000000006,0.782231782981155,8481.0,2570.0,0.7368421052631579,4.3059790043011,0.825
P01,28,8.75,9.0,8.875,16.135806579851735,11.02,7060,206,6854,0.029178470254957508,0.9708215297450425,0.10000000000000002,1.5800000000000003,0.32550345311650897,6682.0,3084.0,0.5263157894736842,1.7918103884829766,0.65
P01,28,9.0,9.25,9.125,16.135806579851735,11.02,5159,861,4298,0.16689280868385345,0.8331071913161465,0.12000000000000002,1.3800000000000003,0.1516113458337359,7967.0,3084.0,0.6315789473684211,0.8345803458482425,0.775
P01,28,9.25,9.5,9.375,16.135806579851735,11.02,5944,275,5669,0.04626514131897712,0.9537348586810229,0.12000000000000002,1.3900000000000003,0.1562059540893916,6939.0,3598.0,0.6315789473684211,0.859872448665188,0.675
P01,28,9.5,9.75,9.625,16.135806579851735,11.02,8617,20,8597,0.0023209933851688525,0.9976790066148311,0.030000000000000006,2.5200000000000005,0.5126727444063477,5782.5,2827.0,0.15789473684210528,2.8221278162310877,0.5625
P01,28,9.75,10.0,9.875,16.135806579851735,11.02,10464,18,10446,0.0017201834862385322,0.9982798165137615,0.05000000000000001,2.6200000000000006,1.035817059791484,1542.0,2570.0,0.2631578947368421,5.701898860157256,0.15
P01,28,10.0,10.25,10.125,16.135806579851735,11.02,7397,224,7173,0.0302825469785048,0.9697174530214951,0.19000000000000003,1.7900000000000003,1.6645311357663224,1542.0,2827.0,1.0,9.162803504735527,0.15
P01,28,10.25,10.5,10.375,16.135806579851735,11.02,6448,1,6447,0.00015508684863523573,0.9998449131513648,0.010000000000000002,1.6000000000000003,,1285.0,3084.0,0.052631578947368425,,0.125
P01,28,10.5,10.75,10.625,16.135806579851735,11.02,6814,0,6814,0.0,1.0,0.0,1.6700000000000004,,,2827.0,0.0,,
P01,28,10.75,11.0,10.875,16.135806579851735,11.02,6621,0,6621,0.0,1.0,0.0,1.6600000000000004,,,2827.0,0.0,,
P01,28,11.0,11.25,11.125,16.135806579851735,11.02,5923,1,5922,0.00016883336147222692,0.9998311666385278,0.010000000000000002,1.9600000000000004,,1542.0,2570.0,0.052631578947368425,,0.15
P01,28,11.25,11.5,11.375,16.135806579851735,11.02,9952,100,9852,0.01004823151125402,0.989951768488746,0.06000000000000001,3.0300000000000007,0.14128233706348045,1542.0,2570.0,0.31578947368421056,0.7777218853923684,0.15
P01,28,11.5,11.75,11.625,16.135806579851735,11.02,12940,36,12904,0.0027820710973724882,0.9972179289026275,0.05000000000000001,3.7000000000000006,1.8214171776837815,2698.5,2313.0,0.2631578947368421,10.026419656958218,0.2625
P01,28,11.75,12.0,11.875,16.135806579851735,11.02,15988,1,15987,6.254691018263698e-05,0.9999374530898174,0.010000000000000002,4.280000000000001,,771.0,2313.0,0.052631578947368425,,0.075
P01,28,12.0,12.25,12.125,16.135806579851735,11.02,21089,13,21076,0.0006164351083503248,0.9993835648916497,0.030000000000000006,5.670000000000001,0.06043875274520174,7196.0,2570.0,0.15789473684210528,0.33269934312200383,0.7
P01,28,12.25,12.5,12.375,16.135806579851735,11.02,23977,0,23977,0.0,1.0,0.0,6.880000000000002,,,2313.0,0.0,,
P01,28,12.5,12.75,12.625,16.135806579851735,11.02,16866,4,16862,0.00023716352424997035,0.99976283647575,0.010000000000000002,5.940000000000001,0.01429296293706202,5268.5,2313.0,0.052631578947368425,0.07867897937065225,0.5125
P01,28,12.75,13.0,12.875,16.135806579851735,11.02,9262,3,9259,0.0003239041243791838,0.9996760958756208,0.020000000000000004,4.860000000000001,1.0247661348870365,771.0,2313.0,0.10526315789473685,5.641066442385496,0.075
P01,28,13.0,13.25,13.125,16.135806579851735,11.02,7888,0,7888,0.0,1.0,0.0,4.610000000000001,,,2313.0,0.0,,
P01,28,13.25,13.5,13.375,16.135806579851735,11.02,5197,0,5197,0.0,1.0,0.0,4.360000000000001,,,2570.0,0.0,,
P01,28,13.5,13.75,13.625,16.135806579851735,11.02,7192,0,7192,0.0,1.0,0.0,4.870000000000001,,,2570.0,0.0,,
P01,28,13.75,14.0,13.875,16.135806579851735,11.02,10527,0,10527,0.0,1.0,0.0,6.670000000000002,,,2570.0,0.0,,
P01,28,14.0,14.25,14.125,16.135806579851735,11.02,13404,0,13404,0.0,1.0,0.0,7.790000000000002,,,3084.0,0.0,,
P01,28,14.25,14.5,14.375,16.135806579851735,11.02,13578,1,13577,7.364854912358227e-05,0.9999263514508764,0.010000000000000002,7.480000000000001,,15677.0,3084.0,0.052631578947368425,,1.525
P01,28,14.5,14.75,14.625,16.135806579851735,11.02,5194,0,5194,0.0,1.0,0.0,5.820000000000001,,,2827.0,0.0,,
P01,28,14.75,15.0,14.875,16.135806579851735,11.02,2759,0,2759,0.0,1.0,0.0,4.940000000000001,,,2570.0,0.0,,
P01,28,15.0,15.25,15.125,16.135806579851735,11.02,2815,0,2815,0.0,1.0,0.0,3.9900000000000007,,,2827.0,0.0,,
P01,28,15.25,15.5,15.375,16.135806579851735,11.02,1868,0,1868,0.0,1.0,0.0,2.7500000000000004,,,3084.0,0.0,,
P01,28,15.5,15.75,15.625,16.135806579851735,11.02,1016,1,1015,0.000984251968503937,0.9990157480314961,0.010000000000000002,2.1700000000000004,,771.0,2570.0,0.052631578947368425,,0.075
P01,28,15.75,16.0,15.875,16.135806579851735,11.02,1160,0,1160,0.0,1.0,0.0,2.0300000000000002,,,2570.0,0.0,,
P01,28,16.0,16.25,16.125,16.135806579851735,11.02,2786,0,2786,0.0,1.0,0.0,3.400000000000001,,,3341.0,0.0,,
P01,30,0.0,0.25,0.125,17.278590531280724,10.13,2673,2673,0,1.0,0.0,0.37000000000000005,0.37000000000000005,0.2802786607125598,7196.0,7196.0,1.48,1.1426105484621925,0.8235294117647058
P01,30,0.25,0.5,0.375,17.278590531280724,10.13,3484,3484,0,1.0,0.0,0.26000000000000006,0.26000000000000006,0.2546142180976767,8481.0,8481.0,1.04,1.037984449644624,0.9705882352941176
P01,30,0.5,0.75,0.625,17.278590531280724,10.13,3472,3472,0,1.0,0.0,0.25000000000000006,0.25000000000000006,0.23753058174519215,8995.0,8995.0,1.0,0.9683396787840277,1.0294117647058822
P01,30,0.75,1.0,0.875,17.278590531280724,10.13,3659,3659,0,1.0,0.0,0.23000000000000004,0.23000000000000004,0.24529675582794067,9252.0,9252.0,0.9199999999999999,1.0,1.0588235294117647
P01,30,1.0,1.25,1.125,17.278590531280724,10.13,3756,3756,0,1.0,0.0,0.23000000000000004,0.23000000000000004,0.23899370088227911,8738.0,8738.0,0.9199999999999999,0.9743043689086426,1.0
P01,30,1.25,1.5,1.375,17.278590531280724,10.13,3899,3899,0,1.0,0.0,0.25000000000000006,0.25000000000000006,0.23994853498682867,8995.0,8995.0,1.0,0.9781969361027203,1.0294117647058822
P01,30,1.5,1.75,1.625,17.278590531280724,10.13,3876,3876,0,1.0,0.0,0.24000000000000005,0.24000000000000005,0.2356512211534652,8738.0,8738.0,0.96,0.960678099300909,1.0
P01,30,1.75,2.0,1.875,17.278590531280724,10.13,3953,3953,0,1.0,0.0,0.25000000000000006,0.25000000000000006,0.23053674796817566,8738.0,8738.0,1.0,0.9398279532481132,1.0
P01,30,2.0,2.25,2.125,17.278590531280724,10.13,3917,3917,0,1.0,0.0,0.22000000000000003,0.22000000000000003,0.23152753617746938,8481.0,8481.0,0.8799999999999999,0.9438670943527298,0.9705882352941176
P01,30,2.25,2.5,2.375,17.278590531280724,10.13,4044,4044,0,1.0,0.0,0.25000000000000006,0.25000000000000006,0.2283002410298523,8481.0,8481.0,1.0,0.9307103971240032,0.9705882352941176
P01,30,2.5,2.75,2.625,17.278590531280724,10.13,4057,4057,0,1.0,0.0,0.23000000000000004,0.23000000000000004,0.22812978308240014,8224.0,8224.0,0.9199999999999999,0.9300154921022192,0.9411764705882353
P01,30,2.75,3.0,2.875,17.278590531280724,10.13,4322,4322,0,1.0,0.0,0.21000000000000005,0.21000000000000005,0.2174074521830725,8224.0,8224.0,0.84,0.886303821871861,0.9411764705882353
P01,30,3.0,3.25,3.125,17.278590531280724,10.13,4306,4306,0,1.0,0.0,0.23000000000000004,0.23000000000000004,0.2174505690589505,7967.0,7967.0,0.9199999999999999,0.8864795962139735,0.9117647058823529
P01,30,3.25,3.5,3.375,17.278590531280724,10.13,4457,4457,0,1.0,0.0,0.21000000000000005,0.21000000000000005,0.21664393986795413,7967.0,7967.0,0.84,0.8831912152149106,0.9117647058823529
P01,30,3.5,3.75,3.625,17.278590531280724,10.13,4414,4414,0,1.0,0.0,0.21000000000000005,0.21000000000000005,0.21626129643694697,7967.0,7967.0,0.84,0.8816312947434163,0.9117647058823529
P01,30,3.75,4.0,3.875,17.278590531280724,10.13,4393,4393,0,1.0,0.0,0.22000000000000003,0.22000000000000003,0.21954952087095658,8481.0,8481.0,0.8799999999999999,0.8950363820749262,0.9705882352941176
P01,30,4.0,4.25,4.125,17.278590531280724,10.13,4539,4539,0,1.0,0.0,0.25000000000000006,0.25000000000000006,0.22550631821487838,7967.0,7967.0,1.0,0.9193204266144313,0.9117647058823529
P01,30,4.25,4.5,4.375,17.278590531280724,10.13,4461,4461,0,1.0,0.0,0.25000000000000006,0.25000000000000006,0.2182773465017529,7967.0,7967.0,1.0,0.8898501154856688,0.9117647058823529
P01,30,4.5,4.75,4.625,17.278590531280724,10.13,4427,4427,0,1.0,0.0,0.20000000000000004,0.20000000000000004,0.21467206140786607,7710.0,7710.0,0.7999999999999999,0.8751524686223091,0.8823529411764706
P01,30,4.75,5.0,4.875,17.278590531280724,10.13,4234,4234,0,1.0,0.0,0.23000000000000004,0.23000000000000004,0.2109766549000789,7453.0,7453.0,0.9199999999999999,0.8600874242628181,0.8529411764705882
P01,30,5.0,5.25,5.125,17.278590531280724,10.13,4279,4279,0,1.0,0.0,0.20000000000000004,0.20000000000000004,0.21115823389632488,7967.0,7967.0,0.7999999999999999,0.8608276664059851,0.9117647058823529
P01,30,5.25,5.5,5.375,17.278590531280724,10.13,3945,3945,0,1.0,0.0,0.22000000000000003,0.22000000000000003,0.21297370638783977,7710.0,7710.0,0.8799999999999999,0.8682287936055161,0.8823529411764706
P01,30,5.5,5.75,5.625,17.278590531280724,10.13,3910,3910,0,1.0,0.0,0.20000000000000004,0.20000000000000004,0.2061470340065269,7710.0,7710.0,0.7999999999999999,0.8403985340561345,0.8823529411764706
P01,30,5.75,6.0,5.875,17.278590531280724,10.13,4133,4129,4,0.9990321800145173,0.0009678199854826763,0.24000000000000005,0.26000000000000006,0.220307512298346,7196.0,7196.0,0.96,0.8981264817577818,0.8235294117647058
P01,30,6.0,6.25,6.125,17.278590531280724,10.13,4270,4118,152,0.9644028103044496,0.03559718969555037,0.31000000000000005,0.3600000000000001,0.34215558842308147,6939.0,6939.0,1.24,1.3948638956443469,0.7941176470588235
P01,30,6.25,6.5,6.375,17.278590531280724,10.13,5334,4936,398,0.9253843269591301,0.07461567304086991,0.4800000000000001,0.5500000000000002,1.1018176834343734,6168.0,5654.0,1.92,4.491774380445639,0.7058823529411765
P01,30,6.5,6.75,6.625,17.278590531280724,10.13,5845,5382,463,0.9207869974337041,0.07921300256629593,0.6100000000000001,0.7300000000000001,1.0916165075382158,5397.0,4883.0,2.44,4.450187300087703,0.6176470588235294
P01,30,6.75,7.0,6.875,17.278590531280724,10.13,6067,5239,828,0.8635239821987802,0.13647601780121976,0.4600000000000001,0.6700000000000002,0.8024301211376564,5397.0,4883.0,1.8399999999999999,3.271262672958087,0.6176470588235294
P01,30,7.0,7.25,7.125,17.278590531280724,10.13,5063,4365,698,0.8621370728816907,0.13786292711830928,0.6000000000000001,0.9200000000000002,0.7586365094394868,6425.0,5654.0,2.4,3.09272948547114,0.7352941176470589
P01,30,7.25,7.5,7.375,17.278590531280724,10.13,6611,5744,867,0.8688549387384662,0.1311450612615338,0.7100000000000002,0.9900000000000002,0.9177425835308887,4883.0,4112.0,2.8400000000000003,3.741356384568836,0.5588235294117647
P01,30,7.5,7.75,7.625,17.278590531280724,10.13,5530,3983,1547,0.720253164556962,0.279746835443038,0.4900000000000001,0.8700000000000002,0.7684786232776625,6682.0,5140.0,1.96,3.132852779417511,0.7647058823529411
P01,30,7.75,8.0,7.875,17.278590531280724,10.13,6361,5012,1349,0.7879264266624745,0.21207357333752552,0.5200000000000001,0.9800000000000002,0.5873002626791864,5654.0,4626.0,2.08,2.3942439054968117,0.6470588235294118
P01,30,8.0,8.25,8.125,17.278590531280724,10.13,4217,3184,1033,0.7550391273417121,0.24496087265828792,0.2700000000000001,0.7700000000000001,0.22836468805252833,7453.0,6168.0,1.08,0.930973127963873,0.8529411764705882
P01,30,8.25,8.5,8.375,17.278590531280724,10.13,6592,3504,3088,0.5315533980582524,0.4684466019417476,0.32000000000000006,0.9100000000000001,0.2868500819264037,6939.0,4369.0,1.28,1.1694002269137629,0.7941176470588235
P01,30,8.5,8.75,8.625,17.278590531280724,10.13,7865,4686,3179,0.5958041958041959,0.40419580419580414,0.6600000000000001,1.4600000000000002,0.7388650077988086,5654.0,3855.0,2.64,3.012127108265032,0.6470588235294118
P01,30,8.75,9.0,8.875,17.278590531280724,10.13,5788,3477,2311,0.6007256392536282,0.3992743607463718,0.5400000000000001,1.3800000000000003,0.888495582313453,6425.0,4112.0,2.16,3.6221252878561243,0.7352941176470589
P01,30,9.0,9.25,9.125,17.278590531280724,10.13,3914,2612,1302,0.6673479816044967,0.3326520183955033,0.26000000000000006,0.8100000000000002,0.2109322076178451,6939.0,4883.0,1.04,0.8599062262600814,0.7941176470588235
P01,30,9.25,9.5,9.375,17.278590531280724,10.13,5676,3664,2012,0.6455250176180408,0.3544749823819592,0.3600000000000001,1.3100000000000003,0.34055718743814073,6425.0,4369.0,1.4400000000000002,1.388347702718983,0.7352941176470589
P01,30,9.5,9.75,9.625,17.278590531280724,10.13,6025,2689,3336,0.4463070539419087,0.5536929460580913,0.3600000000000001,1.3700000000000003,0.34346741098776484,6939.0,4112.0,1.4400000000000002,1.4002117958245006,0.7941176470588235
P01,30,9.75,10.0,9.875,17.278590531280724,10.13,5205,1949,3256,0.374447646493756,0.6255523535062439,0.31000000000000005,1.3300000000000003,0.7737247232845069,6425.0,4369.0,1.24,3.154239527844483,0.7352941176470589
P01,30,10.0,10.25,10.125,17.278590531280724,10.13,7712,7,7705,0.0009076763485477179,0.9990923236514523,0.05000000000000001,1.9400000000000004,0.4821350573175789,1028.0,3341.0,0.19999999999999998,1.9655174634913009,0.11764705882352941
P01,30,10.25,10.5,10.375,17.278590531280724,10.13,9727,2,9725,0.00020561324149275214,0.9997943867585073,0.010000000000000002,2.5200000000000005,0.010000000006402842,2056.0,3084.0,0.04,0.04076694766162002,0.23529411764705882
P01,30,10.5,10.75,10.625,17.278590531280724,10.13,7731,15,7716,0.0019402405898331393,0.9980597594101669,0.04000000000000001,2.3200000000000003,0.16004442101410343,5397.0,2827.0,0.16,0.6524522530838684,0.6176470588235294
P01,30,10.75,11.0,10.875,17.278590531280724,10.13,8415,244,8171,0.02899584076054664,0.9710041592394534,0.06000000000000001,2.5200000000000005,0.10824729802464958,2056.0,3084.0,0.24,0.44129119302571557,0.23529411764705882
P01,30,11.0,11.25,11.125,17.278590531280724,10.13,10033,27,10006,0.0026911193062892453,0.9973088806937107,0.09000000000000002,2.9700000000000006,1.3195988351636332,4626.0,2827.0,0.36000000000000004,5.379601661300583,0.5294117647058824
P01,30,11.25,11.5,11.375,17.278590531280724,10.13,10705,14,10691,0.0013078000934142924,0.9986921999065858,0.030000000000000006,3.7600000000000007,0.7851871979330385,3983.5,2313.0,0.12,3.2009685382214963,0.45588235294117646
P01,30,11.5,11.75,11.625,17.278590531280724,10.13,8333,60,8273,0.007200288011520461,0.9927997119884795,0.07,3.630000000000001,0.7971902457942109,1927.5,2570.0,0.27999999999999997,3.249901300583799,0.22058823529411764
P01,30,11.75,12.0,11.875,17.278590531280724,10.13,7526,1,7525,0.00013287270794578793,0.9998671272920542,0.010000000000000002,3.4900000000000007,,771.0,2570.0,0.04,,0.08823529411764706
P01,30,12.0,12.25,12.125,17.278590531280724,10.13,10608,0,10608,0.0,1.0,0.0,4.260000000000001,,,2570.0,0.0,,
P01,30,12.25,12.5,12.375,17.278590531280724,10.13,12789,14,12775,0.0010946907498631637,0.9989053092501369,0.010000000000000002,5.190000000000001,0.0249927079980596,7324.5,2313.0,0.04,0.10188764182266773,0.8382352941176471
P01,30,12.5,12.75,12.625,17.278590531280724,10.13,14421,0,14421,0.0,1.0,0.0,6.380000000000002,,,2570.0,0.0,,
P01,30,12.75,13.0,12.875,17.278590531280724,10.13,18664,2,18662,0.00010715816545220746,0.9998928418345477,0.020000000000000004,7.580000000000002,1.0293508876360562,9766.0,2313.0,0.08,4.196349373483264,1.1176470588235294
P01,30,13.0,13.25,13.125,17.278590531280724,10.13,19047,0,19047,0.0,1.0,0.0,8.730000000000002,,,2313.0,0.0,,
P01,30,13.25,13.5,13.375,17.278590531280724,10.13,14436,0,14436,0.0,1.0,0.0,9.150000000000002,,,2313.0,0.0,,
P01,30,13.5,13.75,13.625,17.278590531280724,10.13,13394,1,13393,7.466029565477079e-05,0.9999253397043453,0.010000000000000002,9.280000000000001,,514.0,2313.0,0.04,,0.058823529411764705
P01,30,13.75,14.0,13.875,17.278590531280724,10.13,16098,10,16088,0.0006211951795254069,0.9993788048204746,0.030000000000000006,9.710000000000003,0.10525329769924446,9123.5,2313.0,0.12,0.42908556757706423,1.0441176470588236
P01,30,14.0,14.25,14.125,17.278590531280724,10.13,13302,1,13301,7.517666516313337e-05,0.9999248233348369,0.010000000000000002,8.900000000000002,,771.0,2313.0,0.04,,0.08823529411764706
P01,30,14.25,14.5,14.375,17.278590531280724,10.13,10807,0,10807,0.0,1.0,0.0,7.730000000000001,,,2570.0,0.0,,
P01,30,14.5,14.75,14.625,17.278590531280724,10.13,11905,0,11905,0.0,1.0,0.0,8.640000000000002,,,2570.0,0.0,,
P01,30,14.75,15.0,14.875,17.278590531280724,10.13,12523,0,12523,0.0,1.0,0.0,9.390000000000002,,,2827.0,0.0,,
P01,30,15.0,15.25,15.125,17.278590531280724,10.13,8973,0,8973,0.0,1.0,0.0,9.300000000000002,,,2827.0,0.0,,
P01,30,15.25,15.5,15.375,17.278590531280724,10.13,8410,3,8407,0.000356718192627824,0.9996432818073722,0.020000000000000004,9.330000000000002,0.09576025483430307,771.0,2827.0,0.08,0.3903853294393853,0.08823529411764706
P01,30,15.5,15.75,15.625,17.278590531280724,10.13,5870,0,5870,0.0,1.0,0.0,8.670000000000002,,,2570.0,0.0,,
P01,30,15.75,16.0,15.875,17.278590531280724,10.13,3949,0,3949,0.0,1.0,0.0,7.260000000000002,,,2570.0,0.0,,
P01,30,16.0,16.25,16.125,17.278590531280724,10.13,3601,0,3601,0.0,1.0,0.0,7.030000000000001,,,2570.0,0.0,,
P01,30,16.25,16.5,16.375,17.278590531280724,10.13,2805,0,2805,0.0,1.0,0.0,5.900000000000001,,,2570.0,0.0,,
P01,30,16.5,16.75,16.625,17.278590531280724,10.13,1756,0,1756,0.0,1.0,0.0,4.420000000000001,,,2827.0,0.0,,
P01,30,16.75,17.0,16.875,17.278590531280724,10.13,983,0,983,0.0,1.0,0.0,2.7700000000000005,,,2570.0,0.0,,
P01,30,17.0,17.25,17.125,17.278590531280724,10.13,840,0,840,0.0,1.0,0.0,2.4200000000000004,,,2827.0,0.0,,
P01,30,17.25,17.5,17.375,17.278590531280724,10.13,2405,0,2405,0.0,1.0,0.0,4.970000000000001,,,3084.0,0.0,,
P01,33,0.0,0.25,0.125,18.229839827736587,10.74,3841,3687,154,0.9599062744077064,0.04009372559229363,0.38000000000000006,0.44000000000000006,0.276259655365129,9766.0,9509.0,1.6521739130434783,1.1757944490682395,1.0
P01,33,0.25,0.5,0.375,18.229839827736587,10.74,3983,3983,0,1.0,0.0,0.25000000000000006,0.25000000000000006,0.2349557404221898,10280.0,10280.0,1.0869565217391306,1.0,1.0526315789473684
P01,33,0.5,0.75,0.625,18.229839827736587,10.74,3923,3923,0,1.0,0.0,0.23000000000000004,0.23000000000000004,0.2355330121230094,9766.0,9766.0,1.0,1.002456938058982,1.0
P01,33,0.75,1.0,0.875,18.229839827736587,10.74,3869,3869,0,1.0,0.0,0.21000000000000005,0.21000000000000005,0.22865563616164924,9252.0,9252.0,0.9130434782608696,0.9731859955869988,0.9473684210526315
P01,33,1.0,1.25,1.125,18.229839827736587,10.74,3958,3958,0,1.0,0.0,0.21000000000000005,0.21000000000000005,0.2255927706186841,9509.0,9509.0,0.9130434782608696,0.9601500700230543,0.9736842105263158
P01,33,1.25,1.5,1.375,18.229839827736587,10.74,4063,4063,0,1.0,0.0,0.22000000000000003,0.22000000000000003,0.2176800383612515,9509.0,9509.0,0.9565217391304347,0.926472526145155,0.9736842105263158
P01,33,1.5,1.75,1.625,18.229839827736587,10.74,4092,4092,0,1.0,0.0,0.22000000000000003,0.22000000000000003,0.22103562961725787,9509.0,9509.0,0.9565217391304347,0.9407543276877636,0.9736842105263158
P01,33,1.75,2.0,1.875,18.229839827736587,10.74,4157,4157,0,1.0,0.0,0.21000000000000005,0.21000000000000005,0.21860009103179928,9252.0,9252.0,0.9130434782608696,0.9303883813989766,0.9473684210526315
P01,33,2.0,2.25,2.125,18.229839827736587,10.74,4236,4236,0,1.0,0.0,0.25000000000000006,0.25000000000000006,0.21664890797299102,9509.0,9509.0,1.0869565217391306,0.9220839107131267,0.9736842105263158
P01,33,2.25,2.5,2.375,18.229839827736587,10.74,4097,4097,0,1.0,0.0,0.21000000000000005,0.21000000000000005,0.20520428802747634,8995.0,8995.0,0.9130434782608696,0.873374226391518,0.9210526315789473
P01,33,2.5,2.75,2.625,18.229839827736587,10.74,4018,4018,0,1.0,0.0,0.22000000000000003,0.22000000000000003,0.20705165119206395,8995.0,8995.0,0.9565217391304347,0.8812368270722594,0.9210526315789473
P01,33,2.75,3.0,2.875,18.229839827736587,10.74,4059,4059,0,1.0,0.0,0.21000000000000005,0.21000000000000005,0.2043656036422778,8738.0,8738.0,0.9130434782608696,0.8698046843846212,0.8947368421052632
P01,33,3.0,3.25,3.125,18.229839827736587,10.74,4046,4046,0,1.0,0.0,0.17000000000000004,0.17000000000000004,0.20475533382308578,8738.0,8738.0,0.7391304347826088,0.8714634230905055,0.8947368421052632
P01,33,3.25,3.5,3.375,18.229839827736587,10.74,4134,4134,0,1.0,0.0,0.22000000000000003,0.22000000000000003,0.2012520808277738,8481.0,8481.0,0.9565217391304347,0.8565531553566037,0.868421052631579
P01,33,3.5,3.75,3.625,18.229839827736587,10.74,4063,4063,0,1.0,0.0,0.21000000000000005,0.21000000000000005,0.20445805110824147,8481.0,8481.0,0.9130434782608696,0.8701981519619512,0.868421052631579
P01,33,3.75,4.0,3.875,18.229839827736587,10.74,3954,3954,0,1.0,0.0,0.20000000000000004,0.20000000000000004,0.20160418092607693,8224.0,8224.0,0.8695652173913043,0.858051735887858,0.8421052631578947
P01,33,4.0,4.25,4.125,18.229839827736587,10.74,3870,3870,0,1.0,0.0,0.21000000000000005,0.21000000000000005,0.20205617615988136,7967.0,7967.0,0.9130434782608696,0.8599754821772325,0.8157894736842105
P01,33,4.25,4.5,4.375,18.229839827736587,10.74,4121,4121,0,1.0,0.0,0.22000000000000003,0.22000000000000003,0.20200247472373448,7710.0,7710.0,0.9565217391304347,0.8597469223810327,0.7894736842105263
P01,33,4.5,4.75,4.625,18.229839827736587,10.74,4171,4170,1,0.9997602493406856,0.0002397506593143639,0.19000000000000003,0.20000000000000004,0.20491655703872266,7710.0,7710.0,0.8260869565217391,0.8721496085624892,0.7894736842105263
P01,33,4.75,5.0,4.875,18.229839827736587,10.74,4127,4127,0,1.0,0.0,0.19000000000000003,0.19000000000000003,0.2013755165853358,7710.0,7710.0,0.8260869565217391,0.8570785128445297,0.7894736842105263
P01,33,5.0,5.25,5.125,18.229839827736587,10.74,3823,3823,0,1.0,0.0,0.18000000000000005,0.18000000000000005,0.1990874059114679,7196.0,7196.0,0.782608695652174,0.8473400375480487,0.7368421052631579
P01,33,5.25,5.5,5.375,18.229839827736587,10.74,3815,3815,0,1.0,0.0,0.20000000000000004,0.20000000000000004,0.19720015121726425,7710.0,7710.0,0.8695652173913043,0.839307653700723,0.7894736842105263
P01,33,5.5,5.75,5.625,18.229839827736587,10.74,3802,3802,0,1.0,0.0,0.22000000000000003,0.22000000000000003,0.19262463015105086,7710.0,7710.0,0.9565217391304347,0.8198336835904729,0.7894736842105263
P01,33,5.75,6.0,5.875,18.229839827736587,10.74,3533,3533,0,1.0,0.0,0.19000000000000003,0.19000000000000003,0.19209476814354165,7196.0,7196.0,0.8260869565217391,0.817578526910508,0.7368421052631579
P01,33,6.0,6.25,6.125,18.229839827736587,10.74,3570,3570,0,1.0,0.0,0.17000000000000004,0.17000000000000004,0.18786110392573233,7196.0,7196.0,0.7391304347826088,0.7995595408231628,0.7368421052631579
P01,33,6.25,6.5,6.375,18.229839827736587,10.74,4199,4191,8,0.9980947844724934,0.001905215527506554,0.2700000000000001,0.28,0.3260675478650581,6168.0,6168.0,1.173913043478261,1.387782853396773,0.631578947368421
P01,33,6.5,6.75,6.625,18.229839827736587,10.74,3433,3425,8,0.9976696766676376,0.002330323332362383,0.2700000000000001,0.2700000000000001,0.20079886632558697,7196.0,7196.0,1.173913043478261,0.8546242197137781,0.7368421052631579
P01,33,6.75,7.0,6.875,18.229839827736587,10.74,4015,4010,5,0.9987546699875467,0.001245330012453305,0.37000000000000005,0.37000000000000005,0.4031538045951098,6168.0,6168.0,1.608695652173913,1.7158712695024452,0.631578947368421
P01,33,7.0,7.25,7.125,18.229839827736587,10.74,3455,3450,5,0.9985528219971056,0.0014471780028944004,0.26000000000000006,0.2700000000000001,0.20386404594270804,6682.0,6682.0,1.1304347826086958,0.8676699942567337,0.6842105263157895
P01,33,7.25,7.5,7.375,18.229839827736587,10.74,3435,3420,15,0.9956331877729258,0.004366812227074246,0.24000000000000005,0.24000000000000005,0.23280845818979265,6425.0,6425.0,1.0434782608695652,0.9908609075541686,0.6578947368421053
P01,33,7.5,7.75,7.625,18.229839827736587,10.74,3009,3008,1,0.9996676636756398,0.0003323363243602495,0.20000000000000004,0.21000000000000005,0.20997856156796602,6682.0,6682.0,0.8695652173913043,0.8936941110298369,0.6842105263157895
P01,33,7.75,8.0,7.875,18.229839827736587,10.74,3584,3326,258,0.9280133928571429,0.0719866071428571,0.22000000000000003,0.30000000000000004,0.20276032179914008,6682.0,6425.0,0.9565217391304347,0.8629724110370827,0.6842105263157895
P01,33,8.0,8.25,8.125,18.229839827736587,10.74,2828,2655,173,0.9388260254596889,0.06117397454031115,0.23000000000000004,0.26000000000000006,0.18649986621247253,6939.0,6682.0,1.0,0.793765948758488,0.7105263157894737
P01,33,8.25,8.5,8.375,18.229839827736587,10.74,3756,3641,115,0.9693823216187434,0.03061767838125662,0.28,0.33000000000000007,0.29500508476958964,5911.0,5911.0,1.217391304347826,1.2555772599532904,0.6052631578947368
P01,33,8.5,8.75,8.625,18.229839827736587,10.74,3657,3127,530,0.855072463768116,0.14492753623188404,0.30000000000000004,0.4000000000000001,0.36282704884806066,6168.0,5654.0,1.3043478260869565,1.544235727954976,0.631578947368421
P01,33,8.75,9.0,8.875,18.229839827736587,10.74,3460,3165,295,0.9147398843930635,0.08526011560693647,0.39000000000000007,0.5300000000000001,0.27732928057404166,5911.0,5397.0,1.6956521739130435,1.1803469031048623,0.6052631578947368
P01,33,9.0,9.25,9.125,18.229839827736587,10.74,3579,3151,428,0.8804135233305392,0.11958647666946076,0.4000000000000001,0.5100000000000001,0.4948243349406498,5911.0,5397.0,1.7391304347826086,2.1060321150336847,0.6052631578947368
P01,33,9.25,9.5,9.375,18.229839827736587,10.74,4786,2857,1929,0.5969494358545758,0.4030505641454242,0.32000000000000006,0.7600000000000001,0.23491316751753705,6425.0,4883.0,1.391304347826087,0.9998188045775078,0.6578947368421053
P01,33,9.5,9.75,9.625,18.229839827736587,10.74,4362,2277,2085,0.5220082530949106,0.4779917469050894,0.2700000000000001,1.0700000000000003,0.2586398329926356,6682.0,4369.0,1.173913043478261,1.1008023576180266,0.6842105263157895
P01,33,9.75,10.0,9.875,18.229839827736587,10.74,5103,2019,3084,0.3956496178718401,0.60435038212816,0.23000000000000004,1.2900000000000003,0.19738059251843035,6682.0,3855.0,1.0,0.8400756336651276,0.6842105263157895
P01,33,10.0,10.25,10.125,18.229839827736587,10.74,6061,1771,4290,0.29219600725952816,0.7078039927404718,0.23000000000000004,1.2600000000000002,0.20606305817505083,6168.0,3341.0,1.0,0.8770292558282594,0.631578947368421
P01,33,10.25,10.5,10.375,18.229839827736587,10.74,6726,1713,5013,0.2546833184656557,0.7453166815343444,0.18000000000000005,1.9000000000000004,0.20115216699969796,6168.0,2570.0,0.782608695652174,0.8561279100406293,0.631578947368421
P01,33,10.5,10.75,10.625,18.229839827736587,10.74,10700,1487,9213,0.13897196261682243,0.8610280373831776,0.22000000000000003,2.6300000000000003,0.19395083310732847,6425.0,2313.0,0.9565217391304347,0.8254781634993041,0.6578947368421053
P01,33,10.75,11.0,10.875,18.229839827736587,10.74,17075,1674,15401,0.09803806734992679,0.9019619326500732,0.28,4.030000000000001,0.2830999821813036,5911.0,2570.0,1.217391304347826,1.2049077059049669,0.6052631578947368
P01,33,11.0,11.25,11.125,18.229839827736587,10.74,24664,1111,23553,0.04504541031462861,0.9549545896853714,0.20000000000000004,5.360000000000001,0.20918052636367085,6168.0,2570.0,0.8695652173913043,0.8902975768448828,0.631578947368421
P01,33,11.25,11.5,11.375,18.229839827736587,10.74,20679,886,19793,0.04284539871367087,0.9571546012863291,0.25000000000000006,5.610000000000001,0.2385843492210588,6425.0,2313.0,1.0869565217391306,1.0154437971694106,0.6578947368421053
P01,33,11.5,11.75,11.625,18.229839827736587,10.74,21172,636,20536,0.030039675042508974,0.9699603249574911,0.23000000000000004,6.190000000000001,0.24353419121989725,6168.0,2570.0,1.0,1.0365109223647522,0.631578947368421
P01,33,11.75,12.0,11.875,18.229839827736587,10.74,23864,11,23853,0.0004609453570231311,0.9995390546429769,0.06000000000000001,6.440000000000001,1.3006256542263344,6939.0,2570.0,0.2608695652173913,5.535619823074985,0.7105263157894737
P01,33,12.0,12.25,12.125,18.229839827736587,10.74,22712,5,22707,0.00022014793941528706,0.9997798520605847,0.04000000000000001,6.570000000000001,2.111250363892735,1028.0,2313.0,0.17391304347826086,8.985736462957018,0.10526315789473684
P01,33,12.25,12.5,12.375,18.229839827736587,10.74,21717,27,21690,0.0012432656444260257,0.998756734355574,0.07,7.580000000000002,0.6148543808696342,4369.0,2056.0,0.3043478260869565,2.6168944830409675,0.4473684210526316
P01,33,12.5,12.75,12.625,18.229839827736587,10.74,15942,4,15938,0.0002509095471082675,0.9997490904528917,0.020000000000000004,7.4700000000000015,0.19597312055589106,2570.0,2056.0,0.08695652173913043,0.8340852630531553,0.2631578947368421
P01,33,12.75,13.0,12.875,18.229839827736587,10.74,14751,0,14751,0.0,1.0,0.0,7.080000000000001,,,2313.0,0.0,,
P01,33,13.0,13.25,13.125,18.229839827736587,10.74,18426,0,18426,0.0,1.0,0.0,7.920000000000002,,,2570.0,0.0,,
P01,33,13.25,13.5,13.375,18.229839827736587,10.74,16998,0,16998,0.0,1.0,0.0,8.96,,,2313.0,0.0,,
P01,33,13.5,13.75,13.625,18.229839827736587,10.74,13084,0,13084,0.0,1.0,0.0,8.250000000000002,,,2313.0,0.0,,
P01,33,13.75,14.0,13.875,18.229839827736587,10.74,9689,0,9689,0.0,1.0,0.0,6.780000000000001,,,2570.0,0.0,,
P01,33,14.0,14.25,14.125,18.229839827736587,10.74,9117,0,9117,0.0,1.0,0.0,6.790000000000001,,,2313.0,0.0,,
P01,33,14.25,14.5,14.375,18.229839827736587,10.74,7394,0,7394,0.0,1.0,0.0,6.160000000000001,,,2827.0,0.0,,
P01,33,14.5,14.75,14.625,18.229839827736587,10.74,6015,0,6015,0.0,1.0,0.0,5.960000000000001,,,2827.0,0.0,,
P01,33,14.75,15.0,14.875,18.229839827736587,10.74,7017,0,7017,0.0,1.0,0.0,5.280000000000001,,,2827.0,0.0,,
P01,33,15.0,15.25,15.125,18.229839827736587,10.74,6200,0,6200,0.0,1.0,0.0,4.970000000000001,,,2827.0,0.0,,
P01,33,15.25,15.5,15.375,18.229839827736587,10.74,5541,1,5540,0.00018047283883775492,0.9998195271611623,0.010000000000000002,5.140000000000001,,2827.0,2827.0,0.043478260869565216,,0.2894736842105263
P01,33,15.5,15.75,15.625,18.229839827736587,10.74,4876,0,4876,0.0,1.0,0.0,4.500000000000001,,,3084.0,0.0,,
P01,33,15.75,16.0,15.875,18.229839827736587,10.74,4913,0,4913,0.0,1.0,0.0,3.5300000000000007,,,3341.0,0.0,,
P01,33,16.0,16.25,16.125,18.229839827736587,10.74,4065,0,4065,0.0,1.0,0.0,3.8700000000000006,,,3598.0,0.0,,
P01,33,16.25,16.5,16.375,18.229839827736587,10.74,3075,0,3075,0.0,1.0,0.0,3.1800000000000006,,,3598.0,0.0,,
P01,33,16.5,16.75,16.625,18.229839827736587,10.74,2176,0,2176,0.0,1.0,0.0,2.6900000000000004,,,3855.0,0.0,,
P01,33,16.75,17.0,16.875,18.229839827736587,10.74,2441,0,2441,0.0,1.0,0.0,2.6100000000000003,,,4112.0,0.0,,
P01,33,17.0,17.25,17.125,18.229839827736587,10.74,1250,0,1250,0.0,1.0,0.0,1.9100000000000004,,,3598.0,0.0,,
P01,33,17.25,17.5,17.375,18.229839827736587,10.74,581,0,581,0.0,1.0,0.0,1.2600000000000002,,,3341.0,0.0,,
P01,33,17.5,17.75,17.625,18.229839827736587,10.74,299,0,299,0.0,1.0,0.0,0.7400000000000001,,,3341.0,0.0,,
P01,33,17.75,18.0,17.875,18.229839827736587,10.74,273,0,273,0.0,1.0,0.0,0.7200000000000002,,,3855.0,0.0,,
P01,33,18.0,18.25,18.125,18.229839827736587,10.74,3120,0,3120,0.0,1.0,0.0,1.9400000000000004,,,4112.0,0.0,,
P01,34,0.0,0.25,0.125,17.893474057151867,10.14,4937,4880,57,0.988454527040713,0.011545472959286984,0.3500000000000001,0.37000000000000005,0.3701545551474643,9766.0,9766.0,1.0,1.2168735596388562,0.9743589743589743
P01,34,0.25,0.5,0.375,17.893474057151867,10.14,5213,5208,5,0.9990408593899865,0.0009591406100134536,0.37000000000000005,0.38000000000000006,0.3352662334462691,10023.0,10023.0,1.057142857142857,1.1021791012620152,1.0
P01,34,0.5,0.75,0.625,17.893474057151867,10.14,5185,5178,7,0.9986499517839923,0.0013500482160077043,0.33000000000000007,0.3600000000000001,0.3041848943265057,10023.0,10023.0,0.9428571428571428,1.0,1.0
P01,34,0.75,1.0,0.875,17.893474057151867,10.14,5259,4731,528,0.8996006845407872,0.10039931545921277,0.31000000000000005,0.5300000000000001,0.29723475315135495,10023.0,9252.0,0.8857142857142857,0.9771515900204741,1.0
P01,34,1.0,1.25,1.125,17.893474057151867,10.14,5605,5212,393,0.9298840321141838,0.0701159678858162,0.3600000000000001,0.5200000000000001,0.30341893216676175,9766.0,9252.0,1.0285714285714287,0.9974819191418435,0.9743589743589743
P01,34,1.25,1.5,1.375,17.893474057151867,10.14,6264,6264,0,1.0,0.0,0.29000000000000004,0.29000000000000004,0.3055819006272127,9766.0,9766.0,0.8285714285714285,1.0045926222069643,0.9743589743589743
P01,34,1.5,1.75,1.625,17.893474057151867,10.14,7124,7124,0,1.0,0.0,0.29000000000000004,0.29000000000000004,0.30399473251535825,9766.0,9766.0,0.8285714285714285,0.9993748479471064,0.9743589743589743
P01,34,1.75,2.0,1.875,17.893474057151867,10.14,7013,7013,0,1.0,0.0,0.28,0.28,0.29532692878192646,9766.0,9766.0,0.7999999999999998,0.9708796665784749,0.9743589743589743
P01,34,2.0,2.25,2.125,17.893474057151867,10.14,7713,7713,0,1.0,0.0,0.33000000000000007,0.33000000000000007,0.31992958890555817,9509.0,9509.0,0.9428571428571428,1.051760277622966,0.9487179487179487
P01,34,2.25,2.5,2.375,17.893474057151867,10.14,8259,8257,2,0.9997578399321951,0.0002421600678048641,0.4300000000000001,0.4300000000000001,0.5715580143336008,9252.0,9252.0,1.2285714285714286,1.878982240716077,0.9230769230769231
P01,34,2.5,2.75,2.625,17.893474057151867,10.14,7230,7230,0,1.0,0.0,0.32000000000000006,0.32000000000000006,0.3177078059327579,9766.0,9766.0,0.9142857142857143,1.044456223364389,0.9743589743589743
P01,34,2.75,3.0,2.875,17.893474057151867,10.14,8018,8014,4,0.9995011224744326,0.0004988775255674316,0.4900000000000001,0.5000000000000001,0.6984630639179998,8738.0,8738.0,1.4,2.2961793203586374,0.8717948717948718
P01,34,3.0,3.25,3.125,17.893474057151867,10.14,8625,8383,242,0.9719420289855073,0.0280579710144927,0.4600000000000001,0.4800000000000001,0.38821669150143745,8224.0,8224.0,1.314285714285714,1.2762523673668482,0.8205128205128205
P01,34,3.25,3.5,3.375,17.893474057151867,10.14,7433,7411,22,0.997040226019104,0.0029597739808959744,0.4900000000000001,0.5000000000000001,0.4777645829959785,8738.0,8738.0,1.4,1.5706387526369274,0.8717948717948718
P01,34,3.5,3.75,3.625,17.893474057151867,10.14,6799,6798,1,0.9998529195469922,0.00014708045300781958,0.39000000000000007,0.4000000000000001,0.29352295339761125,8481.0,8481.0,1.114285714285714,0.9649491439984191,0.8461538461538461
P01,34,3.75,4.0,3.875,17.893474057151867,10.14,6129,6129,0,1.0,0.0,0.32000000000000006,0.32000000000000006,0.2869860603659612,8738.0,8738.0,0.9142857142857143,0.943459276639544,0.8717948717948718
P01,34,4.0,4.25,4.125,17.893474057151867,10.14,7087,7080,7,0.9990122759983068,0.0009877240016932243,0.45000000000000007,0.4600000000000001,0.4451337992832558,7710.0,7710.0,1.2857142857142856,1.4633658922111317,0.7692307692307693
P01,34,4.25,4.5,4.375,17.893474057151867,10.14,7342,7243,99,0.98651593571234,0.013484064287660025,0.6100000000000001,0.6700000000000002,0.4540347996116093,7453.0,7196.0,1.7428571428571427,1.492627701375131,0.7435897435897436
P01,34,4.5,4.75,4.625,17.893474057151867,10.14,8083,7871,212,0.9737721143139924,0.026227885686007646,0.6400000000000001,0.7300000000000001,0.5736279066901885,6682.0,6682.0,1.8285714285714285,1.8857869584887024,0.6666666666666666
P01,34,4.75,5.0,4.875,17.893474057151867,10.14,7677,7598,79,0.9897095219486779,0.010290478051322105,0.7100000000000002,0.7600000000000001,0.5998792766135059,6425.0,6168.0,2.0285714285714285,1.9720876605056137,0.6410256410256411
P01,34,5.0,5.25,5.125,17.893474057151867,10.14,6237,6231,6,0.9990379990379991,0.0009620009620009418,0.5800000000000001,0.5800000000000001,0.6073932005485083,6939.0,6939.0,1.657142857142857,1.9967894917771465,0.6923076923076923
P01,34,5.25,5.5,5.375,17.893474057151867,10.14,6372,6343,29,0.9954488386691777,0.00455116133082234,0.5900000000000001,0.6200000000000001,0.5422639417085384,6425.0,6425.0,1.6857142857142855,1.782678731990168,0.6410256410256411
P01,34,5.5,5.75,5.625,17.893474057151867,10.14,6991,6965,26,0.9962809326276642,0.003719067372335849,0.7600000000000001,0.7900000000000001,0.825813040405913,6168.0,5911.0,2.1714285714285713,2.7148390857289004,0.6153846153846154
P01,34,5.75,6.0,5.875,17.893474057151867,10.14,6772,6691,81,0.9880389840519788,0.011961015948021236,0.7100000000000002,0.7500000000000001,1.3346222240071701,5911.0,5654.0,2.0285714285714285,4.387536162708377,0.5897435897435898
P01,34,6.0,6.25,6.125,17.893474057151867,10.14,4830,4789,41,0.9915113871635611,0.008488612836438869,0.4600000000000001,0.4800000000000001,0.5054546467016595,7196.0,6939.0,1.314285714285714,1.661669123382291,0.717948717948718
P01,34,6.25,6.5,6.375,17.893474057151867,10.14,8290,7521,769,0.9072376357056695,0.09276236429433049,0.8000000000000002,1.0700000000000003,0.9375755962690873,5911.0,5654.0,2.2857142857142856,3.0822556075474057,0.5897435897435898
P01,34,6.5,6.75,6.625,17.893474057151867,10.14,8756,7164,1592,0.8181818181818182,0.18181818181818177,0.9700000000000002,1.2600000000000002,1.2002681983117403,5654.0,4883.0,2.7714285714285714,3.945850766091618,0.5641025641025641
P01,34,6.75,7.0,6.875,17.893474057151867,10.14,9558,7508,2050,0.7855199832600962,0.2144800167399038,1.0600000000000003,1.5100000000000002,1.4368390825906987,5397.0,4626.0,3.0285714285714285,4.723571450752008,0.5384615384615384
P01,34,7.0,7.25,7.125,17.893474057151867,10.14,9431,7528,1903,0.7982186406531651,0.20178135934683494,1.1300000000000001,1.6300000000000003,1.922367953895972,4883.0,4369.0,3.228571428571428,6.319735101088033,0.48717948717948717
P01,34,7.25,7.5,7.375,17.893474057151867,10.14,12760,7526,5234,0.5898119122257053,0.4101880877742947,1.1800000000000002,2.1400000000000006,1.6639600476673397,4883.0,3341.0,3.371428571428571,5.470225769598144,0.48717948717948717
P01,34,7.5,7.75,7.625,17.893474057151867,10.14,12131,9907,2224,0.8166680405572501,0.18333195944274994,1.4300000000000004,2.1000000000000005,1.5017814667142733,5140.0,4369.0,4.085714285714285,4.9370678647253685,0.5128205128205128
P01,34,7.75,8.0,7.875,17.893474057151867,10.14,9816,6491,3325,0.6612673186634067,0.3387326813365933,1.3200000000000003,1.8400000000000003,1.023611985283178,5397.0,4369.0,3.7714285714285714,3.365098018918896,0.5384615384615384
P01,34,8.0,8.25,8.125,17.893474057151867,10.14,8180,6735,1445,0.8233496332518337,0.17665036674816625,1.2100000000000002,1.9900000000000004,1.4949437650173065,5397.0,4883.0,3.457142857142857,4.914589096632343,0.5384615384615384
P01,34,8.25,8.5,8.375,17.893474057151867,10.14,11135,5622,5513,0.5048944768747193,0.49510552312528067,1.0100000000000002,2.1500000000000004,0.9232297926860605,5397.0,3598.0,2.8857142857142857,3.0350941480186884,0.5384615384615384
P01,34,8.5,8.75,8.625,17.893474057151867,10.14,10309,6447,3862,0.625375885148899,0.37462411485110103,1.0000000000000002,2.3400000000000003,1.2519328214246421,5911.0,4112.0,2.857142857142857,4.115696882965016,0.5897435897435898
P01,34,8.75,9.0,8.875,17.893474057151867,10.14,16727,6482,10245,0.38751718778023553,0.6124828122197645,1.0600000000000003,3.3200000000000007,1.2297370438750297,5397.0,3341.0,3.0285714285714285,4.0427288363473295,0.5384615384615384
P01,34,9.0,9.25,9.125,17.893474057151867,10.14,13363,3649,9714,0.27306742497942077,0.7269325750205793,0.7000000000000002,3.1100000000000008,1.3769230587394896,6168.0,2827.0,2.0,4.526599066624029,0.6153846153846154
P01,34,9.25,9.5,9.375,17.893474057151867,10.14,14733,5271,9462,0.35776827530034616,0.6422317246996538,0.9400000000000002,3.7000000000000006,1.394971146207952,5654.0,3084.0,2.6857142857142855,4.585931689003002,0.5641025641025641
P01,34,9.5,9.75,9.625,17.893474057151867,10.14,17308,6985,10323,0.4035706031892766,0.5964293968107234,1.4000000000000004,4.090000000000001,1.1924665194750224,5140.0,3084.0,4.0,3.920202947997325,0.5128205128205128
P01,34,9.75,10.0,9.875,17.893474057151867,10.14,22683,6120,16563,0.26980558127231846,0.7301944187276815,1.2700000000000002,5.330000000000001,1.2952066226966004,5911.0,2827.0,3.628571428571428,4.257958389302372,0.5897435897435898
P01,34,10.0,10.25,10.125,17.893474057151867,10.14,19437,5023,14414,0.25842465401039255,0.7415753459896075,1.2000000000000002,5.170000000000001,1.1473723439992871,5140.0,3084.0,3.4285714285714284,3.7719570083835974,0.5128205128205128
P01,34,10.25,10.5,10.375,17.893474057151867,10.14,17849,1903,15946,0.10661661717743291,0.8933833828225671,0.4800000000000001,5.490000000000001,0.5605633357856119,6168.0,2827.0,1.3714285714285714,1.842837518367743,0.6153846153846154
P01,34,10.5,10.75,10.625,17.893474057151867,10.14,18679,1702,16977,0.09111836822099684,0.9088816317790032,0.4700000000000001,6.700000000000001,0.8446418528908815,6425.0,2827.0,1.3428571428571427,2.776738321477136,0.6410256410256411
P01,34,10.75,11.0,10.875,17.893474057151867,10.14,22964,2353,20611,0.10246472739940776,0.8975352726005923,0.6600000000000001,7.480000000000001,0.760226463873279,6425.0,2570.0,1.8857142857142857,2.4992249058142506,0.6410256410256411
P01,34,11.0,11.25,11.125,17.893474057151867,10.14,23618,2021,21597,0.0855703277161487,0.9144296722838513,0.6700000000000002,8.800000000000002,0.8399476176585201,6168.0,2570.0,1.9142857142857141,2.7613061441405367,0.6153846153846154
P01,34,11.25,11.5,11.375,17.893474057151867,10.14,27159,1545,25614,0.056887219706174746,0.9431127802938253,0.5500000000000002,9.920000000000002,0.918382923603628,5911.0,2313.0,1.5714285714285714,3.0191601908339836,0.5897435897435898
P01,34,11.5,11.75,11.625,17.893474057151867,10.14,25803,1314,24489,0.050924311126613185,0.9490756888733868,0.4100000000000001,10.030000000000001,1.7781809735844074,5911.0,2313.0,1.1714285714285715,5.845724119606496,0.5897435897435898
P01,34,11.75,12.0,11.875,17.893474057151867,10.14,31083,1128,29955,0.036289933404111574,0.9637100665958884,0.31000000000000005,9.910000000000002,0.24998297722507812,6168.0,2570.0,0.8857142857142857,0.8218125945358471,0.6153846153846154
P01,34,12.0,12.25,12.125,17.893474057151867,10.14,25140,661,24479,0.026292760540970565,0.9737072394590295,0.3400000000000001,10.810000000000002,0.5131413057268891,6168.0,2313.0,0.9714285714285714,1.6869388168108506,0.6153846153846154
P01,34,12.25,12.5,12.375,17.893474057151867,10.14,31174,354,30820,0.011355616860204016,0.988644383139796,0.19000000000000003,11.670000000000002,0.45622966187862785,6425.0,2313.0,0.5428571428571428,1.499843254507308,0.6410256410256411
P01,34,12.5,12.75,12.625,17.893474057151867,10.14,36351,198,36153,0.005446892795246348,0.9945531072047537,0.24000000000000005,11.930000000000001,0.5275434195351133,5911.0,2313.0,0.6857142857142857,1.7342853947535581,0.5897435897435898
P01,34,12.75,13.0,12.875,17.893474057151867,10.14,25870,128,25742,0.004947816003092385,0.9950521839969076,0.16000000000000003,12.140000000000002,0.35536071443659356,5397.0,2313.0,0.45714285714285713,1.1682391896001147,0.5384615384615384
P01,34,13.0,13.25,13.125,17.893474057151867,10.14,23128,52,23076,0.002248356969906607,0.9977516430300933,0.08000000000000002,12.120000000000003,0.6109423482901075,5911.0,2313.0,0.22857142857142856,2.0084572235014893,0.5897435897435898
P01,34,13.25,13.5,13.375,17.893474057151867,10.14,33061,0,33061,0.0,1.0,0.0,14.020000000000003,,,2570.0,0.0,,
P01,34,13.5,13.75,13.625,17.893474057151867,10.14,36639,0,36639,0.0,1.0,0.0,15.240000000000004,,,2570.0,0.0,,
P01,34,13.75,14.0,13.875,17.893474057151867,10.14,27901,0,27901,0.0,1.0,0.0,14.900000000000002,,,2570.0,0.0,,
P01,34,14.0,14.25,14.125,17.893474057151867,10.14,28067,1,28066,3.5629030534079165e-05,0.9999643709694659,0.010000000000000002,15.520000000000003,,514.0,2570.0,0.02857142857142857,,0.05128205128205128
P01,34,14.25,14.5,14.375,17.893474057151867,10.14,37301,0,37301,0.0,1.0,0.0,16.650000000000002,,,2827.0,0.0,,
P01,34,14.5,14.75,14.625,17.893474057151867,10.14,28831,5,28826,0.00017342443897193992,0.999826575561028,0.020000000000000004,18.140000000000004,0.11418402020489322,10280.0,2827.0,0.05714285714285714,0.3753770234307904,1.0256410256410255
P01,34,14.75,15.0,14.875,17.893474057151867,10.14,26999,0,26999,0.0,1.0,0.0,18.150000000000002,,,2827.0,0.0,,
P01,34,15.0,15.25,15.125,17.893474057151867,10.14,22867,0,22867,0.0,1.0,0.0,17.030000000000005,,,2827.0,0.0,,
P01,34,15.25,15.5,15.375,17.893474057151867,10.14,13577,0,13577,0.0,1.0,0.0,13.210000000000003,,,2827.0,0.0,,
P01,34,15.5,15.75,15.625,17.893474057151867,10.14,10605,1,10604,9.42951438000943e-05,0.9999057048561999,0.010000000000000002,11.110000000000003,,771.0,2827.0,0.02857142857142857,,0.07692307692307693
P01,34,15.75,16.0,15.875,17.893474057151867,10.14,9927,2,9925,0.00020147073637554144,0.9997985292636244,0.010000000000000002,10.920000000000002,0.0018027758670399597,12593.0,3084.0,0.02857142857142857,0.005926579197929854,1.2564102564102564
P01,34,16.0,16.25,16.125,17.893474057151867,10.14,8100,0,8100,0.0,1.0,0.0,9.990000000000002,,,2827.0,0.0,,
P01,34,16.25,16.5,16.375,17.893474057151867,10.14,5744,0,5744,0.0,1.0,0.0,9.020000000000001,,,2827.0,0.0,,
P01,34,16.5,16.75,16.625,17.893474057151867,10.14,4399,0,4399,0.0,1.0,0.0,8.480000000000002,,,2827.0,0.0,,
P01,34,16.75,17.0,16.875,17.893474057151867,10.14,4683,0,4683,0.0,1.0,0.0,7.500000000000002,,,2827.0,0.0,,
P01,34,17.0,17.25,17.125,17.893474057151867,10.14,4081,0,4081,0.0,1.0,0.0,6.950000000000001,,,2827.0,0.0,,
P01,34,17.25,17.5,17.375,17.893474057151867,10.14,4313,0,4313,0.0,1.0,0.0,6.630000000000002,,,3084.0,0.0,,
P01,34,17.5,17.75,17.625,17.893474057151867,10.14,3923,0,3923,0.0,1.0,0.0,5.810000000000001,,,3341.0,0.0,,
P01,34,17.75,18.0,17.875,17.893474057151867,10.14,6813,0,6813,0.0,1.0,0.0,8.230000000000002,,,3084.0,0.0,,
P01,35,0.0,0.25,0.125,17.538218203719506,11.45,14320,13771,549,0.9616620111731844,0.038337988826815605,0.4700000000000001,0.5800000000000001,0.3690121947956231,10794.0,10794.0,1.620689655172414,1.2469076762376892,1.0
P01,35,0.25,0.5,0.375,17.538218203719506,11.45,14773,14773,0,1.0,0.0,0.29000000000000004,0.29000000000000004,0.3041555517308849,11051.0,11051.0,1.0,1.027754360350067,1.0238095238095237
P01,35,0.5,0.75,0.625,17.538218203719506,11.45,16697,16697,0,1.0,0.0,0.30000000000000004,0.30000000000000004,0.29594187430864843,10537.0,10537.0,1.0344827586206897,1.0,0.9761904761904762
P01,35,0.75,1.0,0.875,17.538218203719506,11.45,16484,16484,0,1.0,0.0,0.29000000000000004,0.29000000000000004,0.2840044790425654,10537.0,10537.0,1.0,0.9596630409469088,0.9761904761904762
P01,35,1.0,1.25,1.125,17.538218203719506,11.45,16086,16086,0,1.0,0.0,0.2700000000000001,0.2700000000000001,0.270933571001888,10794.0,10794.0,0.9310344827586208,0.9154958947084373,1.0
P01,35,1.25,1.5,1.375,17.538218203719506,11.45,15844,15844,0,1.0,0.0,0.29000000000000004,0.29000000000000004,0.2694259644044205,10023.0,10023.0,1.0,0.9104016288125095,0.9285714285714286
P01,35,1.5,1.75,1.625,17.538218203719506,11.45,15080,15080,0,1.0,0.0,0.26000000000000006,0.26000000000000006,0.2515518832195587,10023.0,10023.0,0.8965517241379312,0.850004359157387,0.9285714285714286
P01,35,1.75,2.0,1.875,17.538218203719506,11.45,15081,15081,0,1.0,0.0,0.26000000000000006,0.26000000000000006,0.2523885891139369,10023.0,10023.0,0.8965517241379312,0.8528316234515423,0.9285714285714286
P01,35,2.0,2.25,2.125,17.538218203719506,11.45,14528,14528,0,1.0,0.0,0.2700000000000001,0.2700000000000001,0.24570022264033647,9252.0,9252.0,0.9310344827586208,0.8302313527422175,0.8571428571428571
P01,35,2.25,2.5,2.375,17.538218203719506,11.45,13935,13935,0,1.0,0.0,0.23000000000000004,0.23000000000000004,0.2454116950456914,8738.0,8738.0,0.7931034482758621,0.829256405904028,0.8095238095238095
P01,35,2.5,2.75,2.625,17.538218203719506,11.45,15898,15894,4,0.9997483960246571,0.00025160397534285117,0.29000000000000004,0.30000000000000004,0.26942939555901013,8224.0,8224.0,1.0,0.9104132228277115,0.7619047619047619
P01,35,2.75,3.0,2.875,17.538218203719506,11.45,15766,15763,3,0.9998097171127743,0.00019028288722566788,0.3500000000000001,0.3500000000000001,0.3932989956019516,6682.0,6682.0,1.2068965517241381,1.3289737943328894,0.6190476190476191
P01,35,3.0,3.25,3.125,17.538218203719506,11.45,12778,12778,0,1.0,0.0,0.2700000000000001,0.2700000000000001,0.36112255543160243,7196.0,7196.0,0.9310344827586208,1.220248254070915,0.6666666666666666
P01,35,3.25,3.5,3.375,17.538218203719506,11.45,11044,11044,0,1.0,0.0,0.26000000000000006,0.26000000000000006,0.22853806987370273,7196.0,7196.0,0.8965517241379312,0.772239719058318,0.6666666666666666
P01,35,3.5,3.75,3.625,17.538218203719506,11.45,10933,10933,0,1.0,0.0,0.24000000000000005,0.24000000000000005,0.2343493117438493,6939.0,6939.0,0.8275862068965518,0.7918761489610556,0.6428571428571429
P01,35,3.75,4.0,3.875,17.538218203719506,11.45,12296,12259,37,0.9969908913467794,0.0030091086532205713,0.32000000000000006,0.32000000000000006,0.3722415880526938,6168.0,6168.0,1.103448275862069,1.2578199314385285,0.5714285714285714
P01,35,4.0,4.25,4.125,17.538218203719506,11.45,9531,9524,7,0.9992655545063477,0.0007344454936523137,0.3600000000000001,0.37000000000000005,0.2741617215792146,6425.0,6425.0,1.2413793103448278,0.9264039508423247,0.5952380952380952
P01,35,4.25,4.5,4.375,17.538218203719506,11.45,9784,9691,93,0.990494685200327,0.009505314799672981,0.37000000000000005,0.38000000000000006,0.3600722148006997,5654.0,5654.0,1.2758620689655173,1.2166991090458776,0.5238095238095238
P01,35,4.5,4.75,4.625,17.538218203719506,11.45,6568,6568,0,1.0,0.0,0.2700000000000001,0.2700000000000001,0.22774558093222136,5911.0,5911.0,0.9310344827586208,0.7695618657016996,0.5476190476190477
P01,35,4.75,5.0,4.875,17.538218203719506,11.45,7874,7874,0,1.0,0.0,0.32000000000000006,0.32000000000000006,0.2642086032585641,5654.0,5654.0,1.103448275862069,0.8927719467742893,0.5238095238095238
P01,35,5.0,5.25,5.125,17.538218203719506,11.45,6554,6543,11,0.9983216356423558,0.0016783643576442353,0.31000000000000005,0.32000000000000006,0.3358742317090981,5397.0,5397.0,1.0689655172413794,1.1349331097322266,0.5
P01,35,5.25,5.5,5.375,17.538218203719506,11.45,5956,5936,20,0.9966420416386836,0.00335795836131636,0.28,0.29000000000000004,0.23925142080630948,6168.0,6168.0,0.9655172413793103,0.808440580993231,0.5714285714285714
P01,35,5.5,5.75,5.625,17.538218203719506,11.45,7368,7328,40,0.99457111834962,0.005428881650380024,0.39000000000000007,0.4000000000000001,0.4426606491301237,4883.0,4883.0,1.3448275862068966,1.4957688909831564,0.4523809523809524
P01,35,5.75,6.0,5.875,17.538218203719506,11.45,5347,5347,0,1.0,0.0,0.26000000000000006,0.26000000000000006,0.2222948487687564,5654.0,5654.0,0.8965517241379312,0.7511436132114143,0.5238095238095238
P01,35,6.0,6.25,6.125,17.538218203719506,11.45,5610,5609,1,0.9998217468805705,0.00017825311942953892,0.29000000000000004,0.30000000000000004,0.2489658529091307,5397.0,5397.0,1.0,0.8412660543248275,0.5
P01,35,6.25,6.5,6.375,17.538218203719506,11.45,5105,5105,0,1.0,0.0,0.26000000000000006,0.26000000000000006,0.21221687026809452,5654.0,5654.0,0.8965517241379312,0.7170897013606324,0.5238095238095238
P01,35,6.5,6.75,6.625,17.538218203719506,11.45,4332,4332,0,1.0,0.0,0.25000000000000006,0.25000000000000006,0.21956650315499068,5654.0,5654.0,0.8620689655172414,0.741924419002621,0.5238095238095238
P01,35,6.75,7.0,6.875,17.538218203719506,11.45,4512,4512,0,1.0,0.0,0.28,0.28,0.2143787404859354,5911.0,5911.0,0.9655172413793103,0.7243947514583626,0.5476190476190477
P01,35,7.0,7.25,7.125,17.538218203719506,11.45,4817,4796,21,0.995640440107951,0.0043595598920489476,0.3500000000000001,0.37000000000000005,0.4228096325702888,5654.0,5654.0,1.2068965517241381,1.4286914738173395,0.5238095238095238
P01,35,7.25,7.5,7.375,17.538218203719506,11.45,4887,4817,70,0.9856762840188255,0.014323715981174545,0.4000000000000001,0.45000000000000007,0.7765549435981813,5654.0,5654.0,1.3793103448275863,2.6240117097734004,0.5238095238095238
P01,35,7.5,7.75,7.625,17.538218203719506,11.45,6421,6260,161,0.9749260239838031,0.025073976016196875,0.5100000000000001,0.6000000000000001,0.7498342458730259,4626.0,4626.0,1.7586206896551726,2.5337213519537176,0.42857142857142855
P01,35,7.75,8.0,7.875,17.538218203719506,11.45,5723,4314,1409,0.7538004543071816,0.24619954569281843,0.44000000000000006,0.7000000000000002,1.0534164178273238,5397.0,4112.0,1.5172413793103448,3.559538238001013,0.5
P01,35,8.0,8.25,8.125,17.538218203719506,11.45,7917,5220,2697,0.6593406593406593,0.34065934065934067,0.4600000000000001,0.8600000000000002,0.42581855054872325,4883.0,3598.0,1.5862068965517242,1.4388587338087269,0.4523809523809524
P01,35,8.25,8.5,8.375,17.538218203719506,11.45,4431,3261,1170,0.7359512525389302,0.26404874746106977,0.37000000000000005,0.5400000000000001,0.23379050462407258,6682.0,4883.0,1.2758620689655173,0.7899879162765727,0.6190476190476191
P01,35,8.5,8.75,8.625,17.538218203719506,11.45,8507,7102,1405,0.8348418949100741,0.1651581050899259,0.7200000000000002,1.0000000000000002,1.1988846683548229,5140.0,4369.0,2.4827586206896557,4.051081554969348,0.47619047619047616
P01,35,8.75,9.0,8.875,17.538218203719506,11.45,11115,8960,2155,0.8061178587494376,0.19388214125056236,1.3100000000000003,1.7900000000000003,2.168726258249938,5140.0,4369.0,4.517241379310345,7.328216945696894,0.47619047619047616
P01,35,9.0,9.25,9.125,17.538218203719506,11.45,11269,8372,2897,0.7429230632709202,0.25707693672907983,0.8900000000000001,1.5500000000000003,1.2824605246534377,4883.0,3855.0,3.0689655172413794,4.3334878771360135,0.4523809523809524
P01,35,9.25,9.5,9.375,17.538218203719506,11.45,9235,5767,3468,0.6244721169463996,0.3755278830536004,0.56,1.4200000000000004,1.4131507705500075,5654.0,3855.0,1.9310344827586206,4.775095696921151,0.5238095238095238
P01,35,9.5,9.75,9.625,17.538218203719506,11.45,13168,5435,7733,0.4127430133657351,0.587256986634265,0.7000000000000002,2.5200000000000005,1.7431681182348657,5140.0,2827.0,2.4137931034482762,5.890238149998512,0.47619047619047616
P01,35,9.75,10.0,9.875,17.538218203719506,11.45,19753,3694,16059,0.18700956816686073,0.8129904318331392,0.4100000000000001,3.0700000000000007,1.4244393455319766,5911.0,2570.0,1.413793103448276,4.813240265033861,0.5476190476190477
P01,35,10.0,10.25,10.125,17.538218203719506,11.45,17569,3418,14151,0.1945472138425636,0.8054527861574364,0.4900000000000001,3.2000000000000006,0.7756490181211981,6168.0,2570.0,1.6896551724137931,2.6209505496077443,0.5714285714285714
P01,35,10.25,10.5,10.375,17.538218203719506,11.45,11966,3644,8322,0.30452950025071035,0.6954704997492897,0.6100000000000001,2.5400000000000005,1.6625313094271559,5654.0,3084.0,2.103448275862069,5.617762992516707,0.5238095238095238
P01,35,10.5,10.75,10.625,17.538218203719506,11.45,12752,4405,8347,0.34543601003764113,0.6545639899623589,0.7500000000000001,3.0000000000000004,1.0565658659333976,5140.0,3341.0,2.586206896551724,3.57018035518511,0.47619047619047616
P01,35,10.75,11.0,10.875,17.538218203719506,11.45,13127,4073,9054,0.31027652929077476,0.6897234707092252,0.8100000000000002,3.460000000000001,1.2905606521477084,5654.0,3084.0,2.793103448275862,4.360858547519153,0.5238095238095238
P01,35,11.0,11.25,11.125,17.538218203719506,11.45,15121,2172,12949,0.14364129356524039,0.8563587064347596,0.5300000000000001,3.690000000000001,1.6567971449096444,5654.0,2570.0,1.827586206896552,5.598387010219821,0.5238095238095238
P01,35,11.25,11.5,11.375,17.538218203719506,11.45,20372,2227,18145,0.10931670920871785,0.8906832907912822,0.4700000000000001,4.880000000000001,0.36684424285890715,5654.0,2570.0,1.620689655172414,1.2395820757569174,0.5238095238095238
P01,35,11.5,11.75,11.625,17.538218203719506,11.45,16671,1924,14747,0.11540999340171555,0.8845900065982845,0.4100000000000001,4.670000000000001,0.6884346440148753,5654.0,2570.0,1.413793103448276,2.3262495232319913,0.5238095238095238
P01,35,11.75,12.0,11.875,17.538218203719506,11.45,12928,3451,9477,0.2669399752475248,0.7330600247524752,0.5200000000000001,3.960000000000001,0.6646019269868713,5654.0,2570.0,1.7931034482758623,2.2457177732602114,0.5238095238095238
P01,35,12.0,12.25,12.125,17.538218203719506,11.45,14967,1788,13179,0.1194628182000401,0.8805371817999599,0.4100000000000001,4.550000000000001,0.9954373746754352,6168.0,2570.0,1.413793103448276,3.3636246205471343,0.5714285714285714
P01,35,12.25,12.5,12.375,17.538218203719506,11.45,15893,661,15232,0.0415906373875291,0.9584093626124709,0.2700000000000001,5.950000000000001,0.4022735388520859,6682.0,2570.0,0.9310344827586208,1.3592991522130469,0.6190476190476191
P01,35,12.5,12.75,12.625,17.538218203719506,11.45,21986,1234,20752,0.05612662603474938,0.9438733739652506,0.3500000000000001,7.600000000000001,0.681227313731737,6168.0,2056.0,1.2068965517241381,2.3018956520538234,0.5714285714285714
P01,35,12.75,13.0,12.875,17.538218203719506,11.45,22018,790,21228,0.03587973476246707,0.9641202652375329,0.2700000000000001,8.000000000000002,1.4418077884609901,5911.0,2056.0,0.9310344827586208,4.871928961824702,0.5476190476190477
P01,35,13.0,13.25,13.125,17.538218203719506,11.45,24661,571,24090,0.023153967803414298,0.9768460321965857,0.30000000000000004,7.860000000000001,1.4612259840596544,6168.0,2056.0,1.0344827586206897,4.937543858817659,0.5714285714285714
P01,35,13.25,13.5,13.375,17.538218203719506,11.45,24872,392,24480,0.01576069475715664,0.9842393052428433,0.22000000000000003,7.4300000000000015,0.6723290844397573,7453.0,2570.0,0.7586206896551724,2.271828162237565,0.6904761904761905
P01,35,13.5,13.75,13.625,17.538218203719506,11.45,19515,91,19424,0.00466307968229567,0.9953369203177044,0.16000000000000003,6.460000000000001,1.134048614684868,7453.0,2570.0,0.5517241379310345,3.831997811509864,0.6904761904761905
P01,35,13.75,14.0,13.875,17.538218203719506,11.45,19001,340,18661,0.017893795063417716,0.9821062049365823,0.16000000000000003,7.320000000000001,0.4679700252083646,6939.0,3084.0,0.5517241379310345,1.5812903337913642,0.6428571428571429
P01,35,14.0,14.25,14.125,17.538218203719506,11.45,27566,271,27295,0.009830951171733295,0.9901690488282667,0.25000000000000006,11.000000000000002,1.7343704794614003,5140.0,3084.0,0.8620689655172414,5.86051055976135,0.47619047619047616
P01,35,14.25,14.5,14.375,17.538218203719506,11.45,31992,71,31921,0.0022193048262065516,0.9977806951737934,0.12000000000000002,13.820000000000002,1.9137946212619164,4883.0,2827.0,0.4137931034482759,6.466792256867141,0.4523809523809524
P01,35,14.5,14.75,14.625,17.538218203719506,11.45,38907,0,38907,0.0,1.0,0.0,15.890000000000002,,,2570.0,0.0,,
P01,35,14.75,15.0,14.875,17.538218203719506,11.45,17883,1,17882,5.59190292456523e-05,0.9999440809707544,0.010000000000000002,12.720000000000002,,514.0,2827.0,0.034482758620689655,,0.047619047619047616
P01,35,15.0,15.25,15.125,17.538218203719506,11.45,12650,1,12649,7.905138339920949e-05,0.9999209486166007,0.010000000000000002,9.420000000000002,,12850.0,2827.0,0.034482758620689655,,1.1904761904761905
P01,35,15.25,15.5,15.375,17.538218203719506,11.45,8798,9,8789,0.0010229597635826324,0.9989770402364173,0.030000000000000006,9.440000000000001,1.583483216340184,8995.0,2827.0,0.10344827586206898,5.35065617205868,0.8333333333333334
P01,35,15.5,15.75,15.625,17.538218203719506,11.45,14775,12,14763,0.0008121827411167512,0.9991878172588833,0.05000000000000001,9.220000000000002,0.8071011356505458,6039.5,3084.0,0.1724137931034483,2.727228573300144,0.5595238095238095
P01,35,15.75,16.0,15.875,17.538218203719506,11.45,12209,8,12201,0.0006552543205831763,0.9993447456794168,0.010000000000000002,10.630000000000003,0.030642391803425425,6039.5,3084.0,0.034482758620689655,0.10354192651854117,0.5595238095238095
P01,35,16.0,16.25,16.125,17.538218203719506,11.45,8980,37,8943,0.004120267260579065,0.995879732739421,0.07,9.590000000000002,0.15798141491136097,9766.0,3084.0,0.24137931034482757,0.5338258240082526,0.9047619047619048
P01,35,16.25,16.5,16.375,17.538218203719506,11.45,5407,33,5374,0.006103199556130942,0.9938968004438691,0.07,8.190000000000001,0.3594125957458834,7967.0,3084.0,0.24137931034482757,1.2144702286065778,0.7380952380952381
P01,35,16.5,16.75,16.625,17.538218203719506,11.45,4121,4,4117,0.000970638194612958,0.999029361805387,0.030000000000000006,7.150000000000001,0.10160860961056563,8866.5,3084.0,0.10344827586206898,0.3433397515912005,0.8214285714285714
P01,35,16.75,17.0,16.875,17.538218203719506,11.45,3314,1,3313,0.00030175015087507544,0.9996982498491249,0.010000000000000002,6.510000000000002,,22873.0,3084.0,0.034482758620689655,,2.119047619047619
P01,35,17.0,17.25,17.125,17.538218203719506,11.45,2325,0,2325,0.0,1.0,0.0,4.730000000000001,,,3084.0,0.0,,
P01,35,17.25,17.5,17.375,17.538218203719506,11.45,1866,0,1866,0.0,1.0,0.0,4.030000000000001,,,3084.0,0.0,,
P01,35,17.5,17.75,17.625,17.538218203719506,11.45,4819,0,4819,0.0,1.0,0.0,6.370000000000001,,,3341.0,0.0,,
P01,36,0.0,0.25,0.125,17.67739654590521,12.07,29859,28761,1098,0.9632271676881342,0.03677283231186579,0.4600000000000001,0.4700000000000001,0.32869438720886873,14135.0,14135.0,1.642857142857143,1.2177107213268554,0.9649122807017544
P01,36,0.25,0.5,0.375,17.67739654590521,12.07,29011,28889,122,0.9957946985626142,0.004205301437385844,0.31000000000000005,0.3400000000000001,0.2786682611019921,15163.0,15163.0,1.1071428571428572,1.0323794455966038,1.0350877192982457
P01,36,0.5,0.75,0.625,17.67739654590521,12.07,29551,29551,0,1.0,0.0,0.26000000000000006,0.26000000000000006,0.2653346940914769,14649.0,14649.0,0.9285714285714287,0.9829827167990507,1.0
P01,36,0.75,1.0,0.875,17.67739654590521,12.07,28650,28650,0,1.0,0.0,0.28,0.28,0.2699281376538371,14649.0,14649.0,1.0,1.0,1.0
P01,36,1.0,1.25,1.125,17.67739654590521,12.07,29944,29944,0,1.0,0.0,0.28,0.28,0.264195192947514,13364.0,13364.0,1.0,0.9787612186111727,0.9122807017543859
P01,36,1.25,1.5,1.375,17.67739654590521,12.07,28105,28105,0,1.0,0.0,0.25000000000000006,0.25000000000000006,0.2632466525526842,13107.0,13107.0,0.892857142857143,0.975247170749863,0.8947368421052632
P01,36,1.5,1.75,1.625,17.67739654590521,12.07,25069,25069,0,1.0,0.0,0.26000000000000006,0.26000000000000006,0.262294870142438,12336.0,12336.0,0.9285714285714287,0.9717211122273285,0.8421052631578947
P01,36,1.75,2.0,1.875,17.67739654590521,12.07,21530,21530,0,1.0,0.0,0.22000000000000003,0.22000000000000003,0.25742095890714944,11822.0,11822.0,0.7857142857142857,0.9536647833182652,0.8070175438596491
P01,36,2.0,2.25,2.125,17.67739654590521,12.07,19347,19347,0,1.0,0.0,0.24000000000000005,0.24000000000000005,0.2515330994759031,11308.0,11308.0,0.8571428571428572,0.9318520909386472,0.7719298245614035
P01,36,2.25,2.5,2.375,17.67739654590521,12.07,18024,18024,0,1.0,0.0,0.23000000000000004,0.23000000000000004,0.249126072417439,10794.0,10794.0,0.8214285714285715,0.9229348025100103,0.7368421052631579
P01,36,2.5,2.75,2.625,17.67739654590521,12.07,16571,16571,0,1.0,0.0,0.23000000000000004,0.23000000000000004,0.2472933477143417,10280.0,10280.0,0.8214285714285715,0.916145126120483,0.7017543859649122
P01,36,2.75,3.0,2.875,17.67739654590521,12.07,13995,13995,0,1.0,0.0,0.26000000000000006,0.26000000000000006,0.2435793507140899,9252.0,9252.0,0.9285714285714287,0.9023859195682016,0.631578947368421
P01,36,3.0,3.25,3.125,17.67739654590521,12.07,13577,13577,0,1.0,0.0,0.24000000000000005,0.24000000000000005,0.2429588441191216,8995.0,8995.0,0.8571428571428572,0.9000871351570556,0.6140350877192983
P01,36,3.25,3.5,3.375,17.67739654590521,12.07,11452,11452,0,1.0,0.0,0.25000000000000006,0.25000000000000006,0.23890625674493024,8738.0,8738.0,0.892857142857143,0.8850735563230161,0.5964912280701754
P01,36,3.5,3.75,3.625,17.67739654590521,12.07,10753,10753,0,1.0,0.0,0.22000000000000003,0.22000000000000003,0.24052276377162152,8224.0,8224.0,0.7857142857142857,0.8910622133068402,0.5614035087719298
P01,36,3.75,4.0,3.875,17.67739654590521,12.07,9101,9101,0,1.0,0.0,0.23000000000000004,0.23000000000000004,0.234610315416436,7710.0,7710.0,0.8214285714285715,0.8691584265931787,0.5263157894736842
P01,36,4.0,4.25,4.125,17.67739654590521,12.07,7982,7982,0,1.0,0.0,0.22000000000000003,0.22000000000000003,0.2257271582176928,6939.0,6939.0,0.7857142857142857,0.8362490853294117,0.47368421052631576
P01,36,4.25,4.5,4.375,17.67739654590521,12.07,7143,7143,0,1.0,0.0,0.23000000000000004,0.23000000000000004,0.22701982372321916,6682.0,6682.0,0.8214285714285715,0.8410380099549136,0.45614035087719296
P01,36,4.5,4.75,4.625,17.67739654590521,12.07,7118,7118,0,1.0,0.0,0.23000000000000004,0.23000000000000004,0.22332386295180243,6425.0,6425.0,0.8214285714285715,0.8273456220344052,0.43859649122807015
P01,36,4.75,5.0,4.875,17.67739654590521,12.07,6576,6574,2,0.9996958637469586,0.00030413625304137604,0.24000000000000005,0.24000000000000005,0.2982230708440485,5654.0,5654.0,0.8571428571428572,1.1048239484632667,0.38596491228070173
P01,36,5.0,5.25,5.125,17.67739654590521,12.07,5572,5572,0,1.0,0.0,0.26000000000000006,0.26000000000000006,0.2255335605126831,5654.0,5654.0,0.9285714285714287,0.8355318658994834,0.38596491228070173
P01,36,5.25,5.5,5.375,17.67739654590521,12.07,5867,5858,9,0.998465996250213,0.0015340037497869607,0.31000000000000005,0.33000000000000007,0.26188690311536816,5654.0,5654.0,1.1071428571428572,0.9702097209710636,0.38596491228070173
P01,36,5.5,5.75,5.625,17.67739654590521,12.07,5022,4972,50,0.9900438072481084,0.009956192751891635,0.2700000000000001,0.28,0.2179320992117819,5654.0,5654.0,0.9642857142857144,0.8073708102682637,0.38596491228070173
P01,36,5.75,6.0,5.875,17.67739654590521,12.07,4433,4433,0,1.0,0.0,0.21000000000000005,0.21000000000000005,0.21742400912018225,5654.0,5654.0,0.7500000000000001,0.8054884941228783,0.38596491228070173
P01,36,6.0,6.25,6.125,17.67739654590521,12.07,5059,4946,113,0.9776635698754694,0.02233643012453057,0.26000000000000006,0.28,0.25676350925856695,4883.0,4883.0,0.9285714285714287,0.9512291363557184,0.3333333333333333
P01,36,6.25,6.5,6.375,17.67739654590521,12.07,3859,3859,0,1.0,0.0,0.22000000000000003,0.22000000000000003,0.20680666473280485,5654.0,5654.0,0.7857142857142857,0.7661545273876528,0.38596491228070173
P01,36,6.5,6.75,6.625,17.67739654590521,12.07,4342,4342,0,1.0,0.0,0.26000000000000006,0.26000000000000006,0.2233725574250413,5654.0,5654.0,0.9285714285714287,0.8275260199494285,0.38596491228070173
P01,36,6.75,7.0,6.875,17.67739654590521,12.07,4014,4014,0,1.0,0.0,0.30000000000000004,0.30000000000000004,0.2814385980209638,5397.0,5397.0,1.0714285714285714,1.0426426843350731,0.3684210526315789
P01,36,7.0,7.25,7.125,17.67739654590521,12.07,3913,3909,4,0.9989777664196269,0.001022233580373122,0.29000000000000004,0.29000000000000004,0.355080487073565,5140.0,5140.0,1.0357142857142858,1.3154630345685914,0.3508771929824561
P01,36,7.25,7.5,7.375,17.67739654590521,12.07,4604,4125,479,0.8959600347523893,0.10403996524761072,0.31000000000000005,0.37000000000000005,0.3877065831664324,4112.0,3855.0,1.1071428571428572,1.4363325977658448,0.2807017543859649
P01,36,7.5,7.75,7.625,17.67739654590521,12.07,3653,3636,17,0.9953462907199562,0.004653709280043827,0.30000000000000004,0.3400000000000001,0.2150354620950245,5397.0,5397.0,1.0714285714285714,0.7966396684838821,0.3684210526315789
P01,36,7.75,8.0,7.875,17.67739654590521,12.07,3895,3878,17,0.995635430038511,0.00436456996148904,0.37000000000000005,0.38000000000000006,0.31328931946578154,4883.0,4883.0,1.3214285714285714,1.160639725035083,0.3333333333333333
P01,36,8.0,8.25,8.125,17.67739654590521,12.07,4430,4176,254,0.9426636568848759,0.057336343115124144,0.45000000000000007,0.5300000000000001,0.5992889296337178,4369.0,4112.0,1.6071428571428572,2.2201795442395174,0.2982456140350877
P01,36,8.25,8.5,8.375,17.67739654590521,12.07,4228,4206,22,0.9947965941343425,0.005203405865657484,0.4000000000000001,0.4300000000000001,0.7950043451581021,5140.0,5140.0,1.4285714285714286,2.9452444345673827,0.3508771929824561
P01,36,8.5,8.75,8.625,17.67739654590521,12.07,3226,3109,117,0.9637321760694358,0.03626782393056416,0.37000000000000005,0.4600000000000001,0.32196210479831217,5397.0,5397.0,1.3214285714285714,1.192769703806147,0.3684210526315789
P01,36,8.75,9.0,8.875,17.67739654590521,12.07,4851,4238,613,0.8736343022057308,0.1263656977942692,0.45000000000000007,0.5200000000000001,0.668291670840593,4626.0,4112.0,1.6071428571428572,2.4758132910827833,0.3157894736842105
P01,36,9.0,9.25,9.125,17.67739654590521,12.07,3037,2675,362,0.8808034244320053,0.11919657556799468,0.3400000000000001,0.44000000000000006,0.407341122910262,5911.0,5397.0,1.2142857142857144,1.5090724755514258,0.40350877192982454
P01,36,9.25,9.5,9.375,17.67739654590521,12.07,2576,2316,260,0.8990683229813664,0.10093167701863359,0.26000000000000006,0.39000000000000007,0.21950397048901474,6168.0,5654.0,0.9285714285714287,0.8131941056493798,0.42105263157894735
P01,36,9.5,9.75,9.625,17.67739654590521,12.07,3087,3002,85,0.9724651765468092,0.027534823453190804,0.32000000000000006,0.44000000000000006,0.2679809633580083,5911.0,5654.0,1.142857142857143,0.9927863233794251,0.40350877192982454
P01,36,9.75,10.0,9.875,17.67739654590521,12.07,5815,4232,1583,0.7277730008598452,0.2722269991401548,0.7000000000000002,1.1300000000000001,0.7320968350889565,4369.0,3598.0,2.5000000000000004,2.7121916279354936,0.2982456140350877
P01,36,10.0,10.25,10.125,17.67739654590521,12.07,6849,3921,2928,0.5724923346473938,0.4275076653526062,0.6300000000000001,1.4700000000000002,1.242594866086906,4369.0,3341.0,2.25,4.603428441685624,0.2982456140350877
P01,36,10.25,10.5,10.375,17.67739654590521,12.07,5391,2240,3151,0.4155073270265257,0.5844926729734743,0.31000000000000005,1.1100000000000003,1.3691870276670344,5654.0,3341.0,1.1071428571428572,5.072413122869449,0.38596491228070173
P01,36,10.5,10.75,10.625,17.67739654590521,12.07,7040,287,6753,0.04076704545454545,0.9592329545454545,0.3500000000000001,1.5200000000000002,2.4887887744502106,3598.0,3084.0,1.2500000000000002,9.220190218338402,0.24561403508771928
P01,36,10.75,11.0,10.875,17.67739654590521,12.07,7347,163,7184,0.022185926228392543,0.9778140737716075,0.18000000000000005,2.0200000000000005,2.6950924296353183,3855.0,3341.0,0.642857142857143,9.9844812514195,0.2631578947368421
P01,36,11.0,11.25,11.125,17.67739654590521,12.07,9572,164,9408,0.01713330547430004,0.9828666945257,0.19000000000000003,2.7700000000000005,0.6256230695304129,4369.0,3084.0,0.6785714285714286,2.3177393619213134,0.2982456140350877
P01,36,11.25,11.5,11.375,17.67739654590521,12.07,15756,53,15703,0.003363797918253364,0.9966362020817466,0.10000000000000002,4.000000000000001,1.4640565993455985,4112.0,2570.0,0.35714285714285715,5.423875450965927,0.2807017543859649
P01,36,11.5,11.75,11.625,17.67739654590521,12.07,10297,148,10149,0.014373118383995338,0.9856268816160046,0.12000000000000002,3.4300000000000006,1.9551131773316193,1799.0,2313.0,0.4285714285714286,7.2430877133635745,0.12280701754385964
P01,36,11.75,12.0,11.875,17.67739654590521,12.07,9962,98,9864,0.009837382051796828,0.9901626179482031,0.08000000000000002,3.3500000000000005,0.10722209031959522,1285.0,2570.0,0.28571428571428575,0.39722457707280456,0.08771929824561403
P01,36,12.0,12.25,12.125,17.67739654590521,12.07,10853,313,10540,0.028839952086980557,0.9711600479130195,0.3400000000000001,3.9700000000000006,2.7149505460589123,1799.0,2570.0,1.2142857142857144,10.058049411434965,0.12280701754385964
P01,36,12.25,12.5,12.375,17.67739654590521,12.07,10107,127,9980,0.01256554862966261,0.9874344513703374,0.16000000000000003,3.7200000000000006,1.4923326346058559,1542.0,2570.0,0.5714285714285715,5.528629388462133,0.10526315789473684
P01,36,12.5,12.75,12.625,17.67739654590521,12.07,10560,28,10532,0.0026515151515151517,0.9973484848484848,0.10000000000000002,4.0200000000000005,0.39763088036058647,6682.0,2570.0,0.35714285714285715,1.4730990396804007,0.45614035087719296
P01,36,12.75,13.0,12.875,17.67739654590521,12.07,12586,27,12559,0.0021452407436834578,0.9978547592563165,0.030000000000000006,4.660000000000001,0.07326242344725846,5397.0,2570.0,0.10714285714285715,0.2714145479016793,0.3684210526315789
P01,36,13.0,13.25,13.125,17.67739654590521,12.07,13586,17,13569,0.001251288090681584,0.9987487119093185,0.09000000000000002,5.530000000000001,0.9379038625127253,4626.0,2570.0,0.3214285714285715,3.4746428092484294,0.3157894736842105
P01,36,13.25,13.5,13.375,17.67739654590521,12.07,20015,1,20014,4.996252810392206e-05,0.999950037471896,0.010000000000000002,7.200000000000001,,2056.0,2570.0,0.03571428571428572,,0.14035087719298245
P01,36,13.5,13.75,13.625,17.67739654590521,12.07,30424,0,30424,0.0,1.0,0.0,9.430000000000001,,,2313.0,0.0,,
P01,36,13.75,14.0,13.875,17.67739654590521,12.07,32955,0,32955,0.0,1.0,0.0,10.860000000000003,,,2313.0,0.0,,
P01,36,14.0,14.25,14.125,17.67739654590521,12.07,26119,2,26117,7.657260997741108e-05,0.9999234273900226,0.020000000000000004,12.150000000000002,0.030647186176720433,642.5,2313.0,0.07142857142857144,0.11353831594994067,0.043859649122807015
P01,36,14.25,14.5,14.375,17.67739654590521,12.07,26548,0,26548,0.0,1.0,0.0,12.750000000000002,,,2313.0,0.0,,
P01,36,14.5,14.75,14.625,17.67739654590521,12.07,26900,0,26900,0.0,1.0,0.0,12.360000000000003,,,2570.0,0.0,,
P01,36,14.75,15.0,14.875,17.67739654590521,12.07,18109,0,18109,0.0,1.0,0.0,10.920000000000002,,,2827.0,0.0,,
P01,36,15.0,15.25,15.125,17.67739654590521,12.07,14321,1,14320,6.982752601075344e-05,0.9999301724739893,0.010000000000000002,9.880000000000003,,514.0,2570.0,0.03571428571428572,,0.03508771929824561
P01,36,15.25,15.5,15.375,17.67739654590521,12.07,13168,0,13168,0.0,1.0,0.0,8.840000000000002,,,2570.0,0.0,,
P01,36,15.5,15.75,15.625,17.67739654590521,12.07,9154,0,9154,0.0,1.0,0.0,8.190000000000001,,,2570.0,0.0,,
P01,36,15.75,16.0,15.875,17.67739654590521,12.07,7026,0,7026,0.0,1.0,0.0,7.880000000000002,,,2570.0,0.0,,
P01,36,16.0,16.25,16.125,17.67739654590521,12.07,7686,0,7686,0.0,1.0,0.0,9.220000000000002,,,2827.0,0.0,,
P01,36,16.25,16.5,16.375,17.67739654590521,12.07,5411,1,5410,0.00018480872297172427,0.9998151912770282,0.010000000000000002,8.670000000000002,,257.0,2570.0,0.03571428571428572,,0.017543859649122806
P01,36,16.5,16.75,16.625,17.67739654590521,12.07,4047,0,4047,0.0,1.0,0.0,7.110000000000001,,,2570.0,0.0,,
P01,36,16.75,17.0,16.875,17.67739654590521,12.07,3647,0,3647,0.0,1.0,0.0,6.1400000000000015,,,2313.0,0.0,,
P01,36,17.0,17.25,17.125,17.67739654590521,12.07,3048,0,3048,0.0,1.0,0.0,5.700000000000001,,,2570.0,0.0,,
P01,36,17.25,17.5,17.375,17.67739654590521,12.07,2358,0,2358,0.0,1.0,0.0,5.140000000000001,,,2570.0,0.0,,
P01,36,17.5,17.75,17.625,17.67739654590521,12.07,5252,0,5252,0.0,1.0,0.0,8.450000000000001,,,2570.0,0.0,,
P01,37,0.0,0.25,0.125,18.58584035158437,10.87,5634,5360,274,0.9513667021654242,0.04863329783457582,0.3500000000000001,0.38000000000000006,0.3396797017847373,9509.0,9252.0,1.2962962962962963,1.1949069481870833,0.9736842105263158
P01,37,0.25,0.5,0.375,18.58584035158437,10.87,8949,8941,8,0.9991060453681976,0.0008939546318024183,0.29000000000000004,0.31000000000000005,0.30223335379883215,10280.0,10280.0,1.074074074074074,1.0631802033816335,1.0526315789473684
P01,37,0.5,0.75,0.625,18.58584035158437,10.87,8559,8559,0,1.0,0.0,0.25000000000000006,0.25000000000000006,0.2842729321309081,9509.0,9509.0,0.9259259259259259,1.0,0.9736842105263158
P01,37,0.75,1.0,0.875,18.58584035158437,10.87,9133,9133,0,1.0,0.0,0.2700000000000001,0.2700000000000001,0.2782211348840444,9766.0,9766.0,1.0,0.9787113138014953,1.0
P01,37,1.0,1.25,1.125,18.58584035158437,10.87,9072,9072,0,1.0,0.0,0.23000000000000004,0.23000000000000004,0.2740245422419477,10280.0,10280.0,0.8518518518518517,0.9639487663769515,1.0526315789473684
P01,37,1.25,1.5,1.375,18.58584035158437,10.87,7370,7370,0,1.0,0.0,0.24000000000000005,0.24000000000000005,0.2666927066128053,9509.0,9509.0,0.8888888888888888,0.9381572301438568,0.9736842105263158
P01,37,1.5,1.75,1.625,18.58584035158437,10.87,7476,7476,0,1.0,0.0,0.25000000000000006,0.25000000000000006,0.2486131523610698,7710.0,7710.0,0.9259259259259259,0.8745579485794415,0.7894736842105263
P01,37,1.75,2.0,1.875,18.58584035158437,10.87,7441,7441,0,1.0,0.0,0.26000000000000006,0.26000000000000006,0.22100904963101262,7967.0,7967.0,0.9629629629629629,0.7774537236954999,0.8157894736842105
P01,37,2.0,2.25,2.125,18.58584035158437,10.87,7547,7547,0,1.0,0.0,0.24000000000000005,0.24000000000000005,0.2315774172426863,8738.0,8738.0,0.8888888888888888,0.8146305577065796,0.8947368421052632
P01,37,2.25,2.5,2.375,18.58584035158437,10.87,7691,7691,0,1.0,0.0,0.26000000000000006,0.26000000000000006,0.20256110150047496,9252.0,9252.0,0.9629629629629629,0.7125585259985122,0.9473684210526315
P01,37,2.5,2.75,2.625,18.58584035158437,10.87,7217,7217,0,1.0,0.0,0.23000000000000004,0.23000000000000004,0.2151287991122708,8481.0,8481.0,0.8518518518518517,0.7567684953318161,0.868421052631579
P01,37,2.75,3.0,2.875,18.58584035158437,10.87,9467,8998,469,0.9504594908629977,0.04954050913700225,0.31000000000000005,0.4700000000000001,0.240441261514091,7710.0,7453.0,1.1481481481481481,0.84581131137511,0.7894736842105263
P01,37,3.0,3.25,3.125,18.58584035158437,10.87,9107,8867,240,0.9736466454375755,0.02635335456242449,0.3500000000000001,0.4300000000000001,0.29680734464549224,7453.0,7196.0,1.2962962962962963,1.044092880812205,0.7631578947368421
P01,37,3.25,3.5,3.375,18.58584035158437,10.87,9436,9436,0,1.0,0.0,0.39000000000000007,0.39000000000000007,0.32606019410621867,7710.0,7710.0,1.4444444444444442,1.1469969780874794,0.7894736842105263
P01,37,3.5,3.75,3.625,18.58584035158437,10.87,9265,9239,26,0.9971937398812736,0.0028062601187264224,0.3600000000000001,0.3600000000000001,0.3713840329548066,7710.0,7710.0,1.3333333333333333,1.3064347356989434,0.7894736842105263
P01,37,3.75,4.0,3.875,18.58584035158437,10.87,8565,8561,4,0.9995329830706363,0.0004670169293636839,0.3600000000000001,0.38000000000000006,0.45721985982752344,7453.0,7453.0,1.3333333333333333,1.6083833814222348,0.7631578947368421
P01,37,4.0,4.25,4.125,18.58584035158437,10.87,8789,8782,7,0.9992035498919103,0.000796450108089708,0.3500000000000001,0.3500000000000001,0.290899896113387,7710.0,7710.0,1.2962962962962963,1.0233119767429253,0.7894736842105263
P01,37,4.25,4.5,4.375,18.58584035158437,10.87,8198,8190,8,0.9990241522322517,0.0009758477677482835,0.33000000000000007,0.33000000000000007,0.25411808203476177,7453.0,7453.0,1.222222222222222,0.8939228935020096,0.7631578947368421
P01,37,4.5,4.75,4.625,18.58584035158437,10.87,6808,6808,0,1.0,0.0,0.25000000000000006,0.25000000000000006,0.24289298041841853,7196.0,7196.0,0.9259259259259259,0.8544358360034291,0.7368421052631579
P01,37,4.75,5.0,4.875,18.58584035158437,10.87,7282,7256,26,0.996429552320791,0.003570447679208999,0.28,0.30000000000000004,0.24763581982584104,7196.0,7196.0,1.0370370370370368,0.8711199408595272,0.7368421052631579
P01,37,5.0,5.25,5.125,18.58584035158437,10.87,7772,7756,16,0.997941327843541,0.0020586721564590515,0.4200000000000001,0.44000000000000006,0.29967315454123283,6425.0,6425.0,1.5555555555555556,1.054174072413032,0.6578947368421053
P01,37,5.25,5.5,5.375,18.58584035158437,10.87,7438,7412,26,0.996504436676526,0.0034955633234740047,0.3400000000000001,0.3600000000000001,0.2655733416790601,6425.0,6168.0,1.2592592592592593,0.9342195885071576,0.6578947368421053
P01,37,5.5,5.75,5.625,18.58584035158437,10.87,7969,7966,3,0.9996235412222362,0.00037645877776382175,0.4200000000000001,0.4200000000000001,0.3969839399964898,5654.0,5654.0,1.5555555555555556,1.3964887090047606,0.5789473684210527
P01,37,5.75,6.0,5.875,18.58584035158437,10.87,8333,8326,7,0.9991599663986559,0.0008400336013441034,0.5200000000000001,0.5400000000000001,0.49740275079508106,5654.0,5654.0,1.9259259259259258,1.7497365896448642,0.5789473684210527
P01,37,6.0,6.25,6.125,18.58584035158437,10.87,7138,7131,7,0.9990193331465397,0.0009806668534603213,0.5300000000000001,0.5500000000000002,0.5932495261944821,5397.0,5397.0,1.962962962962963,2.086901210563691,0.5526315789473685
P01,37,6.25,6.5,6.375,18.58584035158437,10.87,7227,7210,17,0.9976477099764771,0.002352290023522885,0.5000000000000001,0.5200000000000001,0.7263038244721092,6168.0,6168.0,1.8518518518518519,2.554952450195452,0.631578947368421
P01,37,6.5,6.75,6.625,18.58584035158437,10.87,7774,7629,145,0.9813480833547723,0.018651916645227695,0.56,0.5900000000000001,0.5047217052552558,5654.0,5654.0,2.0740740740740735,1.7754828131959843,0.5789473684210527
P01,37,6.75,7.0,6.875,18.58584035158437,10.87,8076,7770,306,0.962109955423477,0.03789004457652301,0.6300000000000001,0.7200000000000002,0.6974831687999259,5397.0,5397.0,2.333333333333333,2.453568700936795,0.5526315789473685
P01,37,7.0,7.25,7.125,18.58584035158437,10.87,9682,9574,108,0.9888452799008469,0.011154720099153081,0.8300000000000002,0.9200000000000002,0.891060239076546,5140.0,4883.0,3.074074074074074,3.1345236860828223,0.5263157894736842
P01,37,7.25,7.5,7.375,18.58584035158437,10.87,9669,8469,1200,0.8758920260626746,0.12410797393732542,0.9100000000000001,1.1300000000000001,1.0124442704758159,4883.0,4626.0,3.37037037037037,3.561521889849097,0.5
P01,37,7.5,7.75,7.625,18.58584035158437,10.87,10619,7782,2837,0.7328373669837085,0.2671626330162915,0.8500000000000002,1.3500000000000003,1.50766895927167,4626.0,3855.0,3.148148148148148,5.303596610377897,0.47368421052631576
P01,37,7.75,8.0,7.875,18.58584035158437,10.87,11495,6099,5396,0.5305785123966942,0.4694214876033058,0.6200000000000001,1.5500000000000003,1.071315029214936,5397.0,3598.0,2.2962962962962963,3.7686142721516447,0.5526315789473685
P01,37,8.0,8.25,8.125,18.58584035158437,10.87,10690,8292,2398,0.7756782039289055,0.22432179607109448,0.8000000000000002,1.3700000000000003,1.5366809985188237,4369.0,3855.0,2.962962962962963,5.405653598462128,0.4473684210526316
P01,37,8.25,8.5,8.375,18.58584035158437,10.87,6532,5873,659,0.8991120636864667,0.10088793631353332,0.7900000000000001,1.0800000000000003,1.4389713265329895,4883.0,4626.0,2.9259259259259256,5.0619357803307885,0.5
P01,37,8.5,8.75,8.625,18.58584035158437,10.87,8243,7648,595,0.9278175421569816,0.07218245784301835,0.9700000000000002,1.1000000000000003,2.372405645956556,4626.0,4369.0,3.5925925925925926,8.345520722543009,0.47368421052631576
P01,37,8.75,9.0,8.875,18.58584035158437,10.87,8496,8137,359,0.9577448210922788,0.042255178907721236,1.1900000000000002,1.2500000000000002,2.340717191850653,4112.0,3855.0,4.4074074074074066,8.234048786511792,0.42105263157894735
P01,37,9.0,9.25,9.125,18.58584035158437,10.87,4245,3923,322,0.9241460541813898,0.07585394581861016,0.6100000000000001,0.7300000000000001,0.9508888474177557,4883.0,4626.0,2.259259259259259,3.3449855400931034,0.5
P01,37,9.25,9.5,9.375,18.58584035158437,10.87,4409,4088,321,0.9271943751417555,0.07280562485824449,0.4900000000000001,0.6400000000000001,0.4083162876095228,5654.0,5397.0,1.8148148148148147,1.4363530306905639,0.5789473684210527
P01,37,9.5,9.75,9.625,18.58584035158437,10.87,5745,4250,1495,0.7397737162750218,0.26022628372497825,0.7100000000000002,1.0600000000000003,0.5762731490773852,4883.0,4112.0,2.6296296296296298,2.0271826260687056,0.5
P01,37,9.75,10.0,9.875,18.58584035158437,10.87,11373,7222,4151,0.6350127494944166,0.36498725050558345,0.9300000000000002,1.8200000000000003,0.7613834438834294,4369.0,3598.0,3.444444444444444,2.6783536447740697,0.4473684210526316
P01,37,10.0,10.25,10.125,18.58584035158437,10.87,10712,4653,6059,0.4343726661687827,0.5656273338312173,0.9000000000000001,1.9300000000000004,0.9346596687630722,4883.0,3598.0,3.333333333333333,3.287895410079564,0.5
P01,37,10.25,10.5,10.375,18.58584035158437,10.87,8047,6183,1864,0.7683608798309929,0.23163912016900712,1.1700000000000002,1.7700000000000002,1.2869051995057088,4369.0,3855.0,4.333333333333333,4.527005754149984,0.4473684210526316
P01,37,10.5,10.75,10.625,18.58584035158437,10.87,8203,2607,5596,0.31781055711325124,0.6821894428867488,0.7600000000000001,1.8200000000000003,0.954455527268961,4369.0,3341.0,2.8148148148148144,3.3575322142504684,0.4473684210526316
P01,37,10.75,11.0,10.875,18.58584035158437,10.87,7062,81,6981,0.011469838572642312,0.9885301614273577,0.04000000000000001,1.7900000000000003,0.09775479516072025,5397.0,4369.0,0.14814814814814814,0.3438765500040786,0.5526315789473685
P01,37,11.0,11.25,11.125,18.58584035158437,10.87,9262,237,9025,0.025588425825955517,0.9744115741740444,0.21000000000000005,2.2100000000000004,0.6074009333550461,5140.0,3598.0,0.7777777777777778,2.13668226799496,0.5263157894736842
P01,37,11.25,11.5,11.375,18.58584035158437,10.87,9011,417,8594,0.04627677283320386,0.9537232271667961,0.21000000000000005,2.6900000000000004,1.2338317759320432,5140.0,3341.0,0.7777777777777778,4.34030692504998,0.5263157894736842
P01,37,11.5,11.75,11.625,18.58584035158437,10.87,10755,335,10420,0.03114830311483031,0.9688516968851697,0.28,3.4100000000000006,1.6416992680845859,4883.0,3598.0,1.0370370370370368,5.775081207269431,0.5
P01,37,11.75,12.0,11.875,18.58584035158437,10.87,15258,186,15072,0.01219032638615808,0.9878096736138419,0.31000000000000005,4.250000000000001,1.3238373630689169,5011.5,3084.0,1.1481481481481481,4.656923728704807,0.5131578947368421
P01,37,12.0,12.25,12.125,18.58584035158437,10.87,14292,101,14191,0.007066890568150014,0.99293310943185,0.15000000000000002,4.410000000000001,3.1480006353100634,4112.0,3084.0,0.5555555555555555,11.073866976052452,0.42105263157894735
P01,37,12.25,12.5,12.375,18.58584035158437,10.87,16406,108,16298,0.006582957454589785,0.9934170425454102,0.21000000000000005,6.000000000000001,2.3641006706110694,4626.0,2827.0,0.7777777777777778,8.316305927862304,0.47368421052631576
P01,37,12.5,12.75,12.625,18.58584035158437,10.87,19156,10,19146,0.0005220296512841929,0.9994779703487158,0.05000000000000001,7.1800000000000015,1.9706037283543036,2827.0,2570.0,0.18518518518518517,6.93208359157754,0.2894736842105263
P01,37,12.75,13.0,12.875,18.58584035158437,10.87,20866,174,20692,0.008338924566280072,0.99166107543372,0.24000000000000005,7.920000000000002,3.0565699125724373,3084.0,2570.0,0.8888888888888888,10.75223690718778,0.3157894736842105
P01,37,13.0,13.25,13.125,18.58584035158437,10.87,18956,81,18875,0.004273053386790462,0.9957269466132095,0.17000000000000004,7.750000000000002,3.6243159354119285,2313.0,2313.0,0.6296296296296297,12.749423268139106,0.23684210526315788
P01,37,13.25,13.5,13.375,18.58584035158437,10.87,17237,0,17237,0.0,1.0,0.0,8.040000000000001,,,2313.0,0.0,,
P01,37,13.5,13.75,13.625,18.58584035158437,10.87,19437,4,19433,0.00020579307506302414,0.9997942069249369,0.020000000000000004,9.040000000000001,0.13538060699971977,2441.5,2313.0,0.07407407407407407,0.47623460307989085,0.25
P01,37,13.75,14.0,13.875,18.58584035158437,10.87,17226,0,17226,0.0,1.0,0.0,8.590000000000002,,,2313.0,0.0,,
P01,37,14.0,14.25,14.125,18.58584035158437,10.87,18069,1,18068,5.534340583319497e-05,0.9999446565941668,0.010000000000000002,8.940000000000001,,2570.0,2313.0,0.037037037037037035,,0.2631578947368421
P01,37,14.25,14.5,14.375,18.58584035158437,10.87,21877,1,21876,4.5710106504548156e-05,0.9999542898934954,0.010000000000000002,9.730000000000002,,11308.0,2570.0,0.037037037037037035,,1.1578947368421053
P01,37,14.5,14.75,14.625,18.58584035158437,10.87,18327,1,18326,5.456430403230207e-05,0.9999454356959677,0.010000000000000002,10.360000000000001,,3341.0,2313.0,0.037037037037037035,,0.34210526315789475
P01,37,14.75,15.0,14.875,18.58584035158437,10.87,16830,58,16772,0.0034462269756387405,0.9965537730243612,0.08000000000000002,10.730000000000002,0.11663588083935464,2313.0,2313.0,0.2962962962962963,0.4102954156241779,0.23684210526315788
P01,37,15.0,15.25,15.125,18.58584035158437,10.87,15551,4,15547,0.0002572181853257025,0.9997427818146744,0.020000000000000004,11.360000000000003,0.010999583548020391,899.5,2313.0,0.07407407407407407,0.03869374219194062,0.09210526315789473
P01,37,15.25,15.5,15.375,18.58584035158437,10.87,13090,0,13090,0.0,1.0,0.0,10.680000000000001,,,2313.0,0.0,,
P01,37,15.5,15.75,15.625,18.58584035158437,10.87,10118,0,10118,0.0,1.0,0.0,9.970000000000002,,,2313.0,0.0,,
P01,37,15.75,16.0,15.875,18.58584035158437,10.87,10877,0,10877,0.0,1.0,0.0,9.770000000000001,,,2313.0,0.0,,
P01,37,16.0,16.25,16.125,18.58584035158437,10.87,9011,0,9011,0.0,1.0,0.0,10.070000000000002,,,2313.0,0.0,,
P01,37,16.25,16.5,16.375,18.58584035158437,10.87,10261,6,10255,0.0005847383295975051,0.9994152616704025,0.020000000000000004,10.250000000000002,0.04445088649196495,2441.5,2570.0,0.07407407407407407,0.15636693285836745,0.25
P01,37,16.5,16.75,16.625,18.58584035158437,10.87,8927,0,8927,0.0,1.0,0.0,10.290000000000003,,,2570.0,0.0,,
P01,37,16.75,17.0,16.875,18.58584035158437,10.87,8086,0,8086,0.0,1.0,0.0,10.780000000000003,,,2570.0,0.0,,
P01,37,17.0,17.25,17.125,18.58584035158437,10.87,8233,0,8233,0.0,1.0,0.0,10.780000000000003,,,3084.0,0.0,,
P01,37,17.25,17.5,17.375,18.58584035158437,10.87,5730,0,5730,0.0,1.0,0.0,10.510000000000002,,,2827.0,0.0,,
P01,37,17.5,17.75,17.625,18.58584035158437,10.87,4493,0,4493,0.0,1.0,0.0,8.940000000000001,,,2827.0,0.0,,
P01,37,17.75,18.0,17.875,18.58584035158437,10.87,3125,0,3125,0.0,1.0,0.0,7.360000000000001,,,2827.0,0.0,,
P01,37,18.0,18.25,18.125,18.58584035158437,10.87,3674,0,3674,0.0,1.0,0.0,8.090000000000002,,,2827.0,0.0,,
P01,37,18.25,18.5,18.375,18.58584035158437,10.87,2233,0,2233,0.0,1.0,0.0,6.070000000000001,,,2827.0,0.0,,
P01,37,18.5,18.75,18.625,18.58584035158437,10.87,4450,0,4450,0.0,1.0,0.0,8.200000000000001,,,3084.0,0.0,,
P01,38,0.0,0.25,0.125,18.197832820243097,10.88,7069,5611,1458,0.7937473475739143,0.2062526524260857,0.4600000000000001,0.6600000000000001,0.3348118838786584,8224.0,7453.0,1.4838709677419355,1.421356089599646,0.8888888888888888
P01,38,0.25,0.5,0.375,18.197832820243097,10.88,5285,5283,2,0.9996215704824977,0.0003784295175023322,0.31000000000000005,0.32000000000000006,0.24524966843453508,9766.0,9766.0,1.0,1.0411431806526152,1.0555555555555556
P01,38,0.5,0.75,0.625,18.197832820243097,10.88,5237,5237,0,1.0,0.0,0.31000000000000005,0.31000000000000005,0.23555806059336265,9766.0,9766.0,1.0,1.0,1.0555555555555556
P01,38,0.75,1.0,0.875,18.197832820243097,10.88,5371,5371,0,1.0,0.0,0.29000000000000004,0.29000000000000004,0.23552387725483825,8995.0,8995.0,0.9354838709677419,0.9998548835966883,0.9722222222222222
P01,38,1.0,1.25,1.125,18.197832820243097,10.88,5429,5429,0,1.0,0.0,0.31000000000000005,0.31000000000000005,0.23278702705588725,9252.0,9252.0,1.0,0.9882363034807841,1.0
P01,38,1.25,1.5,1.375,18.197832820243097,10.88,5354,5354,0,1.0,0.0,0.29000000000000004,0.29000000000000004,0.22177848738410852,9509.0,9509.0,0.9354838709677419,0.9415024339453981,1.0277777777777777
P01,38,1.5,1.75,1.625,18.197832820243097,10.88,5475,5475,0,1.0,0.0,0.26000000000000006,0.26000000000000006,0.21883783970567885,9252.0,9252.0,0.8387096774193549,0.9290186850512943,1.0
P01,38,1.75,2.0,1.875,18.197832820243097,10.88,5310,5310,0,1.0,0.0,0.26000000000000006,0.26000000000000006,0.22831436245860115,8995.0,8995.0,0.8387096774193549,0.9692487783414634,0.9722222222222222
P01,38,2.0,2.25,2.125,18.197832820243097,10.88,5402,5402,0,1.0,0.0,0.28,0.28,0.22242234593189072,8481.0,8481.0,0.9032258064516129,0.9442357666369662,0.9166666666666666
P01,38,2.25,2.5,2.375,18.197832820243097,10.88,5665,5665,0,1.0,0.0,0.30000000000000004,0.30000000000000004,0.22451236008345743,8481.0,8481.0,0.967741935483871,0.9531083738672262,0.9166666666666666
P01,38,2.5,2.75,2.625,18.197832820243097,10.88,5582,5582,0,1.0,0.0,0.29000000000000004,0.29000000000000004,0.21876414246907888,8481.0,8481.0,0.9354838709677419,0.9287058227513826,0.9166666666666666
P01,38,2.75,3.0,2.875,18.197832820243097,10.88,6285,6283,2,0.9996817820206841,0.00031821797931586016,0.31000000000000005,0.32000000000000006,0.2169852470123549,8224.0,8224.0,1.0,0.9211539883873068,0.8888888888888888
P01,38,3.0,3.25,3.125,18.197832820243097,10.88,6327,6323,4,0.999367788841473,0.000632211158526963,0.30000000000000004,0.30000000000000004,0.2074709616960578,8481.0,8481.0,0.967741935483871,0.8807635840329369,0.9166666666666666
P01,38,3.25,3.5,3.375,18.197832820243097,10.88,6060,5968,92,0.9848184818481848,0.015181518151815232,0.29000000000000004,0.32000000000000006,0.22650639616419538,8481.0,8481.0,0.9354838709677419,0.9615735313562761,0.9166666666666666
P01,38,3.5,3.75,3.625,18.197832820243097,10.88,6377,6340,37,0.9941978986984475,0.005802101301552454,0.30000000000000004,0.3500000000000001,0.25324355842091373,8481.0,8481.0,0.967741935483871,1.0750791451712665,0.9166666666666666
P01,38,3.75,4.0,3.875,18.197832820243097,10.88,5903,5885,18,0.9969507030323564,0.0030492969676435555,0.29000000000000004,0.30000000000000004,0.21268285885107097,8481.0,8481.0,0.9354838709677419,0.9028893272228943,0.9166666666666666
P01,38,4.0,4.25,4.125,18.197832820243097,10.88,5937,5937,0,1.0,0.0,0.2700000000000001,0.2700000000000001,0.20047193820710055,8481.0,8481.0,0.870967741935484,0.8510510644472052,0.9166666666666666
P01,38,4.25,4.5,4.375,18.197832820243097,10.88,5678,5678,0,1.0,0.0,0.31000000000000005,0.31000000000000005,0.2059478073256002,8481.0,8481.0,1.0,0.8742974314138295,0.9166666666666666
P01,38,4.5,4.75,4.625,18.197832820243097,10.88,6456,6425,31,0.9951982651796778,0.004801734820322201,0.4200000000000001,0.4300000000000001,0.29625663993863566,7710.0,7710.0,1.3548387096774195,1.2576799078425733,0.8333333333333334
P01,38,4.75,5.0,4.875,18.197832820243097,10.88,6089,6051,38,0.99375923797011,0.00624076202988999,0.38000000000000006,0.4000000000000001,0.3620676169026536,8481.0,8481.0,1.2258064516129032,1.5370631596754436,0.9166666666666666
P01,38,5.0,5.25,5.125,18.197832820243097,10.88,6511,6204,307,0.9528490247273844,0.04715097527261558,0.32000000000000006,0.4000000000000001,0.23926533046175366,8224.0,7967.0,1.032258064516129,1.015738242448815,0.8888888888888888
P01,38,5.25,5.5,5.375,18.197832820243097,10.88,7066,6442,624,0.9116897820549108,0.0883102179450892,0.4300000000000001,0.56,0.36436959220077353,7453.0,6939.0,1.3870967741935485,1.5468355923925468,0.8055555555555556
P01,38,5.5,5.75,5.625,18.197832820243097,10.88,7150,7047,103,0.9855944055944056,0.014405594405594413,0.44000000000000006,0.5000000000000001,0.5070658421213903,7453.0,7196.0,1.4193548387096773,2.1526151168170977,0.8055555555555556
P01,38,5.75,6.0,5.875,18.197832820243097,10.88,7352,6678,674,0.9083242655059848,0.09167573449401523,0.4800000000000001,0.5700000000000001,0.6555348958100371,7453.0,7196.0,1.5483870967741935,2.7829015664281123,0.8055555555555556
P01,38,6.0,6.25,6.125,18.197832820243097,10.88,6531,6166,365,0.9441126933088347,0.05588730669116526,0.30000000000000004,0.4000000000000001,0.26619165440524467,7967.0,7710.0,0.967741935483871,1.130046892620516,0.8611111111111112
P01,38,6.25,6.5,6.375,18.197832820243097,10.88,6065,5839,226,0.9627370156636439,0.03726298433635611,0.38000000000000006,0.4200000000000001,0.28584786178107696,7710.0,7453.0,1.2258064516129032,1.2134921686018132,0.8333333333333334
P01,38,6.5,6.75,6.625,18.197832820243097,10.88,5290,5269,21,0.9960302457466919,0.003969754253308144,0.26000000000000006,0.31000000000000005,0.23251709423485217,7967.0,7967.0,0.8387096774193549,0.9870903744458993,0.8611111111111112
P01,38,6.75,7.0,6.875,18.197832820243097,10.88,5434,5297,137,0.9747883695252116,0.02521163047478836,0.3600000000000001,0.4000000000000001,0.28800868001714053,7967.0,7710.0,1.1612903225806452,1.222665356013106,0.8611111111111112
P01,38,7.0,7.25,7.125,18.197832820243097,10.88,7676,7581,95,0.9876237623762376,0.012376237623762387,0.7300000000000001,0.7600000000000001,0.6367770412614914,6425.0,6425.0,2.354838709677419,2.703270011892066,0.6944444444444444
P01,38,7.25,7.5,7.375,18.197832820243097,10.88,6386,6286,100,0.9843407453805199,0.015659254619480145,0.6500000000000001,0.7100000000000002,0.7761456020289352,6682.0,6425.0,2.096774193548387,3.2949227042957103,0.7222222222222222
P01,38,7.5,7.75,7.625,18.197832820243097,10.88,7314,6578,736,0.89937106918239,0.10062893081761004,0.6600000000000001,0.8200000000000002,0.960288442991379,6939.0,6425.0,2.129032258064516,4.076652866696413,0.75
P01,38,7.75,8.0,7.875,18.197832820243097,10.88,8198,7839,359,0.9562088314222981,0.04379116857770193,0.8500000000000002,0.9700000000000002,1.0576632263763295,5654.0,5654.0,2.741935483870968,4.490031984947202,0.6111111111111112
P01,38,8.0,8.25,8.125,18.197832820243097,10.88,7816,7020,796,0.898157625383828,0.10184237461617196,0.8300000000000002,0.9600000000000002,1.0380625446975602,6682.0,6168.0,2.67741935483871,4.406822428757973,0.7222222222222222
P01,38,8.25,8.5,8.375,18.197832820243097,10.88,7773,6556,1217,0.8434323941849994,0.15656760581500062,0.6800000000000002,0.9800000000000002,0.7778984503741985,6682.0,5911.0,2.1935483870967745,3.3023639624757437,0.7222222222222222
P01,38,8.5,8.75,8.625,18.197832820243097,10.88,10816,6956,3860,0.6431213017751479,0.3568786982248521,0.8300000000000002,1.4800000000000002,1.0204336085354133,6939.0,5140.0,2.67741935483871,4.331983401310811,0.75
P01,38,8.75,9.0,8.875,18.197832820243097,10.88,13273,9962,3311,0.7505462216529797,0.24945377834702032,1.4000000000000004,2.2200000000000006,1.1221060767342088,5654.0,4883.0,4.516129032258065,4.763607213897339,0.6111111111111112
P01,38,9.0,9.25,9.125,18.197832820243097,10.88,11377,7707,3670,0.6774193548387096,0.32258064516129037,1.2100000000000002,2.3000000000000003,1.6445596975304813,5397.0,4369.0,3.903225806451613,6.981547111518459,0.5833333333333334
P01,38,9.25,9.5,9.375,18.197832820243097,10.88,12551,6252,6299,0.4981276392319337,0.5018723607680663,0.9900000000000002,2.4600000000000004,2.0530871402560216,6682.0,4112.0,3.1935483870967745,8.715843283326267,0.7222222222222222
P01,38,9.5,9.75,9.625,18.197832820243097,10.88,12088,4047,8041,0.33479483785572467,0.6652051621442754,0.5500000000000002,2.7200000000000006,0.8254682137222561,7196.0,3855.0,1.774193548387097,3.504308923426055,0.7777777777777778
P01,38,9.75,10.0,9.875,18.197832820243097,10.88,13410,4780,8630,0.3564504101416853,0.6435495898583147,0.6600000000000001,3.0200000000000005,0.7541488873091408,7196.0,3598.0,2.129032258064516,3.201541417896996,0.7777777777777778
P01,38,10.0,10.25,10.125,18.197832820243097,10.88,15091,5172,9919,0.34272082698296996,0.65727917301703,0.9500000000000002,3.0000000000000004,1.2425596948601034,6168.0,3341.0,3.064516129032258,5.274961475443202,0.6666666666666666
P01,38,10.25,10.5,10.375,18.197832820243097,10.88,14174,6595,7579,0.46528855651192325,0.5347114434880768,1.0200000000000002,2.6900000000000004,1.1284679435474771,5397.0,3598.0,3.2903225806451615,4.790614851832729,0.5833333333333334
P01,38,10.5,10.75,10.625,18.197832820243097,10.88,12900,6022,6878,0.4668217054263566,0.5331782945736434,1.2300000000000002,3.0000000000000004,1.1945037045182427,5397.0,3598.0,3.967741935483871,5.070952365244174,0.5833333333333334
P01,38,10.75,11.0,10.875,18.197832820243097,10.88,14588,3620,10968,0.24814916369618864,0.7518508363038113,0.9000000000000001,3.4500000000000006,1.277447493578044,5654.0,3341.0,2.903225806451613,5.4230684798482285,0.6111111111111112
P01,38,11.0,11.25,11.125,18.197832820243097,10.88,14354,120,14234,0.008360039013515397,0.9916399609864845,0.14,3.960000000000001,1.1791865585634163,3855.0,3598.0,0.45161290322580644,5.005927437138368,0.4166666666666667
P01,38,11.25,11.5,11.375,18.197832820243097,10.88,21927,66,21861,0.0030099876864140103,0.996990012313586,0.12000000000000002,5.650000000000001,0.6663981458951628,6939.0,3084.0,0.3870967741935484,2.8290186471077607,0.75
P01,38,11.5,11.75,11.625,18.197832820243097,10.88,25051,277,24774,0.011057442816654026,0.988942557183346,0.26000000000000006,7.030000000000001,2.6039562483652077,5654.0,3084.0,0.8387096774193549,11.054413683853278,0.6111111111111112
P01,38,11.75,12.0,11.875,18.197832820243097,10.88,32961,19,32942,0.0005764388216376931,0.9994235611783623,0.04000000000000001,9.160000000000002,0.2271119780325656,7710.0,2570.0,0.12903225806451613,0.9641443704387714,0.8333333333333334
P01,38,12.0,12.25,12.125,18.197832820243097,10.88,31646,48,31598,0.0015167793718005435,0.9984832206281995,0.09000000000000002,9.790000000000003,0.7402493036489813,6425.0,2570.0,0.2903225806451613,3.142534378931117,0.6944444444444444
P01,38,12.25,12.5,12.375,18.197832820243097,10.88,30100,115,29985,0.0038205980066445184,0.9961794019933555,0.15000000000000002,10.060000000000002,0.1753244010146494,3598.0,2570.0,0.4838709677419355,0.7442937871580929,0.3888888888888889
P01,38,12.5,12.75,12.625,18.197832820243097,10.88,28969,28,28941,0.0009665504504815492,0.9990334495495184,0.11000000000000001,9.880000000000003,1.9347720712787393,2827.0,2570.0,0.3548387096774193,8.213567671618263,0.3055555555555556
P01,38,12.75,13.0,12.875,18.197832820243097,10.88,24442,39,24403,0.001595614106865232,0.9984043858931347,0.05000000000000001,9.820000000000002,0.47210113519351604,6168.0,2570.0,0.16129032258064516,2.004181618766556,0.6666666666666666
P01,38,13.0,13.25,13.125,18.197832820243097,10.88,30191,10,30181,0.0003312245371137094,0.9996687754628862,0.030000000000000006,9.540000000000003,0.4981363771167777,7710.0,2570.0,0.0967741935483871,2.114707413798489,0.8333333333333334
P01,38,13.25,13.5,13.375,18.197832820243097,10.88,26164,5,26159,0.00019110227793915304,0.9998088977220608,0.04000000000000001,9.840000000000002,1.327804784941139,8224.0,2570.0,0.12903225806451613,5.636847160298588,0.8888888888888888
P01,38,13.5,13.75,13.625,18.197832820243097,10.88,21834,0,21834,0.0,1.0,0.0,10.160000000000002,,,2827.0,0.0,,
P01,38,13.75,14.0,13.875,18.197832820243097,10.88,22807,0,22807,0.0,1.0,0.0,10.730000000000002,,,2827.0,0.0,,
P01,38,14.0,14.25,14.125,18.197832820243097,10.88,27360,0,27360,0.0,1.0,0.0,13.010000000000003,,,2827.0,0.0,,
P01,38,14.25,14.5,14.375,18.197832820243097,10.88,24477,1,24476,4.085467990358296e-05,0.9999591453200964,0.010000000000000002,13.860000000000003,,4626.0,2827.0,0.03225806451612903,,0.5
P01,38,14.5,14.75,14.625,18.197832820243097,10.88,26170,0,26170,0.0,1.0,0.0,14.410000000000002,,,2827.0,0.0,,
P01,38,14.75,15.0,14.875,18.197832820243097,10.88,21921,18,21903,0.0008211304228821678,0.9991788695771179,0.05000000000000001,14.030000000000003,2.061851554879346,8095.5,2827.0,0.16129032258064516,8.753050308215363,0.875
P01,38,15.0,15.25,15.125,18.197832820243097,10.88,17363,0,17363,0.0,1.0,0.0,14.200000000000003,,,2827.0,0.0,,
P01,38,15.25,15.5,15.375,18.197832820243097,10.88,19166,1,19165,5.2175727851403525e-05,0.9999478242721486,0.010000000000000002,15.550000000000002,,13107.0,2827.0,0.03225806451612903,,1.4166666666666667
P01,38,15.5,15.75,15.625,18.197832820243097,10.88,17223,1,17222,5.806189397898159e-05,0.999941938106021,0.010000000000000002,16.070000000000004,,4112.0,2827.0,0.03225806451612903,,0.4444444444444444
P01,38,15.75,16.0,15.875,18.197832820243097,10.88,12282,0,12282,0.0,1.0,0.0,15.120000000000003,,,2827.0,0.0,,
P01,38,16.0,16.25,16.125,18.197832820243097,10.88,10798,0,10798,0.0,1.0,0.0,14.340000000000003,,,2827.0,0.0,,
P01,38,16.25,16.5,16.375,18.197832820243097,10.88,7428,0,7428,0.0,1.0,0.0,12.220000000000002,,,2570.0,0.0,,
P01,38,16.5,16.75,16.625,18.197832820243097,10.88,6587,0,6587,0.0,1.0,0.0,11.030000000000003,,,2827.0,0.0,,
P01,38,16.75,17.0,16.875,18.197832820243097,10.88,6843,0,6843,0.0,1.0,0.0,10.270000000000001,,,3084.0,0.0,,
P01,38,17.0,17.25,17.125,18.197832820243097,10.88,4905,0,4905,0.0,1.0,0.0,8.800000000000002,,,2827.0,0.0,,
P01,38,17.25,17.5,17.375,18.197832820243097,10.88,3434,0,3434,0.0,1.0,0.0,7.620000000000002,,,2827.0,0.0,,
P01,38,17.5,17.75,17.625,18.197832820243097,10.88,3250,0,3250,0.0,1.0,0.0,7.480000000000001,,,2827.0,0.0,,
P01,38,17.75,18.0,17.875,18.197832820243097,10.88,2362,0,2362,0.0,1.0,0.0,5.460000000000001,,,2827.0,0.0,,
P01,38,18.0,18.25,18.125,18.197832820243097,10.88,5561,0,5561,0.0,1.0,0.0,9.210000000000003,,,3341.0,0.0,,
P01,39,0.0,0.25,0.125,17.992912064319494,10.67,6041,6039,2,0.9996689289852674,0.00033107101473262013,0.4300000000000001,0.4300000000000001,0.33444491033823665,8481.0,8481.0,1.5925925925925926,1.44536421043221,0.9428571428571428
P01,39,0.25,0.5,0.375,17.992912064319494,10.67,5832,5832,0,1.0,0.0,0.28,0.28,0.26939302139673493,9509.0,9509.0,1.0370370370370368,1.1642306987816133,1.0571428571428572
P01,39,0.5,0.75,0.625,17.992912064319494,10.67,5906,5906,0,1.0,0.0,0.2700000000000001,0.2700000000000001,0.23139144301783074,8995.0,8995.0,1.0,1.0,1.0
P01,39,0.75,1.0,0.875,17.992912064319494,10.67,6030,6029,1,0.9998341625207297,0.00016583747927034764,0.2700000000000001,0.2700000000000001,0.2166868706279306,8738.0,8738.0,1.0,0.9364515290707314,0.9714285714285714
P01,39,1.0,1.25,1.125,17.992912064319494,10.67,6313,6313,0,1.0,0.0,0.25000000000000006,0.25000000000000006,0.21737111095971218,9509.0,9509.0,0.9259259259259259,0.9394085975035897,1.0571428571428572
P01,39,1.25,1.5,1.375,17.992912064319494,10.67,6964,6964,0,1.0,0.0,0.26000000000000006,0.26000000000000006,0.23200183173154287,9766.0,9766.0,0.9629629629629629,1.002637905299139,1.0857142857142856
P01,39,1.5,1.75,1.625,17.992912064319494,10.67,7209,7209,0,1.0,0.0,0.23000000000000004,0.23000000000000004,0.2267672813190302,9766.0,9766.0,0.8518518518518517,0.9800158483023756,1.0857142857142856
P01,39,1.75,2.0,1.875,17.992912064319494,10.67,6484,6484,0,1.0,0.0,0.23000000000000004,0.23000000000000004,0.2110913309955059,9509.0,9509.0,0.8518518518518517,0.9122693918255199,1.0571428571428572
P01,39,2.0,2.25,2.125,17.992912064319494,10.67,6412,6412,0,1.0,0.0,0.22000000000000003,0.22000000000000003,0.2062367566342143,9252.0,9252.0,0.8148148148148147,0.8912894701050893,1.0285714285714285
P01,39,2.25,2.5,2.375,17.992912064319494,10.67,6472,6472,0,1.0,0.0,0.22000000000000003,0.22000000000000003,0.20309197407556123,9252.0,9252.0,0.8148148148148147,0.8776987231109977,1.0285714285714285
P01,39,2.5,2.75,2.625,17.992912064319494,10.67,6542,6542,0,1.0,0.0,0.23000000000000004,0.23000000000000004,0.2070745028381133,8738.0,8738.0,0.8518518518518517,0.8949099419469734,0.9714285714285714
P01,39,2.75,3.0,2.875,17.992912064319494,10.67,6526,6526,0,1.0,0.0,0.26000000000000006,0.26000000000000006,0.222158726131143,8738.0,8738.0,0.9629629629629629,0.9600991429662492,0.9714285714285714
P01,39,3.0,3.25,3.125,17.992912064319494,10.67,6655,6655,0,1.0,0.0,0.28,0.28,0.2277555709614057,8224.0,8224.0,1.0370370370370368,0.9842869208601424,0.9142857142857143
P01,39,3.25,3.5,3.375,17.992912064319494,10.67,8001,8001,0,1.0,0.0,0.3400000000000001,0.3400000000000001,0.2623375691923918,7967.0,7967.0,1.2592592592592593,1.1337392851306796,0.8857142857142857
P01,39,3.5,3.75,3.625,17.992912064319494,10.67,7352,7347,5,0.9993199129488575,0.0006800870511425305,0.38000000000000006,0.38000000000000006,0.36583137580420644,7196.0,7196.0,1.4074074074074072,1.5810065015066954,0.8
P01,39,3.75,4.0,3.875,17.992912064319494,10.67,7470,7455,15,0.9979919678714859,0.002008032128514081,0.37000000000000005,0.37000000000000005,0.5875876862819023,6939.0,6939.0,1.3703703703703702,2.539366532394301,0.7714285714285715
P01,39,4.0,4.25,4.125,17.992912064319494,10.67,5256,5247,9,0.9982876712328768,0.001712328767123239,0.26000000000000006,0.26000000000000006,0.20092709965670447,7196.0,7196.0,0.9629629629629629,0.8683428264943284,0.8
P01,39,4.25,4.5,4.375,17.992912064319494,10.67,6279,6279,0,1.0,0.0,0.29000000000000004,0.29000000000000004,0.24768286173074344,7196.0,7196.0,1.074074074074074,1.0704063145137883,0.8
P01,39,4.5,4.75,4.625,17.992912064319494,10.67,5509,5506,3,0.999455436558359,0.0005445634416409995,0.3400000000000001,0.3500000000000001,0.3429051797430511,6425.0,6425.0,1.2592592592592593,1.4819267958695745,0.7142857142857143
P01,39,4.75,5.0,4.875,17.992912064319494,10.67,4911,4894,17,0.9965383832213398,0.0034616167786601926,0.28,0.29000000000000004,0.2546556339648771,6939.0,6939.0,1.0370370370370368,1.1005404117094064,0.7714285714285715
P01,39,5.0,5.25,5.125,17.992912064319494,10.67,6014,6014,0,1.0,0.0,0.3400000000000001,0.3400000000000001,0.3663527561257084,7453.0,7453.0,1.2592592592592593,1.5832597409294764,0.8285714285714286
P01,39,5.25,5.5,5.375,17.992912064319494,10.67,6760,6760,0,1.0,0.0,0.4600000000000001,0.4600000000000001,0.4559820684401652,6168.0,6168.0,1.7037037037037035,1.9706090358969228,0.6857142857142857
P01,39,5.5,5.75,5.625,17.992912064319494,10.67,5954,5954,0,1.0,0.0,0.39000000000000007,0.39000000000000007,0.32284477010579166,6168.0,6168.0,1.4444444444444442,1.395232104935331,0.6857142857142857
P01,39,5.75,6.0,5.875,17.992912064319494,10.67,4759,4759,0,1.0,0.0,0.3600000000000001,0.3600000000000001,0.3628432156705398,5911.0,5911.0,1.3333333333333333,1.5680926266689108,0.6571428571428571
P01,39,6.0,6.25,6.125,17.992912064319494,10.67,4325,4325,0,1.0,0.0,0.30000000000000004,0.30000000000000004,0.4588125911700533,6682.0,6682.0,1.111111111111111,1.9828416521638519,0.7428571428571429
P01,39,6.25,6.5,6.375,17.992912064319494,10.67,5076,5076,0,1.0,0.0,0.4800000000000001,0.4800000000000001,1.2256352432579645,6168.0,6168.0,1.7777777777777777,5.2968045286079075,0.6857142857142857
P01,39,6.5,6.75,6.625,17.992912064319494,10.67,6967,6966,1,0.9998564661977896,0.0001435338022104382,0.5800000000000001,0.5800000000000001,0.9945875979235115,4626.0,4626.0,2.148148148148148,4.298290312519767,0.5142857142857142
P01,39,6.75,7.0,6.875,17.992912064319494,10.67,4903,4857,46,0.9906179889863349,0.009382011013665092,0.3600000000000001,0.3600000000000001,0.2577834645177083,6425.0,6425.0,1.3333333333333333,1.1140578975422346,0.7142857142857143
P01,39,7.0,7.25,7.125,17.992912064319494,10.67,6407,6407,0,1.0,0.0,0.4700000000000001,0.4700000000000001,0.4550843549640132,5911.0,5911.0,1.7407407407407405,1.9667294046346606,0.6571428571428571
P01,39,7.25,7.5,7.375,17.992912064319494,10.67,7777,7776,1,0.9998714157129999,0.00012858428700013302,0.7200000000000002,0.7300000000000001,0.7579703159285538,5397.0,5397.0,2.6666666666666665,3.2757059035676854,0.6
P01,39,7.5,7.75,7.625,17.992912064319494,10.67,6964,6951,13,0.9981332567489948,0.0018667432510052206,0.8200000000000002,0.8300000000000002,1.1166623736621546,5397.0,5397.0,3.0370370370370368,4.825858549903706,0.6
P01,39,7.75,8.0,7.875,17.992912064319494,10.67,6220,6218,2,0.9996784565916399,0.0003215434083601032,0.5000000000000001,0.5000000000000001,1.090293828581648,5654.0,5654.0,1.8518518518518519,4.711902109956725,0.6285714285714286
P01,39,8.0,8.25,8.125,17.992912064319494,10.67,6276,6267,9,0.998565965583174,0.001434034416825991,0.6900000000000002,0.6900000000000002,1.4754685813927257,5397.0,5397.0,2.5555555555555554,6.376504516111376,0.6
P01,39,8.25,8.5,8.375,17.992912064319494,10.67,5884,5883,1,0.9998300475866757,0.00016995241332429245,0.5900000000000001,0.5900000000000001,1.8656583366106836,5397.0,5397.0,2.1851851851851847,8.062780162820966,0.6
P01,39,8.5,8.75,8.625,17.992912064319494,10.67,5629,5619,10,0.998223485521407,0.0017765144785929499,0.5300000000000001,0.5400000000000001,0.48291592903219543,5140.0,5140.0,1.962962962962963,2.0870085891420906,0.5714285714285714
P01,39,8.75,9.0,8.875,17.992912064319494,10.67,5061,4790,271,0.9464532701047224,0.053546729895277645,0.5400000000000001,0.56,0.7415039037115252,5654.0,5654.0,2.0,3.2045433229541933,0.6285714285714286
P01,39,9.0,9.25,9.125,17.992912064319494,10.67,5180,5147,33,0.9936293436293436,0.006370656370656369,0.5000000000000001,0.5800000000000001,0.44249175427007126,5654.0,5654.0,1.8518518518518519,1.9123082016303143,0.6285714285714286
P01,39,9.25,9.5,9.375,17.992912064319494,10.67,5250,5243,7,0.9986666666666667,0.0013333333333332975,0.7700000000000001,0.7900000000000001,0.6970674232465083,5140.0,5140.0,2.8518518518518516,3.0125030301695,0.5714285714285714
P01,39,9.5,9.75,9.625,17.992912064319494,10.67,4210,4196,14,0.9966745843230403,0.0033254156769596532,0.6200000000000001,0.6800000000000002,0.9818770490338906,5654.0,5654.0,2.2962962962962963,4.243359375040625,0.6285714285714286
P01,39,9.75,10.0,9.875,17.992912064319494,10.67,5240,5101,139,0.9734732824427481,0.02652671755725189,0.6600000000000001,0.7200000000000002,0.9727471409520129,4883.0,4626.0,2.444444444444444,4.203902824863987,0.5428571428571428
P01,39,10.0,10.25,10.125,17.992912064319494,10.67,5273,4905,368,0.9302105063531196,0.06978949364688036,0.7800000000000001,1.0000000000000002,1.4460811402638083,4883.0,4626.0,2.8888888888888884,6.249501370508222,0.5428571428571428
P01,39,10.25,10.5,10.375,17.992912064319494,10.67,6711,6124,587,0.9125316644315303,0.08746833556846967,1.0500000000000003,1.1800000000000002,2.1572384012123855,5397.0,4883.0,3.888888888888889,9.322896184394128,0.6
P01,39,10.5,10.75,10.625,17.992912064319494,10.67,6970,6496,474,0.9319942611190818,0.06800573888091821,0.9400000000000002,1.2300000000000002,1.762900446268631,5397.0,5140.0,3.481481481481481,7.618693341796499,0.6
P01,39,10.75,11.0,10.875,17.992912064319494,10.67,7557,4969,2588,0.6575360592827841,0.34246394071721586,0.9000000000000001,1.3700000000000003,2.7210809489090235,5654.0,4626.0,3.333333333333333,11.759643802814871,0.6285714285714286
P01,39,11.0,11.25,11.125,17.992912064319494,10.67,14201,10024,4177,0.7058657840997112,0.29413421590028876,1.9500000000000004,2.6200000000000006,2.215748480408499,4626.0,4112.0,7.222222222222221,9.575758081243116,0.5142857142857142
P01,39,11.25,11.5,11.375,17.992912064319494,10.67,9128,6156,2972,0.6744084136722174,0.3255915863277826,1.4400000000000004,2.2100000000000004,1.9380634596104325,4626.0,3855.0,5.333333333333333,8.375692006298987,0.5142857142857142
P01,39,11.5,11.75,11.625,17.992912064319494,10.67,8973,4193,4780,0.4672907611724061,0.5327092388275939,0.8400000000000002,1.7400000000000004,2.6825458726182014,5397.0,3855.0,3.111111111111111,11.59310749625036,0.6
P01,39,11.75,12.0,11.875,17.992912064319494,10.67,11338,3975,7363,0.35059093314517553,0.6494090668548245,0.7900000000000001,2.6100000000000003,2.635349501947654,5654.0,3341.0,2.9259259259259256,11.389139838436364,0.6285714285714286
P01,39,12.0,12.25,12.125,17.992912064319494,10.67,16513,6384,10129,0.38660449342941927,0.6133955065705807,1.7500000000000004,4.140000000000001,2.1839158245468937,5140.0,3341.0,6.481481481481481,9.438187497618932,0.5714285714285714
P01,39,12.25,12.5,12.375,17.992912064319494,10.67,13481,5885,7596,0.4365403160002967,0.5634596839997033,1.8300000000000003,4.030000000000001,1.8079223725688616,4883.0,3341.0,6.777777777777777,7.813263744716546,0.5428571428571428
P01,39,12.5,12.75,12.625,17.992912064319494,10.67,14119,4351,9768,0.3081663007295134,0.6918336992704865,1.3700000000000003,3.790000000000001,1.463471228891136,5140.0,3084.0,5.0740740740740735,6.324655785902864,0.5714285714285714
P01,39,12.75,13.0,12.875,17.992912064319494,10.67,13956,3087,10869,0.221195184866724,0.778804815133276,1.1100000000000003,4.210000000000001,1.6051146995791399,4883.0,3084.0,4.111111111111112,6.936793680202996,0.5428571428571428
P01,39,13.0,13.25,13.125,17.992912064319494,10.67,10511,2954,7557,0.2810389116164019,0.7189610883835982,1.0100000000000002,3.670000000000001,1.634504613150563,5140.0,2827.0,3.7407407407407405,7.063807510913919,0.5714285714285714
P01,39,13.25,13.5,13.375,17.992912064319494,10.67,12865,2942,9923,0.22868247182277496,0.7713175281772251,1.2500000000000002,4.890000000000001,2.1293734287657777,4626.0,2827.0,4.629629629629629,9.202472662749637,0.5142857142857142
P01,39,13.5,13.75,13.625,17.992912064319494,10.67,19036,2593,16443,0.1362155915108216,0.8637844084891784,0.8500000000000002,7.820000000000001,2.143974623357333,5654.0,2570.0,3.148148148148148,9.265574367813251,0.6285714285714286
P01,39,13.75,14.0,13.875,17.992912064319494,10.67,33416,1853,31563,0.0554524778549198,0.9445475221450802,0.9200000000000002,11.490000000000002,2.5406669570524616,4626.0,2313.0,3.407407407407407,10.979952084298471,0.5142857142857142
P01,39,14.0,14.25,14.125,17.992912064319494,10.67,38177,1039,37138,0.027215339078502765,0.9727846609214972,0.6500000000000001,13.830000000000002,1.590370927926035,5654.0,2570.0,2.4074074074074074,6.873075802563204,0.6285714285714286
P01,39,14.25,14.5,14.375,17.992912064319494,10.67,35821,549,35272,0.01532620529856788,0.9846737947014321,0.4300000000000001,13.590000000000003,1.8045856194324663,5397.0,2313.0,1.5925925925925926,7.798843362126434,0.6
P01,39,14.5,14.75,14.625,17.992912064319494,10.67,20059,116,19943,0.005782940326038187,0.9942170596739618,0.17000000000000004,10.830000000000002,1.5408563092787295,5268.5,2313.0,0.6296296296296297,6.659089416543346,0.5857142857142857
P01,39,14.75,15.0,14.875,17.992912064319494,10.67,18017,11,18006,0.0006105344951989788,0.999389465504801,0.04000000000000001,10.290000000000003,1.7393189501031696,2827.0,2313.0,0.14814814814814814,7.516781638157379,0.3142857142857143
P01,39,15.0,15.25,15.125,17.992912064319494,10.67,19364,33,19331,0.0017041933484817186,0.9982958066515183,0.08000000000000002,12.270000000000003,2.2223636363693537,5911.0,2313.0,0.2962962962962963,9.604346674989625,0.6571428571428571
P01,39,15.25,15.5,15.375,17.992912064319494,10.67,23946,45,23901,0.0018792282635930844,0.9981207717364069,0.10000000000000002,14.430000000000003,0.30407794133920313,3598.0,2313.0,0.37037037037037035,1.3141278578558813,0.4
P01,39,15.5,15.75,15.625,17.992912064319494,10.67,24013,38,23975,0.0015824761587473451,0.9984175238412527,0.07,15.130000000000003,0.22034526370346574,5782.5,2570.0,0.2592592592592592,0.9522619368707002,0.6428571428571429
P01,39,15.75,16.0,15.875,17.992912064319494,10.67,26633,2,26631,7.509480719408253e-05,0.999924905192806,0.010000000000000002,16.130000000000003,0.008500000415369868,771.0,2570.0,0.037037037037037035,0.036734290190302624,0.08571428571428572
P01,39,16.0,16.25,16.125,17.992912064319494,10.67,18128,1,18127,5.5163283318623126e-05,0.9999448367166813,0.010000000000000002,14.210000000000003,,2313.0,2827.0,0.037037037037037035,,0.2571428571428571
P01,39,16.25,16.5,16.375,17.992912064319494,10.67,11139,7,11132,0.0006284226591255947,0.9993715773408745,0.020000000000000004,11.430000000000001,0.8285109886934894,10023.0,2827.0,0.07407407407407407,3.5805601879134543,1.1142857142857143
P01,39,16.5,16.75,16.625,17.992912064319494,10.67,11916,0,11916,0.0,1.0,0.0,13.210000000000003,,,2827.0,0.0,,
P01,39,16.75,17.0,16.875,17.992912064319494,10.67,15588,1,15587,6.415191172696946e-05,0.9999358480882731,0.010000000000000002,15.130000000000003,,20046.0,3084.0,0.037037037037037035,,2.2285714285714286
P01,39,17.0,17.25,17.125,17.992912064319494,10.67,9057,0,9057,0.0,1.0,0.0,12.930000000000003,,,3084.0,0.0,,
P01,39,17.25,17.5,17.375,17.992912064319494,10.67,4884,0,4884,0.0,1.0,0.0,8.880000000000003,,,3084.0,0.0,,
P01,39,17.5,17.75,17.625,17.992912064319494,10.67,3594,0,3594,0.0,1.0,0.0,5.990000000000001,,,3084.0,0.0,,
P01,39,17.75,18.0,17.875,17.992912064319494,10.67,5482,0,5482,0.0,1.0,0.0,9.230000000000002,,,2827.0,0.0,,
P01,42,0.0,0.25,0.125,16.430972545298655,11.84,2780,2533,247,0.9111510791366907,0.08884892086330931,0.39000000000000007,0.4700000000000001,0.30248303745581584,8738.0,8481.0,1.392857142857143,1.183258803833368,1.0625
P01,42,0.25,0.5,0.375,16.430972545298655,11.84,2711,2711,0,1.0,0.0,0.28,0.28,0.268281562770054,8738.0,8738.0,1.0,1.0494688354225834,1.0625
P01,42,0.5,0.75,0.625,16.430972545298655,11.84,2752,2752,0,1.0,0.0,0.28,0.28,0.2556355688847365,8224.0,8224.0,1.0,1.0,1.0
P01,42,0.75,1.0,0.875,16.430972545298655,11.84,2901,2901,0,1.0,0.0,0.24000000000000005,0.24000000000000005,0.24373140920178196,7967.0,7967.0,0.8571428571428572,0.9534330854861516,0.96875
P01,42,1.0,1.25,1.125,16.430972545298655,11.84,2598,2598,0,1.0,0.0,0.23000000000000004,0.23000000000000004,0.22739535675885222,8224.0,8224.0,0.8214285714285715,0.8895294099757397,1.0
P01,42,1.25,1.5,1.375,16.430972545298655,11.84,2741,2741,0,1.0,0.0,0.24000000000000005,0.24000000000000005,0.22217110522301037,7967.0,7967.0,0.8571428571428572,0.8690930850987528,0.96875
P01,42,1.5,1.75,1.625,16.430972545298655,11.84,2465,2465,0,1.0,0.0,0.21000000000000005,0.21000000000000005,0.21422277916559954,7710.0,7710.0,0.7500000000000001,0.8380006745547621,0.9375
P01,42,1.75,2.0,1.875,16.430972545298655,11.84,2525,2525,0,1.0,0.0,0.21000000000000005,0.21000000000000005,0.21269865952763653,7710.0,7710.0,0.7500000000000001,0.8320385948464794,0.9375
P01,42,2.0,2.25,2.125,16.430972545298655,11.84,2435,2435,0,1.0,0.0,0.21000000000000005,0.21000000000000005,0.19990246027837758,7710.0,7710.0,0.7500000000000001,0.7819821832716541,0.9375
P01,42,2.25,2.5,2.375,16.430972545298655,11.84,2798,2798,0,1.0,0.0,0.19000000000000003,0.19000000000000003,0.2041259410738873,7710.0,7710.0,0.6785714285714286,0.7985036744472974,0.9375
P01,42,2.5,2.75,2.625,16.430972545298655,11.84,2617,2617,0,1.0,0.0,0.22000000000000003,0.22000000000000003,0.20847301976956778,7710.0,7710.0,0.7857142857142857,0.8155086582007145,0.9375
P01,42,2.75,3.0,2.875,16.430972545298655,11.84,2603,2603,0,1.0,0.0,0.21000000000000005,0.21000000000000005,0.20975818902273172,7196.0,7196.0,0.7500000000000001,0.8205360073241982,0.875
P01,42,3.0,3.25,3.125,16.430972545298655,11.84,2540,2540,0,1.0,0.0,0.20000000000000004,0.20000000000000004,0.19600114788326237,7967.0,7967.0,0.7142857142857143,0.7667209564708005,0.96875
P01,42,3.25,3.5,3.375,16.430972545298655,11.84,2994,2994,0,1.0,0.0,0.21000000000000005,0.21000000000000005,0.22401082307347803,7453.0,7453.0,0.7500000000000001,0.8762897277979429,0.90625
P01,42,3.5,3.75,3.625,16.430972545298655,11.84,2907,2907,0,1.0,0.0,0.22000000000000003,0.22000000000000003,0.19656703196549108,7967.0,7967.0,0.7857142857142857,0.7689345924084656,0.96875
P01,42,3.75,4.0,3.875,16.430972545298655,11.84,2707,2707,0,1.0,0.0,0.21000000000000005,0.21000000000000005,0.19022013200111956,8224.0,8224.0,0.7500000000000001,0.7441066704097344,1.0
P01,42,4.0,4.25,4.125,16.430972545298655,11.84,2649,2649,0,1.0,0.0,0.20000000000000004,0.20000000000000004,0.18711974757348163,7196.0,7196.0,0.7142857142857143,0.7319785286133326,0.875
P01,42,4.25,4.5,4.375,16.430972545298655,11.84,2617,2617,0,1.0,0.0,0.21000000000000005,0.21000000000000005,0.1916376790093446,7967.0,7967.0,0.7500000000000001,0.7496518573115782,0.96875
P01,42,4.5,4.75,4.625,16.430972545298655,11.84,2725,2725,0,1.0,0.0,0.21000000000000005,0.21000000000000005,0.20707144564170754,6939.0,6939.0,0.7500000000000001,0.8100259543110527,0.84375
P01,42,4.75,5.0,4.875,16.430972545298655,11.84,2509,2509,0,1.0,0.0,0.17000000000000004,0.17000000000000004,0.17410283702576418,8481.0,8481.0,0.6071428571428572,0.6810587344528155,1.03125
P01,42,5.0,5.25,5.125,16.430972545298655,11.84,3624,3620,4,0.9988962472406181,0.001103752759381904,0.28,0.28,0.2950843775105479,7196.0,7196.0,1.0,1.1543165874683052,0.875
P01,42,5.25,5.5,5.375,16.430972545298655,11.84,2682,2682,0,1.0,0.0,0.21000000000000005,0.21000000000000005,0.18319197297241777,8481.0,8481.0,0.7500000000000001,0.7166137864602762,1.03125
P01,42,5.5,5.75,5.625,16.430972545298655,11.84,2670,2667,3,0.998876404494382,0.0011235955056180247,0.21000000000000005,0.21000000000000005,0.1864041282625865,7967.0,7967.0,0.7500000000000001,0.7291791556073883,0.96875
P01,42,5.75,6.0,5.875,16.430972545298655,11.84,2571,2569,2,0.999222092570984,0.000777907429015956,0.20000000000000004,0.21000000000000005,0.17712086274840308,8224.0,8224.0,0.7142857142857143,0.6928647039264911,1.0
P01,42,6.0,6.25,6.125,16.430972545298655,11.84,3317,3223,94,0.9716611395839614,0.028338860416038614,0.24000000000000005,0.26000000000000006,0.22644772401000002,6939.0,6682.0,0.8571428571428572,0.8858224424634078,0.84375
P01,42,6.25,6.5,6.375,16.430972545298655,11.84,2546,2541,5,0.9980361351139042,0.0019638648860957897,0.26000000000000006,0.2700000000000001,0.28355599087331385,7710.0,7710.0,0.9285714285714287,1.109219628983502,0.9375
P01,42,6.5,6.75,6.625,16.430972545298655,11.84,2599,2597,2,0.9992304732589458,0.0007695267410542384,0.22000000000000003,0.22000000000000003,0.185053474843048,7196.0,7196.0,0.7857142857142857,0.723895644297006,0.875
P01,42,6.75,7.0,6.875,16.430972545298655,11.84,2899,2899,0,1.0,0.0,0.24000000000000005,0.24000000000000005,0.21142255252354622,7196.0,7196.0,0.8571428571428572,0.8270466955984304,0.875
P01,42,7.0,7.25,7.125,16.430972545298655,11.84,3569,3548,21,0.9941159988792378,0.00588400112076215,0.39000000000000007,0.39000000000000007,0.404838517779851,5654.0,5654.0,1.392857142857143,1.5836548863135265,0.6875
P01,42,7.25,7.5,7.375,16.430972545298655,11.84,3036,3030,6,0.9980237154150198,0.0019762845849802257,0.33000000000000007,0.3400000000000001,0.48953758562757,7196.0,6939.0,1.1785714285714286,1.914982284207475,0.875
P01,42,7.5,7.75,7.625,16.430972545298655,11.84,4006,3844,162,0.9595606590114828,0.0404393409885172,0.3400000000000001,0.37000000000000005,0.4829992664597506,5911.0,5654.0,1.2142857142857144,1.8894055649882202,0.71875
P01,42,7.75,8.0,7.875,16.430972545298655,11.84,4625,4027,598,0.8707027027027027,0.12929729729729733,0.4300000000000001,0.6000000000000001,0.35089528344950566,6425.0,5911.0,1.535714285714286,1.3726387332575023,0.78125
P01,42,8.0,8.25,8.125,16.430972545298655,11.84,5125,4776,349,0.9319024390243903,0.0680975609756097,0.5800000000000001,0.7900000000000001,0.652020703620897,5911.0,5654.0,2.0714285714285716,2.550586784403569,0.71875
P01,42,8.25,8.5,8.375,16.430972545298655,11.84,7454,5219,2235,0.7001609873893212,0.2998390126106788,0.7800000000000001,1.12,0.9711561660716191,4883.0,4112.0,2.785714285714286,3.798986855813886,0.59375
P01,42,8.5,8.75,8.625,16.430972545298655,11.84,3579,3058,521,0.8544286113439509,0.14557138865604913,0.3600000000000001,0.7500000000000001,1.8629272551096392,6425.0,5654.0,1.285714285714286,7.2874336823981425,0.78125
P01,42,8.75,9.0,8.875,16.430972545298655,11.84,3424,3424,0,1.0,0.0,0.32000000000000006,0.32000000000000006,1.8533345087049284,5654.0,5654.0,1.142857142857143,7.249908597580872,0.6875
P01,42,9.0,9.25,9.125,16.430972545298655,11.84,4015,4009,6,0.9985056039850561,0.001494396014943944,0.6000000000000001,0.6100000000000001,1.7570066418796624,5397.0,5397.0,2.142857142857143,6.873091446331082,0.65625
P01,42,9.25,9.5,9.375,16.430972545298655,11.84,6573,6403,170,0.9741366195040316,0.02586338049596837,1.1100000000000003,1.1800000000000002,1.4645915784946737,4369.0,4112.0,3.964285714285715,5.729216731788382,0.53125
P01,42,9.5,9.75,9.625,16.430972545298655,11.84,4599,3893,706,0.8464883670363123,0.15351163296368775,0.6600000000000001,0.7300000000000001,0.7801659459240905,4883.0,4626.0,2.357142857142857,3.05186774018861,0.59375
P01,42,9.75,10.0,9.875,16.430972545298655,11.84,4039,2454,1585,0.6075761327061153,0.3924238672938847,0.22000000000000003,0.56,0.23119983143177206,6168.0,4883.0,0.7857142857142857,0.90441182516357,0.75
P01,42,10.0,10.25,10.125,16.430972545298655,11.84,2141,1885,256,0.880429705744979,0.11957029425502097,0.21000000000000005,0.2700000000000001,0.2387611461993709,6939.0,6425.0,0.7500000000000001,0.9339903177050682,0.84375
P01,42,10.25,10.5,10.375,16.430972545298655,11.84,2549,2301,248,0.9027069438995684,0.0972930561004316,0.24000000000000005,0.3600000000000001,0.2658439384981754,5911.0,5397.0,0.8571428571428572,1.0399332912003405,0.71875
P01,42,10.5,10.75,10.625,16.430972545298655,11.84,3477,2430,1047,0.6988783433994823,0.3011216566005177,0.26000000000000006,0.6800000000000002,0.24886565205678962,5911.0,4883.0,0.9285714285714287,0.9735173127218484,0.71875
P01,42,10.75,11.0,10.875,16.430972545298655,11.84,6236,3214,3022,0.5153944836433612,0.48460551635663884,0.6500000000000001,1.5200000000000002,1.0251590577273997,4883.0,3341.0,2.3214285714285716,4.010236377511432,0.59375
P01,42,11.0,11.25,11.125,16.430972545298655,11.84,4254,2237,2017,0.5258580159849553,0.4741419840150447,0.3500000000000001,0.9900000000000002,1.024385181406939,5397.0,4369.0,1.2500000000000002,4.007209113645777,0.65625
P01,42,11.25,11.5,11.375,16.430972545298655,11.84,4719,1847,2872,0.3913964823055732,0.6086035176944268,0.30000000000000004,1.2700000000000002,0.31809337068006766,5654.0,3855.0,1.0714285714285714,1.2443235973296531,0.6875
P01,42,11.5,11.75,11.625,16.430972545298655,11.84,4981,882,4099,0.17707287693234292,0.8229271230676571,0.31000000000000005,1.4000000000000004,0.4802123708554769,5654.0,3598.0,1.1071428571428572,1.8785037346348303,0.6875
P01,42,11.75,12.0,11.875,16.430972545298655,11.84,7659,1274,6385,0.16634025329677504,0.833659746703225,0.45000000000000007,1.8300000000000003,0.543493674258493,4626.0,3084.0,1.6071428571428572,2.126048720956937,0.5625
P01,42,12.0,12.25,12.125,16.430972545298655,11.84,6716,1001,5715,0.14904705181655747,0.8509529481834426,0.5500000000000002,2.0300000000000002,0.84849572797626,3855.0,3341.0,1.9642857142857146,3.3191614597217427,0.46875
P01,42,12.25,12.5,12.375,16.430972545298655,11.84,8606,455,8151,0.052870090634441085,0.947129909365559,0.23000000000000004,3.4300000000000006,1.471072694200712,4112.0,2827.0,0.8214285714285715,5.754569681435856,0.5
P01,42,12.5,12.75,12.625,16.430972545298655,11.84,16620,619,16001,0.03724428399518652,0.9627557160048135,0.22000000000000003,5.830000000000001,1.4964561432880283,5397.0,2570.0,0.7857142857142857,5.853865132370392,0.65625
P01,42,12.75,13.0,12.875,16.430972545298655,11.84,22048,419,21629,0.01900399129172714,0.9809960087082729,0.22000000000000003,7.210000000000002,1.8694388545872807,5911.0,2570.0,0.7857142857142857,7.31290587903357,0.71875
P01,42,13.0,13.25,13.125,16.430972545298655,11.84,16732,160,16572,0.009562514941429595,0.9904374850585704,0.08000000000000002,7.030000000000001,0.1582657603478128,6682.0,2313.0,0.28571428571428575,0.6191069616731357,0.8125
P01,42,13.25,13.5,13.375,16.430972545298655,11.84,17101,169,16932,0.009882463013858839,0.9901175369861411,0.09000000000000002,7.060000000000001,0.3375803222982964,6425.0,2570.0,0.3214285714285715,1.3205530191712405,0.78125
P01,42,13.5,13.75,13.625,16.430972545298655,11.84,20079,71,20008,0.0035360326709497486,0.9964639673290503,0.07,7.210000000000002,0.1072272815729441,3084.0,2827.0,0.25,0.4194536857321753,0.375
P01,42,13.75,14.0,13.875,16.430972545298655,11.84,14166,185,13981,0.013059438091204292,0.9869405619087958,0.15000000000000002,7.020000000000001,0.5377904795651723,3084.0,2570.0,0.5357142857142857,2.1037388572779427,0.375
P01,42,14.0,14.25,14.125,16.430972545298655,11.84,9297,5,9292,0.0005378078950198989,0.9994621921049801,0.04000000000000001,6.6800000000000015,0.740173529945408,2570.0,2570.0,0.14285714285714288,2.8954246593092248,0.3125
P01,42,14.25,14.5,14.375,16.430972545298655,11.84,9570,0,9570,0.0,1.0,0.0,6.940000000000001,,,2827.0,0.0,,
P01,42,14.5,14.75,14.625,16.430972545298655,11.84,11468,0,11468,0.0,1.0,0.0,8.170000000000002,,,2827.0,0.0,,
P01,42,14.75,15.0,14.875,16.430972545298655,11.84,12016,0,12016,0.0,1.0,0.0,8.940000000000001,,,3084.0,0.0,,
P01,42,15.0,15.25,15.125,16.430972545298655,11.84,6151,0,6151,0.0,1.0,0.0,8.170000000000002,,,3084.0,0.0,,
P01,42,15.25,15.5,15.375,16.430972545298655,11.84,4817,0,4817,0.0,1.0,0.0,6.710000000000002,,,3341.0,0.0,,
P01,42,15.5,15.75,15.625,16.430972545298655,11.84,4898,1,4897,0.0002041649652919559,0.999795835034708,0.010000000000000002,5.310000000000001,,257.0,3855.0,0.03571428571428572,,0.03125
P01,42,15.75,16.0,15.875,16.430972545298655,11.84,3687,0,3687,0.0,1.0,0.0,3.5400000000000005,,,4112.0,0.0,,
P01,42,16.0,16.25,16.125,16.430972545298655,11.84,2025,0,2025,0.0,1.0,0.0,2.1700000000000004,,,3855.0,0.0,,
P01,42,16.25,16.5,16.375,16.430972545298655,11.84,2463,0,2463,0.0,1.0,0.0,2.2000000000000006,,,3598.0,0.0,,
P01,43,0.0,0.25,0.125,18.181548673773136,10.52,3434,3355,79,0.9769947582993593,0.023005241700640666,0.5000000000000001,0.5100000000000001,0.3734761827099122,8224.0,8224.0,1.5151515151515151,1.1277742255889118,0.8888888888888888
P01,43,0.25,0.5,0.375,18.181548673773136,10.52,3884,3884,0,1.0,0.0,0.3500000000000001,0.3500000000000001,0.34920709884135614,8481.0,8481.0,1.0606060606060606,1.0544896400310904,0.9166666666666666
P01,43,0.5,0.75,0.625,18.181548673773136,10.52,3867,3867,0,1.0,0.0,0.32000000000000006,0.32000000000000006,0.330847846572972,9252.0,9252.0,0.9696969696969697,0.9990507861820069,1.0
P01,43,0.75,1.0,0.875,18.181548673773136,10.52,4075,4075,0,1.0,0.0,0.31000000000000005,0.31000000000000005,0.3311621903000016,9766.0,9766.0,0.9393939393939393,1.0,1.0555555555555556
P01,43,1.0,1.25,1.125,18.181548673773136,10.52,4105,4105,0,1.0,0.0,0.33000000000000007,0.33000000000000007,0.32667903463580106,9252.0,9252.0,1.0,0.9864623565264524,1.0
P01,43,1.25,1.5,1.375,18.181548673773136,10.52,3983,3983,0,1.0,0.0,0.4000000000000001,0.4000000000000001,0.34270979001793056,10023.0,10023.0,1.2121212121212122,1.0348699219179216,1.0833333333333333
P01,43,1.5,1.75,1.625,18.181548673773136,10.52,4279,4279,0,1.0,0.0,0.33000000000000007,0.33000000000000007,1.9443098461704718,10023.0,10023.0,1.0,5.871170994518158,1.0833333333333333
P01,43,1.75,2.0,1.875,18.181548673773136,10.52,4258,4258,0,1.0,0.0,0.31000000000000005,0.31000000000000005,0.3073701216826269,9766.0,9766.0,0.9393939393939393,0.9281558423205821,1.0555555555555556
P01,43,2.0,2.25,2.125,18.181548673773136,10.52,4286,4284,2,0.9995333644423705,0.00046663555762949116,0.30000000000000004,0.32000000000000006,0.312620696773891,9252.0,9252.0,0.9090909090909091,0.9440108379845121,1.0
P01,43,2.25,2.5,2.375,18.181548673773136,10.52,4284,4284,0,1.0,0.0,0.31000000000000005,0.31000000000000005,0.3128309447972589,8995.0,8995.0,0.9393939393939393,0.9446457172959983,0.9722222222222222
P01,43,2.5,2.75,2.625,18.181548673773136,10.52,4418,4418,0,1.0,0.0,0.3400000000000001,0.3400000000000001,0.3146215968842164,9252.0,9252.0,1.0303030303030303,0.9500528928112205,1.0
P01,43,2.75,3.0,2.875,18.181548673773136,10.52,4659,4620,39,0.9916291049581455,0.00837089504185451,0.3600000000000001,0.3600000000000001,0.31915709296931627,9252.0,9252.0,1.090909090909091,0.9637485869995912,1.0
P01,43,3.0,3.25,3.125,18.181548673773136,10.52,4352,4352,0,1.0,0.0,0.31000000000000005,0.31000000000000005,0.3043122573208724,9509.0,9509.0,0.9393939393939393,0.9189221059481286,1.0277777777777777
P01,43,3.25,3.5,3.375,18.181548673773136,10.52,4333,4330,3,0.9993076390491576,0.0006923609508423523,0.32000000000000006,0.3400000000000001,0.29911134910128795,9252.0,9252.0,0.9696969696969697,0.903217087766938,1.0
P01,43,3.5,3.75,3.625,18.181548673773136,10.52,4232,4232,0,1.0,0.0,0.29000000000000004,0.29000000000000004,0.30642796832135694,9252.0,9252.0,0.8787878787878787,0.9253108515913674,1.0
P01,43,3.75,4.0,3.875,18.181548673773136,10.52,4177,4177,0,1.0,0.0,0.29000000000000004,0.29000000000000004,0.3023841858135389,8995.0,8995.0,0.8787878787878787,0.9130999693522,0.9722222222222222
P01,43,4.0,4.25,4.125,18.181548673773136,10.52,4473,4471,2,0.9995528727923094,0.00044712720769057857,0.3600000000000001,0.3600000000000001,0.32109265420266525,8481.0,8481.0,1.090909090909091,0.9695933400844634,0.9166666666666666
P01,43,4.25,4.5,4.375,18.181548673773136,10.52,4122,4121,1,0.999757399320718,0.00024260067928194573,0.32000000000000006,0.32000000000000006,0.28897923759186706,8995.0,8995.0,0.9696969696969697,0.8726214708571628,0.9722222222222222
P01,43,4.5,4.75,4.625,18.181548673773136,10.52,4285,4285,0,1.0,0.0,0.3400000000000001,0.3400000000000001,0.2950976102339635,8481.0,8481.0,1.0303030303030303,0.8910969273594701,0.9166666666666666
P01,43,4.75,5.0,4.875,18.181548673773136,10.52,4006,4006,0,1.0,0.0,0.31000000000000005,0.31000000000000005,0.287647353430722,8738.0,8738.0,0.9393939393939393,0.8685996223486163,0.9444444444444444
P01,43,5.0,5.25,5.125,18.181548673773136,10.52,4581,4579,2,0.9995634141017246,0.00043658589827544336,0.3600000000000001,0.38000000000000006,0.3398316843196808,7967.0,7967.0,1.090909090909091,1.026178997100561,0.8611111111111112
P01,43,5.25,5.5,5.375,18.181548673773136,10.52,4973,4919,54,0.9891413633621556,0.010858636637844366,0.44000000000000006,0.4600000000000001,0.5860770346672471,7710.0,7710.0,1.3333333333333333,1.7697582992077592,0.8333333333333334
P01,43,5.5,5.75,5.625,18.181548673773136,10.52,4652,4651,1,0.9997850386930353,0.00021496130696474491,0.4000000000000001,0.4000000000000001,0.3319789064188351,7967.0,7967.0,1.2121212121212122,1.0024662118525476,0.8611111111111112
P01,43,5.75,6.0,5.875,18.181548673773136,10.52,4026,4026,0,1.0,0.0,0.3500000000000001,0.3500000000000001,0.2996185048948242,8738.0,8738.0,1.0606060606060606,0.9047485300885292,0.9444444444444444
P01,43,6.0,6.25,6.125,18.181548673773136,10.52,4881,4881,0,1.0,0.0,0.3500000000000001,0.3500000000000001,0.30229952062249127,8224.0,8224.0,1.0606060606060606,0.912844308550552,0.8888888888888888
P01,43,6.25,6.5,6.375,18.181548673773136,10.52,4719,4712,7,0.9985166348802712,0.0014833651197287967,0.4300000000000001,0.44000000000000006,0.46007719362133126,7710.0,7710.0,1.303030303030303,1.389280561300023,0.8333333333333334
P01,43,6.5,6.75,6.625,18.181548673773136,10.52,4511,4501,10,0.9977831966304589,0.0022168033695411093,0.5000000000000001,0.5000000000000001,0.48771405572267307,7710.0,7710.0,1.5151515151515151,1.4727347203521342,0.8333333333333334
P01,43,6.75,7.0,6.875,18.181548673773136,10.52,4863,4863,0,1.0,0.0,0.5200000000000001,0.5200000000000001,0.6476697080377867,7453.0,7453.0,1.575757575757576,1.9557477484101045,0.8055555555555556
P01,43,7.0,7.25,7.125,18.181548673773136,10.52,4559,4559,0,1.0,0.0,0.4300000000000001,0.4300000000000001,0.3999182400157669,7710.0,7710.0,1.303030303030303,1.207620470360698,0.8333333333333334
P01,43,7.25,7.5,7.375,18.181548673773136,10.52,4458,4422,36,0.9919246298788694,0.008075370121130576,0.4600000000000001,0.4900000000000001,0.534757308434577,7453.0,7453.0,1.3939393939393938,1.6147897438114462,0.8055555555555556
P01,43,7.5,7.75,7.625,18.181548673773136,10.52,4879,4775,104,0.9786841565894651,0.02131584341053494,0.6000000000000001,0.6700000000000002,0.636737774806451,7196.0,7196.0,1.8181818181818181,1.9227369351242267,0.7777777777777778
P01,43,7.75,8.0,7.875,18.181548673773136,10.52,8063,7357,706,0.9124395386332631,0.0875604613667369,1.0300000000000002,1.12,1.5598560569181934,5654.0,5140.0,3.121212121212121,4.710248037389508,0.6111111111111112
P01,43,8.0,8.25,8.125,18.181548673773136,10.52,3684,3683,1,0.999728555917481,0.0002714440825190012,0.39000000000000007,0.4000000000000001,0.2921642910695453,7967.0,7967.0,1.1818181818181819,0.8822392761832868,0.8611111111111112
P01,43,8.25,8.5,8.375,18.181548673773136,10.52,4094,4066,28,0.9931607230092818,0.006839276990718179,0.39000000000000007,0.4300000000000001,0.3559504843324594,7710.0,7710.0,1.1818181818181819,1.074852428080639,0.8333333333333334
P01,43,8.5,8.75,8.625,18.181548673773136,10.52,5674,4852,822,0.8551286570320762,0.1448713429679238,0.5500000000000002,0.9600000000000002,0.4670657636724607,7453.0,6682.0,1.6666666666666667,1.4103837254166707,0.8055555555555556
P01,43,8.75,9.0,8.875,18.181548673773136,10.52,6629,4779,1850,0.7209232161713682,0.27907678382863177,0.6600000000000001,1.2600000000000002,0.7999464360505182,6939.0,5397.0,2.0,2.415572971436873,0.75
P01,43,9.0,9.25,9.125,18.181548673773136,10.52,5936,4123,1813,0.6945754716981132,0.3054245283018868,0.6400000000000001,1.3000000000000003,0.4042390948851967,7196.0,5654.0,1.9393939393939394,1.2206680192536303,0.7777777777777778
P01,43,9.25,9.5,9.375,18.181548673773136,10.52,9031,4689,4342,0.5192116044734802,0.48078839552651975,0.7900000000000001,1.9000000000000004,0.8147691345354487,6168.0,4369.0,2.393939393939394,2.4603326055952977,0.6666666666666666
P01,43,9.5,9.75,9.625,18.181548673773136,10.52,6206,3303,2903,0.5322268772155978,0.4677731227844022,0.39000000000000007,1.7400000000000004,0.4126847463017183,7196.0,4626.0,1.1818181818181819,1.2461710859197572,0.7777777777777778
P01,43,9.75,10.0,9.875,18.181548673773136,10.52,7218,2816,4402,0.39013577168190633,0.6098642283180937,0.4600000000000001,1.9500000000000004,0.47798666317094113,7196.0,3855.0,1.3939393939393938,1.4433612204881556,0.7777777777777778
P01,43,10.0,10.25,10.125,18.181548673773136,10.52,6036,2593,3443,0.4295891318754142,0.5704108681245859,0.32000000000000006,1.8900000000000003,0.278975258272063,7453.0,4626.0,0.9696969696969697,0.8424127706708843,0.8055555555555556
P01,43,10.25,10.5,10.375,18.181548673773136,10.52,11008,3170,7838,0.28797238372093026,0.7120276162790697,0.5200000000000001,4.000000000000001,0.5145593272580006,6939.0,3341.0,1.575757575757576,1.5537985383894777,0.75
P01,43,10.5,10.75,10.625,18.181548673773136,10.52,13705,2639,11066,0.19255746078073696,0.807442539219263,0.5500000000000002,4.840000000000001,0.7991366843644414,6682.0,3084.0,1.6666666666666667,2.413127789861817,0.7222222222222222
P01,43,10.75,11.0,10.875,18.181548673773136,10.52,10465,2732,7733,0.2610606784519828,0.7389393215480172,0.6200000000000001,3.880000000000001,0.6381275183954509,6425.0,3341.0,1.8787878787878787,1.9269334999184773,0.6944444444444444
P01,43,11.0,11.25,11.125,18.181548673773136,10.52,9011,2372,6639,0.26323382532460327,0.7367661746753967,0.4800000000000001,3.2500000000000004,0.3795732738503087,6425.0,3341.0,1.4545454545454546,1.1461854190131162,0.6944444444444444
P01,43,11.25,11.5,11.375,18.181548673773136,10.52,9040,2427,6613,0.2684734513274336,0.7315265486725664,0.4200000000000001,2.7500000000000004,0.31923300543629635,6939.0,3598.0,1.2727272727272727,0.9639778174769935,0.75
P01,43,11.5,11.75,11.625,18.181548673773136,10.52,11004,2179,8825,0.1980189022173755,0.8019810977826245,0.5000000000000001,3.8900000000000006,0.4198714137149947,6939.0,3341.0,1.5151515151515151,1.2678724383802116,0.75
P01,43,11.75,12.0,11.875,18.181548673773136,10.52,12884,1769,11115,0.13730208009934802,0.8626979199006519,0.4800000000000001,5.330000000000001,0.6233645783651797,6939.0,2827.0,1.4545454545454546,1.8823543164769818,0.75
P01,43,12.0,12.25,12.125,18.181548673773136,10.52,10156,1288,8868,0.12682158330051202,0.873178416699488,0.3400000000000001,5.250000000000001,0.4498777422372524,6939.0,2827.0,1.0303030303030303,1.3584816002989524,0.75
P01,43,12.25,12.5,12.375,18.181548673773136,10.52,15436,1001,14435,0.06484840632288158,0.9351515936771184,0.29000000000000004,7.020000000000001,0.2714258647447363,6168.0,2570.0,0.8787878787878787,0.8196161056274273,0.6666666666666666
P01,43,12.5,12.75,12.625,18.181548673773136,10.52,12476,630,11846,0.050496954151971786,0.9495030458480282,0.25000000000000006,7.4300000000000015,0.2583863764766688,6168.0,2570.0,0.7575757575757576,0.7802411750042938,0.6666666666666666
P01,43,12.75,13.0,12.875,18.181548673773136,10.52,13367,455,12912,0.03403905139522705,0.965960948604773,0.28,7.4300000000000015,0.38560990466165423,6168.0,2570.0,0.8484848484848484,1.1644140422924736,0.6666666666666666
P01,43,13.0,13.25,13.125,18.181548673773136,10.52,16035,144,15891,0.008980355472404116,0.9910196445275958,0.21000000000000005,7.550000000000002,1.3030787680110696,5011.5,2827.0,0.6363636363636364,3.9348657732653707,0.5416666666666666
P01,43,13.25,13.5,13.375,18.181548673773136,10.52,15867,23,15844,0.0014495493792147224,0.9985504506207853,0.030000000000000006,7.9700000000000015,0.10019147672178341,5397.0,2827.0,0.09090909090909091,0.3025450358056257,0.5833333333333334
P01,43,13.5,13.75,13.625,18.181548673773136,10.52,12910,0,12910,0.0,1.0,0.0,7.810000000000001,,,2827.0,0.0,,
P01,43,13.75,14.0,13.875,18.181548673773136,10.52,14742,154,14588,0.010446343779677113,0.9895536562203229,0.14,7.850000000000001,0.27348860462045976,7196.0,2827.0,0.4242424242424242,0.8258448960393243,0.7777777777777778
P01,43,14.0,14.25,14.125,18.181548673773136,10.52,15501,32,15469,0.0020643829430359332,0.9979356170569641,0.08000000000000002,10.190000000000001,0.543299047656079,4754.5,2570.0,0.24242424242424243,1.6405829637855138,0.5138888888888888
P01,43,14.25,14.5,14.375,18.181548673773136,10.52,14167,22,14145,0.0015529046375379403,0.998447095362462,0.07,10.400000000000002,0.2958837166485132,4497.5,2570.0,0.2121212121212121,0.8934707080553809,0.4861111111111111
P01,43,14.5,14.75,14.625,18.181548673773136,10.52,12000,206,11794,0.017166666666666667,0.9828333333333333,0.12000000000000002,10.540000000000003,0.23664802657191442,4497.5,2570.0,0.36363636363636365,0.7145985668156551,0.4861111111111111
P01,43,14.75,15.0,14.875,18.181548673773136,10.52,12241,92,12149,0.007515725839392207,0.9924842741606078,0.18000000000000005,10.620000000000003,1.8136175565138406,3598.0,2827.0,0.5454545454545455,5.476523617840777,0.3888888888888889
P01,43,15.0,15.25,15.125,18.181548673773136,10.52,10112,1,10111,9.889240506329114e-05,0.9999011075949367,0.010000000000000002,11.640000000000002,,2570.0,2570.0,0.030303030303030304,,0.2777777777777778
P01,43,15.25,15.5,15.375,18.181548673773136,10.52,10125,0,10125,0.0,1.0,0.0,11.730000000000002,,,2570.0,0.0,,
P01,43,15.5,15.75,15.625,18.181548673773136,10.52,7427,16,7411,0.0021543018715497507,0.9978456981284503,0.07,11.140000000000002,0.35857012263277394,3212.5,2570.0,0.2121212121212121,1.0827628670650575,0.3472222222222222
P01,43,15.75,16.0,15.875,18.181548673773136,10.52,8842,17,8825,0.0019226419362135263,0.9980773580637865,0.08000000000000002,11.220000000000002,1.1809261167798795,4112.0,2827.0,0.24242424242424243,3.5660052728545857,0.4444444444444444
P01,43,16.0,16.25,16.125,18.181548673773136,10.52,7930,44,7886,0.005548549810844893,0.9944514501891552,0.09000000000000002,11.130000000000003,0.23578979705291855,2313.0,2827.0,0.27272727272727276,0.7120069982606266,0.25
P01,43,16.25,16.5,16.375,18.181548673773136,10.52,5934,7,5927,0.0011796427367711494,0.9988203572632288,0.05000000000000001,10.330000000000002,0.6512184771665166,3855.0,3084.0,0.15151515151515152,1.9664638543928408,0.4166666666666667
P01,43,16.5,16.75,16.625,18.181548673773136,10.52,4163,53,4110,0.012731203459043959,0.987268796540956,0.14,9.050000000000002,0.5345264572393337,3341.0,2827.0,0.4242424242424242,1.6140926497529906,0.3611111111111111
P01,43,16.75,17.0,16.875,18.181548673773136,10.52,3566,8,3558,0.002243409983174425,0.9977565900168256,0.04000000000000001,7.910000000000002,0.8528234250666129,3341.0,2827.0,0.12121212121212122,2.575243944044565,0.3611111111111111
P01,43,17.0,17.25,17.125,18.181548673773136,10.52,3014,6,3008,0.0019907100199071004,0.9980092899800929,0.030000000000000006,6.420000000000001,0.9009896110929286,3469.5,2827.0,0.09090909090909091,2.7206898537442252,0.375
P01,43,17.25,17.5,17.375,18.181548673773136,10.52,2368,16,2352,0.006756756756756757,0.9932432432432432,0.06000000000000001,5.290000000000001,0.11490609011713335,3726.5,3084.0,0.18181818181818182,0.34697828883496423,0.4027777777777778
P01,43,17.5,17.75,17.625,18.181548673773136,10.52,1448,31,1417,0.021408839779005526,0.9785911602209945,0.16000000000000003,3.7800000000000007,0.2698932747674734,4369.0,3084.0,0.48484848484848486,0.8149881921090557,0.4722222222222222
P01,43,17.75,18.0,17.875,18.181548673773136,10.52,1288,8,1280,0.006211180124223602,0.9937888198757764,0.06000000000000001,2.6900000000000004,0.377882631335243,1799.0,3084.0,0.18181818181818182,1.1410802392414336,0.19444444444444445
P01,43,18.0,18.25,18.125,18.181548673773136,10.52,3323,0,3323,0.0,1.0,0.0,6.350000000000001,,,3341.0,0.0,,
P01,44,0.0,0.25,0.125,17.23387965496136,11.15,2294,2293,1,0.9995640802092415,0.00043591979075852105,0.4000000000000001,0.4000000000000001,0.3308011462363079,8224.0,8224.0,1.3793103448275863,1.2321643931357344,0.9411764705882353
P01,44,0.25,0.5,0.375,17.23387965496136,11.15,2360,2360,0,1.0,0.0,0.29000000000000004,0.29000000000000004,0.28610304016061366,8738.0,8738.0,1.0,1.0656733897831303,1.0
P01,44,0.5,0.75,0.625,17.23387965496136,11.15,2481,2481,0,1.0,0.0,0.28,0.28,0.2684716001202179,8738.0,8738.0,0.9655172413793103,1.0,1.0
P01,44,0.75,1.0,0.875,17.23387965496136,11.15,2374,2374,0,1.0,0.0,0.29000000000000004,0.29000000000000004,0.261711663508001,8995.0,8995.0,1.0,0.9748206640509093,1.0294117647058822
P01,44,1.0,1.25,1.125,17.23387965496136,11.15,2547,2547,0,1.0,0.0,0.30000000000000004,0.30000000000000004,0.2544566506703172,8995.0,8995.0,1.0344827586206897,0.947797273739103,1.0294117647058822
P01,44,1.25,1.5,1.375,17.23387965496136,11.15,2362,2362,0,1.0,0.0,0.2700000000000001,0.2700000000000001,0.2655991340923024,8995.0,8995.0,0.9310344827586208,0.9893006708097644,1.0294117647058822
P01,44,1.5,1.75,1.625,17.23387965496136,11.15,2490,2490,0,1.0,0.0,0.26000000000000006,0.26000000000000006,0.2630349774044617,8481.0,8481.0,0.8965517241379312,0.979749728785757,0.9705882352941176
P01,44,1.75,2.0,1.875,17.23387965496136,11.15,2694,2694,0,1.0,0.0,0.25000000000000006,0.25000000000000006,0.24322530155942393,8738.0,8738.0,0.8620689655172414,0.9059628707487531,1.0
P01,44,2.0,2.25,2.125,17.23387965496136,11.15,2711,2710,1,0.99963113242346,0.00036886757653997737,0.29000000000000004,0.30000000000000004,0.24205371153959304,8481.0,8481.0,1.0,0.9015989454050436,0.9705882352941176
P01,44,2.25,2.5,2.375,17.23387965496136,11.15,2768,2756,12,0.9956647398843931,0.00433526011560692,0.31000000000000005,0.32000000000000006,0.26029881342101624,8481.0,8481.0,1.0689655172413794,0.9695580959194864,0.9705882352941176
P01,44,2.5,2.75,2.625,17.23387965496136,11.15,2831,2827,4,0.9985870717061109,0.0014129282938890597,0.29000000000000004,0.29000000000000004,0.2525931239694052,8738.0,8738.0,1.0,0.9408560304192228,1.0
P01,44,2.75,3.0,2.875,17.23387965496136,11.15,2694,2687,7,0.9974016332590943,0.0025983667409057443,0.28,0.28,0.25170314180834047,8738.0,8738.0,0.9655172413793103,0.9375410348641392,1.0
P01,44,3.0,3.25,3.125,17.23387965496136,11.15,2666,2662,4,0.9984996249062266,0.0015003750937734317,0.29000000000000004,0.29000000000000004,0.2580233495057652,8481.0,8481.0,1.0,0.9610824734915197,0.9705882352941176
P01,44,3.25,3.5,3.375,17.23387965496136,11.15,2957,2930,27,0.9908691241122759,0.0091308758877241,0.30000000000000004,0.32000000000000006,0.25800542034372725,8224.0,8224.0,1.0344827586206897,0.9610156911501848,0.9411764705882353
P01,44,3.5,3.75,3.625,17.23387965496136,11.15,2683,2679,4,0.998509131569139,0.001490868430860992,0.28,0.29000000000000004,0.24554545756245064,8738.0,8738.0,0.9655172413793103,0.9146049617631762,1.0
P01,44,3.75,4.0,3.875,17.23387965496136,11.15,3199,3182,17,0.994685839324789,0.005314160675210955,0.38000000000000006,0.4100000000000001,0.31605892939275904,7710.0,7710.0,1.3103448275862069,1.177252749457418,0.8823529411764706
P01,44,4.0,4.25,4.125,17.23387965496136,11.15,3940,3860,80,0.9796954314720813,0.02030456852791873,0.5400000000000001,0.5700000000000001,0.7824708569088565,7196.0,7196.0,1.8620689655172415,2.9145386571930767,0.8235294117647058
P01,44,4.25,4.5,4.375,17.23387965496136,11.15,3205,2984,221,0.9310452418096724,0.06895475819032759,0.4200000000000001,0.4600000000000001,0.29576349830090326,7967.0,7710.0,1.4482758620689657,1.1016565557342541,0.9117647058823529
P01,44,4.5,4.75,4.625,17.23387965496136,11.15,2591,2591,0,1.0,0.0,0.24000000000000005,0.24000000000000005,0.23092746346972715,8481.0,8481.0,0.8275862068965518,0.8601560215915611,0.9705882352941176
P01,44,4.75,5.0,4.875,17.23387965496136,11.15,3898,3893,5,0.9987172909184197,0.0012827090815803466,0.4800000000000001,0.4800000000000001,0.5982052980313671,6939.0,6939.0,1.6551724137931036,2.2281883736063666,0.7941176470588235
P01,44,5.0,5.25,5.125,17.23387965496136,11.15,3105,3075,30,0.9903381642512077,0.009661835748792313,0.4100000000000001,0.45000000000000007,0.5448007622756059,7710.0,7710.0,1.413793103448276,2.029267758793301,0.8823529411764706
P01,44,5.25,5.5,5.375,17.23387965496136,11.15,3865,3772,93,0.9759379042690814,0.024062095730918553,0.38000000000000006,0.4100000000000001,0.5969637271638542,7196.0,7196.0,1.3103448275862069,2.223563784387406,0.8235294117647058
P01,44,5.5,5.75,5.625,17.23387965496136,11.15,2725,2721,4,0.9985321100917431,0.0014678899082568586,0.25000000000000006,0.2700000000000001,0.21918485328369494,8224.0,8224.0,0.8620689655172414,0.816417279092265,0.9411764705882353
P01,44,5.75,6.0,5.875,17.23387965496136,11.15,3413,3255,158,0.9537064166422502,0.0462935833577498,0.4200000000000001,0.4800000000000001,0.31490690030806645,7196.0,6939.0,1.4482758620689657,1.1729616844651554,0.8235294117647058
P01,44,6.0,6.25,6.125,17.23387965496136,11.15,3988,3796,192,0.9518555667001003,0.0481444332998997,0.5900000000000001,0.7400000000000001,0.6448705186860038,6682.0,6425.0,2.0344827586206895,2.4020064632431866,0.7647058823529411
P01,44,6.25,6.5,6.375,17.23387965496136,11.15,3652,3297,355,0.9027929901423878,0.09720700985761221,0.4900000000000001,0.5900000000000001,0.7939738423244203,7196.0,6682.0,1.6896551724137931,2.9573848480393816,0.8235294117647058
P01,44,6.5,6.75,6.625,17.23387965496136,11.15,3851,3489,362,0.9059984419631265,0.09400155803687349,0.4100000000000001,0.5000000000000001,0.47046338848959585,7196.0,6682.0,1.413793103448276,1.7523767440538542,0.8235294117647058
P01,44,6.75,7.0,6.875,17.23387965496136,11.15,3140,3032,108,0.9656050955414013,0.03439490445859872,0.38000000000000006,0.4600000000000001,0.26061129316688886,7967.0,7710.0,1.3103448275862069,0.970722016966378,0.9117647058823529
P01,44,7.0,7.25,7.125,17.23387965496136,11.15,4133,3816,317,0.923300266150496,0.07669973384950401,0.5300000000000001,0.6200000000000001,0.9531858316468365,6168.0,5654.0,1.827586206896552,3.5504158772101513,0.7058823529411765
P01,44,7.25,7.5,7.375,17.23387965496136,11.15,2848,2827,21,0.992626404494382,0.0073735955056180025,0.3400000000000001,0.37000000000000005,0.3149847419666499,7453.0,7453.0,1.1724137931034484,1.1732516282005396,0.8529411764705882
P01,44,7.5,7.75,7.625,17.23387965496136,11.15,3942,3865,77,0.980466768138001,0.019533231861998956,0.5400000000000001,0.5800000000000001,0.516561304693113,6168.0,6168.0,1.8620689655172415,1.924081744444492,0.7058823529411765
P01,44,7.75,8.0,7.875,17.23387965496136,11.15,3683,2873,810,0.7800705946239479,0.2199294053760521,0.5500000000000002,1.0300000000000002,1.3879613102684711,6682.0,5140.0,1.8965517241379313,5.169862695521466,0.7647058823529411
P01,44,8.0,8.25,8.125,17.23387965496136,11.15,6757,4303,2454,0.6368210744413201,0.3631789255586799,0.7100000000000002,1.4300000000000004,1.252692893277231,5654.0,4112.0,2.4482758620689657,4.666016415577261,0.6470588235294118
P01,44,8.25,8.5,8.375,17.23387965496136,11.15,5416,3277,2139,0.6050590841949779,0.3949409158050221,0.6100000000000001,1.0900000000000003,1.305348151382062,5911.0,4369.0,2.103448275862069,4.862146129413856,0.6764705882352942
P01,44,8.5,8.75,8.625,17.23387965496136,11.15,7199,4787,2412,0.6649534657591332,0.33504653424086683,0.8700000000000002,1.7700000000000002,1.5609709151037587,5654.0,4369.0,3.0000000000000004,5.814286927946111,0.6470588235294118
P01,44,8.75,9.0,8.875,17.23387965496136,11.15,7833,2482,5351,0.3168645474275501,0.6831354525724499,0.5100000000000001,2.7100000000000004,1.4647657826957905,6939.0,3341.0,1.7586206896551726,5.455943131563593,0.7941176470588235
P01,44,9.0,9.25,9.125,17.23387965496136,11.15,12099,2538,9561,0.2097694024299529,0.7902305975700471,0.5000000000000001,3.460000000000001,0.2996010238554589,7453.0,3084.0,1.7241379310344829,1.1159505278074167,0.8529411764705882
P01,44,9.25,9.5,9.375,17.23387965496136,11.15,8972,2965,6007,0.3304725813642443,0.6695274186357557,0.5800000000000001,2.3600000000000003,0.7992657580984482,6425.0,3598.0,2.0,2.9770961164627763,0.7352941176470589
P01,44,9.5,9.75,9.625,17.23387965496136,11.15,3552,2419,1133,0.6810247747747747,0.31897522522522526,0.45000000000000007,1.1300000000000001,0.903444772150711,6682.0,5140.0,1.5517241379310345,3.365140937611877,0.7647058823529411
P01,44,9.75,10.0,9.875,17.23387965496136,11.15,3409,1756,1653,0.5151070695218539,0.4848929304781461,0.33000000000000007,1.3400000000000003,0.22949508782218386,7196.0,4369.0,1.1379310344827587,0.8548207248715286,0.8235294117647058
P01,44,10.0,10.25,10.125,17.23387965496136,11.15,5887,2537,3350,0.43094954985561407,0.5690504501443859,0.4700000000000001,2.8400000000000007,0.35917113610790324,6939.0,3084.0,1.620689655172414,1.337836612688535,0.7941176470588235
P01,44,10.25,10.5,10.375,17.23387965496136,11.15,12886,2999,9887,0.23273319882042526,0.7672668011795747,0.6700000000000002,4.430000000000001,1.0022060663918957,6168.0,3084.0,2.3103448275862073,3.7330058968737156,0.7058823529411765
P01,44,10.5,10.75,10.625,17.23387965496136,11.15,7179,2184,4995,0.304220643543669,0.695779356456331,0.6200000000000001,3.3600000000000008,0.9069785004280247,6168.0,3084.0,2.137931034482759,3.3783033289997606,0.7058823529411765
P01,44,10.75,11.0,10.875,17.23387965496136,11.15,7639,2496,5143,0.3267443382641707,0.6732556617358293,0.6800000000000002,3.0100000000000007,1.4798248435162642,5654.0,2827.0,2.344827586206897,5.512034952127595,0.6470588235294118
P01,44,11.0,11.25,11.125,17.23387965496136,11.15,5729,2303,3426,0.401989876069122,0.5980101239308779,0.7500000000000001,2.880000000000001,1.402320325891018,5397.0,2570.0,2.586206896551724,5.223346995596845,0.6176470588235294
P01,44,11.25,11.5,11.375,17.23387965496136,11.15,12009,2208,9801,0.18386210342243317,0.8161378965775669,0.5300000000000001,4.8100000000000005,0.5685498182892287,6168.0,2827.0,1.827586206896552,2.1177279758255243,0.7058823529411765
P01,44,11.5,11.75,11.625,17.23387965496136,11.15,10590,866,9724,0.0817752596789424,0.9182247403210576,0.26000000000000006,5.760000000000002,0.20484384178168835,7196.0,2570.0,0.8965517241379312,0.7630000405628083,0.8235294117647058
P01,44,11.75,12.0,11.875,17.23387965496136,11.15,12825,419,12406,0.03267056530214425,0.9673294346978557,0.20000000000000004,7.200000000000001,0.2421574096530255,6939.0,2313.0,0.6896551724137931,0.9019851989729667,0.7941176470588235
P01,44,12.0,12.25,12.125,17.23387965496136,11.15,21695,353,21342,0.016271030191288314,0.9837289698087117,0.21000000000000005,8.990000000000002,0.2422688417624637,7196.0,2313.0,0.7241379310344829,0.9024002600423248,0.8235294117647058
P01,44,12.25,12.5,12.375,17.23387965496136,11.15,18649,110,18539,0.005898439594616334,0.9941015604053837,0.13000000000000003,9.980000000000002,0.22178221845655263,6939.0,2570.0,0.4482758620689656,0.8260919157081851,0.7941176470588235
P01,44,12.5,12.75,12.625,17.23387965496136,11.15,23411,177,23234,0.007560548460125582,0.9924394515398745,0.18000000000000005,10.750000000000002,0.3699596623793029,6939.0,2570.0,0.6206896551724139,1.3780215941412053,0.7941176470588235
P01,44,12.75,13.0,12.875,17.23387965496136,11.15,15478,118,15360,0.007623723995348236,0.9923762760046517,0.17000000000000004,9.150000000000002,2.7787711471475443,4240.5,2570.0,0.5862068965517242,10.350335550960505,0.4852941176470588
P01,44,13.0,13.25,13.125,17.23387965496136,11.15,8877,79,8798,0.00889940295144756,0.9911005970485525,0.08000000000000002,6.7200000000000015,0.11124190505338671,1799.0,2313.0,0.27586206896551724,0.4143525982024695,0.20588235294117646
P01,44,13.25,13.5,13.375,17.23387965496136,11.15,6458,43,6415,0.0066584081759058535,0.9933415918240941,0.07,6.050000000000002,0.09362466855452276,1799.0,2313.0,0.24137931034482757,0.34873211361126805,0.20588235294117646
P01,44,13.5,13.75,13.625,17.23387965496136,11.15,7572,8,7564,0.0010565240359218173,0.9989434759640782,0.04000000000000001,7.860000000000001,0.068991507446257,771.0,2313.0,0.13793103448275862,0.2569787918549431,0.08823529411764706
P01,44,13.75,14.0,13.875,17.23387965496136,11.15,22007,1,22006,4.544008724496751e-05,0.9999545599127551,0.010000000000000002,11.120000000000003,,11565.0,2570.0,0.034482758620689655,,1.3235294117647058
P01,44,14.0,14.25,14.125,17.23387965496136,11.15,13568,0,13568,0.0,1.0,0.0,10.910000000000002,,,2570.0,0.0,,
P01,44,14.25,14.5,14.375,17.23387965496136,11.15,11053,0,11053,0.0,1.0,0.0,10.320000000000002,,,2827.0,0.0,,
P01,44,14.5,14.75,14.625,17.23387965496136,11.15,8670,0,8670,0.0,1.0,0.0,9.960000000000003,,,3084.0,0.0,,
P01,44,14.75,15.0,14.875,17.23387965496136,11.15,9466,0,9466,0.0,1.0,0.0,9.460000000000003,,,3084.0,0.0,,
P01,44,15.0,15.25,15.125,17.23387965496136,11.15,6902,0,6902,0.0,1.0,0.0,9.650000000000002,,,2570.0,0.0,,
P01,44,15.25,15.5,15.375,17.23387965496136,11.15,7590,0,7590,0.0,1.0,0.0,9.370000000000001,,,2570.0,0.0,,
P01,44,15.5,15.75,15.625,17.23387965496136,11.15,3421,0,3421,0.0,1.0,0.0,6.270000000000001,,,2570.0,0.0,,
P01,44,15.75,16.0,15.875,17.23387965496136,11.15,2234,0,2234,0.0,1.0,0.0,5.220000000000001,,,2313.0,0.0,,
P01,44,16.0,16.25,16.125,17.23387965496136,11.15,2679,0,2679,0.0,1.0,0.0,6.980000000000001,,,2570.0,0.0,,
P01,44,16.25,16.5,16.375,17.23387965496136,11.15,3422,0,3422,0.0,1.0,0.0,8.190000000000001,,,2570.0,0.0,,
P01,44,16.5,16.75,16.625,17.23387965496136,11.15,1128,0,1128,0.0,1.0,0.0,3.5300000000000007,,,2570.0,0.0,,
P01,44,16.75,17.0,16.875,17.23387965496136,11.15,439,0,439,0.0,1.0,0.0,1.6500000000000004,,,2570.0,0.0,,
P01,44,17.0,17.25,17.125,17.23387965496136,11.15,2543,0,2543,0.0,1.0,0.0,6.040000000000001,,,2827.0,0.0,,
P01,48,0.0,0.25,0.125,17.277283079706613,12.3,1886,1886,0,1.0,0.0,0.30000000000000004,0.30000000000000004,0.3173080326638068,10023.0,10023.0,1.1538461538461537,1.203520137403068,1.054054054054054
P01,48,0.25,0.5,0.375,17.277283079706613,12.3,3012,3011,1,0.999667994687915,0.00033200531208499307,0.31000000000000005,0.31000000000000005,0.28466026798160093,9509.0,9509.0,1.1923076923076923,1.0796901734832378,1.0
P01,48,0.5,0.75,0.625,17.277283079706613,12.3,3178,3178,0,1.0,0.0,0.25000000000000006,0.25000000000000006,0.2636499571569179,9252.0,9252.0,0.9615384615384616,1.0,0.972972972972973
P01,48,0.75,1.0,0.875,17.277283079706613,12.3,3470,3470,0,1.0,0.0,0.26000000000000006,0.26000000000000006,0.2551728539527758,9252.0,9252.0,1.0,0.9678471284594339,0.972972972972973
P01,48,1.0,1.25,1.125,17.277283079706613,12.3,3330,3330,0,1.0,0.0,0.22000000000000003,0.22000000000000003,0.2467244412375434,9509.0,9509.0,0.846153846153846,0.9358030773003279,1.0
P01,48,1.25,1.5,1.375,17.277283079706613,12.3,3393,3393,0,1.0,0.0,0.21000000000000005,0.21000000000000005,0.24769980458635593,9509.0,9509.0,0.8076923076923077,0.9395025406316723,1.0
P01,48,1.5,1.75,1.625,17.277283079706613,12.3,3632,3632,0,1.0,0.0,0.23000000000000004,0.23000000000000004,0.23603389590686424,9252.0,9252.0,0.8846153846153846,0.8952548236766172,0.972972972972973
P01,48,1.75,2.0,1.875,17.277283079706613,12.3,3929,3929,0,1.0,0.0,0.21000000000000005,0.21000000000000005,0.23089991364911402,9509.0,9509.0,0.8076923076923077,0.8757821019166262,1.0
P01,48,2.0,2.25,2.125,17.277283079706613,12.3,3876,3872,4,0.9989680082559339,0.0010319917440660964,0.22000000000000003,0.22000000000000003,0.22784681486312608,9509.0,9509.0,0.846153846153846,0.8642019794735537,1.0
P01,48,2.25,2.5,2.375,17.277283079706613,12.3,4045,4043,2,0.9995055624227441,0.0004944375772558685,0.23000000000000004,0.23000000000000004,0.23435976609027204,8995.0,8995.0,0.8846153846153846,0.8889050035035163,0.9459459459459459
P01,48,2.5,2.75,2.625,17.277283079706613,12.3,4086,4077,9,0.9977973568281938,0.0022026431718061845,0.23000000000000004,0.24000000000000005,0.22619151035533203,9252.0,9252.0,0.8846153846153846,0.8579235619625322,0.972972972972973
P01,48,2.75,3.0,2.875,17.277283079706613,12.3,4131,4127,4,0.9990317114500121,0.0009682885499878724,0.2700000000000001,0.2700000000000001,0.22899825250807937,8738.0,8738.0,1.0384615384615385,0.8685692763901542,0.918918918918919
P01,48,3.0,3.25,3.125,17.277283079706613,12.3,3629,3621,8,0.9977955359603197,0.0022044640396803317,0.25000000000000006,0.26000000000000006,0.22332263627574822,8481.0,8481.0,0.9615384615384616,0.8470421868600272,0.8918918918918919
P01,48,3.25,3.5,3.375,17.277283079706613,12.3,1712,1700,12,0.9929906542056075,0.007009345794392496,0.19000000000000003,0.20000000000000004,0.23300987097520384,6682.0,6682.0,0.7307692307692307,0.8837849756847188,0.7027027027027027
P01,48,3.5,3.75,3.625,17.277283079706613,12.3,182,182,0,1.0,0.0,0.09000000000000002,0.09000000000000002,0.15148158652456428,5140.0,5140.0,0.34615384615384615,0.5745557031682209,0.5405405405405406
P01,48,3.75,4.0,3.875,17.277283079706613,12.3,128,128,0,1.0,0.0,0.08000000000000002,0.08000000000000002,0.171330940910122,6168.0,6168.0,0.30769230769230765,0.6498424758254372,0.6486486486486487
P01,48,4.0,4.25,4.125,17.277283079706613,12.3,1429,1427,2,0.9986004198740378,0.0013995801259621965,0.20000000000000004,0.21000000000000005,0.23905773072616493,7196.0,7196.0,0.7692307692307692,0.9067239505898486,0.7567567567567568
P01,48,4.25,4.5,4.375,17.277283079706613,12.3,3158,3158,0,1.0,0.0,0.21000000000000005,0.21000000000000005,0.22274750181556704,7196.0,7196.0,0.8076923076923077,0.844860754834082,0.7567567567567568
P01,48,4.5,4.75,4.625,17.277283079706613,12.3,3050,3050,0,1.0,0.0,0.22000000000000003,0.22000000000000003,0.21173010957638166,6939.0,6939.0,0.846153846153846,0.8030728009956215,0.7297297297297297
P01,48,4.75,5.0,4.875,17.277283079706613,12.3,2677,2677,0,1.0,0.0,0.22000000000000003,0.22000000000000003,0.21287601998330452,7710.0,7710.0,0.846153846153846,0.8074191336075431,0.8108108108108109
P01,48,5.0,5.25,5.125,17.277283079706613,12.3,3101,3100,1,0.999677523379555,0.00032247662044504466,0.26000000000000006,0.2700000000000001,0.22987224689151908,6939.0,6939.0,1.0,0.8718842565739725,0.7297297297297297
P01,48,5.25,5.5,5.375,17.277283079706613,12.3,2948,2948,0,1.0,0.0,0.22000000000000003,0.22000000000000003,0.21304397066847913,7196.0,7196.0,0.846153846153846,0.8080561550847537,0.7567567567567568
P01,48,5.5,5.75,5.625,17.277283079706613,12.3,2800,2800,0,1.0,0.0,0.22000000000000003,0.22000000000000003,0.20801429578061997,6939.0,6939.0,0.846153846153846,0.78897906156994,0.7297297297297297
P01,48,5.75,6.0,5.875,17.277283079706613,12.3,2692,2692,0,1.0,0.0,0.23000000000000004,0.23000000000000004,0.20637647612637805,7196.0,7196.0,0.8846153846153846,0.7827669624977329,0.7567567567567568
P01,48,6.0,6.25,6.125,17.277283079706613,12.3,4349,3626,723,0.8337548861807312,0.16624511381926876,0.29000000000000004,0.4200000000000001,0.42274250710704214,6939.0,6168.0,1.1153846153846152,1.6034233863176253,0.7297297297297297
P01,48,6.25,6.5,6.375,17.277283079706613,12.3,2751,2749,2,0.9992729916394039,0.0007270083605961375,0.2700000000000001,0.29000000000000004,0.24424816238442104,6939.0,6939.0,1.0384615384615385,0.9264107797258264,0.7297297297297297
P01,48,6.5,6.75,6.625,17.277283079706613,12.3,2475,2475,0,1.0,0.0,0.21000000000000005,0.21000000000000005,0.2069535266393005,7196.0,7196.0,0.8076923076923077,0.7849556619352185,0.7567567567567568
P01,48,6.75,7.0,6.875,17.277283079706613,12.3,2814,2814,0,1.0,0.0,0.2700000000000001,0.2700000000000001,0.22995259181175418,6682.0,6682.0,1.0384615384615385,0.8721889974550312,0.7027027027027027
P01,48,7.0,7.25,7.125,17.277283079706613,12.3,2806,2806,0,1.0,0.0,0.32000000000000006,0.32000000000000006,0.2939930554503409,6939.0,6939.0,1.2307692307692306,1.1150885766135874,0.7297297297297297
P01,48,7.25,7.5,7.375,17.277283079706613,12.3,3650,3645,5,0.9986301369863013,0.00136986301369868,0.5400000000000001,0.5500000000000002,0.6619033161065069,5654.0,5654.0,2.076923076923077,2.5105383033025053,0.5945945945945946
P01,48,7.5,7.75,7.625,17.277283079706613,12.3,4358,3970,388,0.9109683340982102,0.08903166590178979,0.5000000000000001,0.5700000000000001,2.906511143903307,5911.0,5654.0,1.9230769230769231,11.024129020333667,0.6216216216216216
P01,48,7.75,8.0,7.875,17.277283079706613,12.3,3200,3116,84,0.97375,0.026249999999999996,0.4600000000000001,0.5000000000000001,2.8504380350553475,6425.0,6425.0,1.7692307692307692,10.81144888394136,0.6756756756756757
P01,48,8.0,8.25,8.125,17.277283079706613,12.3,3101,3100,1,0.999677523379555,0.00032247662044504466,0.4100000000000001,0.4200000000000001,2.643260922608221,6425.0,6425.0,1.5769230769230769,10.025645181633834,0.6756756756756757
P01,48,8.25,8.5,8.375,17.277283079706613,12.3,5891,5610,281,0.9523001188253267,0.047699881174673275,0.9600000000000002,1.0300000000000002,2.2910675895099692,4626.0,4626.0,3.692307692307692,8.689808313325015,0.4864864864864865
P01,48,8.5,8.75,8.625,17.277283079706613,12.3,7426,6559,867,0.8832480474010235,0.11675195259897653,1.1700000000000002,1.4100000000000004,1.626200879117837,4883.0,4626.0,4.499999999999999,6.168030128485713,0.5135135135135135
P01,48,8.75,9.0,8.875,17.277283079706613,12.3,4119,3814,305,0.9259529011896092,0.07404709881039084,0.8000000000000002,1.0100000000000002,0.8130994845412084,5397.0,5140.0,3.0769230769230766,3.0840114419486584,0.5675675675675675
P01,48,9.0,9.25,9.125,17.277283079706613,12.3,3490,3466,24,0.9931232091690544,0.006876790830945612,0.5100000000000001,0.5200000000000001,0.5770462974472258,6168.0,6168.0,1.9615384615384615,2.18868344857641,0.6486486486486487
P01,48,9.25,9.5,9.375,17.277283079706613,12.3,3732,3225,507,0.8641479099678456,0.13585209003215437,0.5000000000000001,0.7100000000000002,0.534890782442983,5911.0,5397.0,1.9230769230769231,2.0287914635412942,0.6216216216216216
P01,48,9.5,9.75,9.625,17.277283079706613,12.3,3423,2374,1049,0.6935436751387671,0.30645632486123286,0.39000000000000007,0.7100000000000002,0.23573321278137874,7196.0,5140.0,1.5,0.8941143602806512,0.7567567567567568
P01,48,9.75,10.0,9.875,17.277283079706613,12.3,6141,3885,2256,0.6326331216414265,0.3673668783585735,0.5900000000000001,1.6000000000000003,0.6778887755559116,5397.0,3855.0,2.269230769230769,2.5711696784098055,0.5675675675675675
P01,48,10.0,10.25,10.125,17.277283079706613,12.3,10854,2700,8154,0.24875621890547264,0.7512437810945274,0.6300000000000001,2.3200000000000003,1.3045868696331262,6168.0,3084.0,2.423076923076923,4.948177817668555,0.6486486486486487
P01,48,10.25,10.5,10.375,17.277283079706613,12.3,7445,3059,4386,0.41087978509066486,0.5891202149093351,0.4900000000000001,1.5700000000000003,1.868780108794349,5397.0,3341.0,1.8846153846153846,7.088110800192914,0.5675675675675675
P01,48,10.5,10.75,10.625,17.277283079706613,12.3,7301,3947,3354,0.5406108752225722,0.45938912477742777,0.9800000000000002,1.6900000000000004,1.8136662708621942,4626.0,3855.0,3.769230769230769,6.8790690900159905,0.4864864864864865
P01,48,10.75,11.0,10.875,17.277283079706613,12.3,6024,4796,1228,0.796148738379814,0.20385126162018596,1.2500000000000002,2.0200000000000005,1.636355117052159,5140.0,4369.0,4.8076923076923075,6.206544217559805,0.5405405405405406
P01,48,11.0,11.25,11.125,17.277283079706613,12.3,6798,4100,2698,0.6031185642836129,0.3968814357163871,1.2600000000000002,1.8800000000000003,1.3740383594109806,4626.0,3855.0,4.846153846153846,5.211600920508351,0.4864864864864865
P01,48,11.25,11.5,11.375,17.277283079706613,12.3,5724,2284,3440,0.39902166317260657,0.6009783368273934,0.6000000000000001,1.8800000000000003,0.9063804695455807,6168.0,3855.0,2.3076923076923075,3.4378176250039196,0.6486486486486487
P01,48,11.5,11.75,11.625,17.277283079706613,12.3,12790,1883,10907,0.1472243940578577,0.8527756059421423,0.5500000000000002,3.670000000000001,0.8883369467068576,6682.0,2570.0,2.1153846153846154,3.369380205050219,0.7027027027027027
P01,48,11.75,12.0,11.875,17.277283079706613,12.3,16573,2564,14009,0.154709467205696,0.845290532794304,0.6000000000000001,4.8500000000000005,0.6893150323055657,5911.0,2570.0,2.3076923076923075,2.6145084176717788,0.6216216216216216
P01,48,12.0,12.25,12.125,17.277283079706613,12.3,18559,1664,16895,0.08966000323293281,0.9103399967670672,0.5100000000000001,5.650000000000001,0.5264608894391231,6168.0,2827.0,1.9615384615384615,1.9968176559413837,0.6486486486486487
P01,48,12.25,12.5,12.375,17.277283079706613,12.3,13230,1073,12157,0.08110355253212397,0.918896447467876,0.4800000000000001,4.340000000000001,1.6201649908339841,5911.0,2827.0,1.846153846153846,6.14513656025251,0.6216216216216216
P01,48,12.5,12.75,12.625,17.277283079706613,12.3,5721,1567,4154,0.27390316378255547,0.7260968362174445,0.5700000000000001,3.1000000000000005,1.6122737012595565,5397.0,3341.0,2.192307692307692,6.115205625844161,0.5675675675675675
P01,48,12.75,13.0,12.875,17.277283079706613,12.3,4262,2024,2238,0.47489441576724545,0.5251055842327546,0.5900000000000001,1.9400000000000004,0.7055082314182265,5654.0,3598.0,2.269230769230769,2.6759277301847826,0.5945945945945946
P01,48,13.0,13.25,13.125,17.277283079706613,12.3,8369,1734,6635,0.2071932130481539,0.792806786951846,0.6100000000000001,3.2500000000000004,1.1251041497876424,5911.0,2827.0,2.346153846153846,4.267416395285087,0.6216216216216216
P01,48,13.25,13.5,13.375,17.277283079706613,12.3,11357,2010,9347,0.17698335828123624,0.8230166417187638,0.6800000000000002,4.940000000000001,0.7499171383616232,5654.0,2827.0,2.6153846153846154,2.8443666232621125,0.5945945945945946
P01,48,13.5,13.75,13.625,17.277283079706613,12.3,20637,824,19813,0.03992828414982798,0.960071715850172,0.4700000000000001,8.990000000000002,1.0167838105262343,5654.0,2570.0,1.8076923076923075,3.856567326961748,0.5945945945945946
P01,48,13.75,14.0,13.875,17.277283079706613,12.3,32464,979,31485,0.030156481025135535,0.9698435189748644,0.4200000000000001,11.990000000000002,0.784451517288077,5654.0,2827.0,1.6153846153846154,2.975352341215026,0.5945945945945946
P01,48,14.0,14.25,14.125,17.277283079706613,12.3,36203,1,36202,2.7622020274562883e-05,0.9999723779797255,0.010000000000000002,13.330000000000002,,16191.0,3084.0,0.03846153846153846,,1.7027027027027026
P01,48,14.25,14.5,14.375,17.277283079706613,12.3,24071,1,24070,4.1543766357858004e-05,0.9999584562336421,0.010000000000000002,13.290000000000003,,3084.0,2827.0,0.03846153846153846,,0.32432432432432434
P01,48,14.5,14.75,14.625,17.277283079706613,12.3,17503,33,17470,0.0018853910758155745,0.9981146089241845,0.06000000000000001,10.930000000000001,0.1308653359047154,9509.0,2570.0,0.23076923076923075,0.496360163741,1.0
P01,48,14.75,15.0,14.875,17.277283079706613,12.3,11558,50,11508,0.004326007959854646,0.9956739920401454,0.06000000000000001,8.570000000000002,0.11936833256928997,6425.0,2570.0,0.23076923076923075,0.4527530891963881,0.6756756756756757
P01,48,15.0,15.25,15.125,17.277283079706613,12.3,10167,0,10167,0.0,1.0,0.0,9.190000000000001,,,2570.0,0.0,,
P01,48,15.25,15.5,15.375,17.277283079706613,12.3,15626,0,15626,0.0,1.0,0.0,11.430000000000001,,,3084.0,0.0,,
P01,48,15.5,15.75,15.625,17.277283079706613,12.3,15972,0,15972,0.0,1.0,0.0,12.680000000000003,,,3084.0,0.0,,
P01,48,15.75,16.0,15.875,17.277283079706613,12.3,16313,0,16313,0.0,1.0,0.0,10.070000000000002,,,3084.0,0.0,,
P01,48,16.0,16.25,16.125,17.277283079706613,12.3,8767,0,8767,0.0,1.0,0.0,8.390000000000002,,,3084.0,0.0,,
P01,48,16.25,16.5,16.375,17.277283079706613,12.3,5210,0,5210,0.0,1.0,0.0,7.030000000000001,,,3084.0,0.0,,
P01,48,16.5,16.75,16.625,17.277283079706613,12.3,4151,0,4151,0.0,1.0,0.0,6.850000000000001,,,3341.0,0.0,,
P01,48,16.75,17.0,16.875,17.277283079706613,12.3,3342,0,3342,0.0,1.0,0.0,5.340000000000001,,,3598.0,0.0,,
P01,48,17.0,17.25,17.125,17.277283079706613,12.3,1618,0,1618,0.0,1.0,0.0,3.2900000000000005,,,3598.0,0.0,,
P01,48,17.25,17.5,17.375,17.277283079706613,12.3,2609,0,2609,0.0,1.0,0.0,4.820000000000001,,,3341.0,0.0,,
P02,4,0.0,0.25,0.125,14.646960398891023,8.67,4002,3156,846,0.7886056971514243,0.21139430284857574,0.30000000000000004,0.44000000000000006,0.2520976855687016,9509.0,8738.0,1.2,1.3341490138087901,1.0277777777777777
P02,4,0.25,0.5,0.375,14.646960398891023,8.67,4149,4149,0,1.0,0.0,0.26000000000000006,0.26000000000000006,0.20088105934675826,8995.0,8995.0,1.04,1.0631008635234211,0.9722222222222222
P02,4,0.5,0.75,0.625,14.646960398891023,8.67,4181,4181,0,1.0,0.0,0.25000000000000006,0.25000000000000006,0.1889576673665571,8995.0,8995.0,1.0,1.0,0.9722222222222222
P02,4,0.75,1.0,0.875,14.646960398891023,8.67,4443,4443,0,1.0,0.0,0.20000000000000004,0.20000000000000004,0.18880730961237038,9252.0,9252.0,0.7999999999999999,0.9992042780995224,1.0
P02,4,1.0,1.25,1.125,14.646960398891023,8.67,4418,4418,0,1.0,0.0,0.19000000000000003,0.19000000000000003,0.18655789866844025,9252.0,9252.0,0.7599999999999999,0.9872999665397987,1.0
P02,4,1.25,1.5,1.375,14.646960398891023,8.67,4454,4454,0,1.0,0.0,0.20000000000000004,0.20000000000000004,0.18192992583159992,9509.0,9509.0,0.7999999999999999,0.9628078519760506,1.0277777777777777
P02,4,1.5,1.75,1.625,14.646960398891023,8.67,4487,4487,0,1.0,0.0,0.20000000000000004,0.20000000000000004,0.17400287397273992,8995.0,8995.0,0.7999999999999999,0.9208563822667934,0.9722222222222222
P02,4,1.75,2.0,1.875,14.646960398891023,8.67,4517,4517,0,1.0,0.0,0.20000000000000004,0.20000000000000004,0.17462244947263483,8738.0,8738.0,0.7999999999999999,0.9241352939327223,0.9444444444444444
P02,4,2.0,2.25,2.125,14.646960398891023,8.67,4423,4423,0,1.0,0.0,0.22000000000000003,0.22000000000000003,0.16722738438541973,8481.0,8481.0,0.8799999999999999,0.8849991996409279,0.9166666666666666
P02,4,2.25,2.5,2.375,14.646960398891023,8.67,4646,4646,0,1.0,0.0,0.21000000000000005,0.21000000000000005,0.17523196423672197,8224.0,8224.0,0.84,0.9273609622667028,0.8888888888888888
P02,4,2.5,2.75,2.625,14.646960398891023,8.67,4671,4671,0,1.0,0.0,0.22000000000000003,0.22000000000000003,0.17438893321968946,7967.0,7967.0,0.8799999999999999,0.9228994814028588,0.8611111111111112
P02,4,2.75,3.0,2.875,14.646960398891023,8.67,4422,4422,0,1.0,0.0,0.22000000000000003,0.22000000000000003,0.1702057582855013,7967.0,7967.0,0.8799999999999999,0.9007613221395289,0.8611111111111112
P02,4,3.0,3.25,3.125,14.646960398891023,8.67,4249,4249,0,1.0,0.0,0.23000000000000004,0.23000000000000004,0.1670981743250009,7710.0,7710.0,0.9199999999999999,0.8843153953676238,0.8333333333333334
P02,4,3.25,3.5,3.375,14.646960398891023,8.67,4079,4079,0,1.0,0.0,0.20000000000000004,0.20000000000000004,0.16694340349935394,7196.0,7196.0,0.7999999999999999,0.8834963186516379,0.7777777777777778
P02,4,3.5,3.75,3.625,14.646960398891023,8.67,3827,3827,0,1.0,0.0,0.20000000000000004,0.20000000000000004,0.16322622331209147,7196.0,7196.0,0.7999999999999999,0.8638242924297458,0.7777777777777778
P02,4,3.75,4.0,3.875,14.646960398891023,8.67,3836,3836,0,1.0,0.0,0.21000000000000005,0.21000000000000005,0.16895561292324038,6939.0,6939.0,0.84,0.894145314545427,0.75
P02,4,4.0,4.25,4.125,14.646960398891023,8.67,3776,3630,146,0.9613347457627118,0.03866525423728817,0.18000000000000005,0.30000000000000004,0.16164467208520952,6682.0,6682.0,0.7200000000000001,0.8554544218183887,0.7222222222222222
P02,4,4.25,4.5,4.375,14.646960398891023,8.67,5936,3861,2075,0.6504380053908356,0.3495619946091644,0.26000000000000006,0.6200000000000001,0.18321571989008356,6682.0,4369.0,1.04,0.9696125192668958,0.7222222222222222
P02,4,4.5,4.75,4.625,14.646960398891023,8.67,4355,4141,214,0.9508610792192882,0.0491389207807118,0.33000000000000007,0.4000000000000001,1.3769927377625728,5397.0,5140.0,1.32,7.2873080883844645,0.5833333333333334
P02,4,4.75,5.0,4.875,14.646960398891023,8.67,5135,5089,46,0.9910418695228822,0.008958130477117798,0.44000000000000006,0.45000000000000007,1.3212064159605366,4626.0,4626.0,1.7599999999999998,6.992076237888464,0.5
P02,4,5.0,5.25,5.125,14.646960398891023,8.67,5365,5248,117,0.9781919850885368,0.021808014911463225,0.5000000000000001,0.5400000000000001,1.2792036582736979,4626.0,4626.0,2.0,6.769789636491349,0.5
P02,4,5.25,5.5,5.375,14.646960398891023,8.67,4597,4567,30,0.9934740047857298,0.006525995214270219,0.4100000000000001,0.4800000000000001,1.2992546708648396,5654.0,5654.0,1.64,6.875903417797957,0.6111111111111112
P02,4,5.5,5.75,5.625,14.646960398891023,8.67,5826,4577,1249,0.7856162032269138,0.21438379677308617,0.45000000000000007,0.7200000000000002,1.179550507761646,4883.0,4112.0,1.7999999999999998,6.242406165363206,0.5277777777777778
P02,4,5.75,6.0,5.875,14.646960398891023,8.67,5837,4347,1490,0.7447318828165154,0.25526811718348463,0.4600000000000001,0.7500000000000001,1.1077564138780485,5140.0,4112.0,1.8399999999999999,5.8624581331707635,0.5555555555555556
P02,4,6.0,6.25,6.125,14.646960398891023,8.67,4928,4690,238,0.9517045454545454,0.048295454545454586,0.4900000000000001,0.5500000000000002,1.675501073491792,4883.0,4626.0,1.96,8.867071110914509,0.5277777777777778
P02,4,6.25,6.5,6.375,14.646960398891023,8.67,6362,4664,1698,0.7331027978623075,0.2668972021376925,0.5400000000000001,0.9200000000000002,1.6858536709511376,5140.0,3855.0,2.16,8.921859030365605,0.5555555555555556
P02,4,6.5,6.75,6.625,14.646960398891023,8.67,7337,4859,2478,0.6622597792013084,0.3377402207986916,0.5000000000000001,1.2200000000000002,1.5740405326558442,4883.0,3341.0,2.0,8.330122585617966,0.5277777777777778
P02,4,6.75,7.0,6.875,14.646960398891023,8.67,8160,4015,4145,0.49203431372549017,0.5079656862745099,0.45000000000000007,1.4700000000000002,1.5259062052084602,5654.0,2827.0,1.7999999999999998,8.075386548079946,0.6111111111111112
P02,4,7.0,7.25,7.125,14.646960398891023,8.67,10334,4466,5868,0.4321656667311786,0.5678343332688214,0.45000000000000007,1.7600000000000002,1.3136881980299555,5140.0,2570.0,1.7999999999999998,6.952288395270803,0.5555555555555556
P02,4,7.25,7.5,7.375,14.646960398891023,8.67,11118,4502,6616,0.4049289440546861,0.5950710559453138,0.7100000000000002,2.3200000000000003,1.1239496409992702,5140.0,2827.0,2.8400000000000003,5.948155778293619,0.5555555555555556
P02,4,7.5,7.75,7.625,14.646960398891023,8.67,12430,5454,6976,0.4387771520514883,0.5612228479485117,0.9400000000000002,2.4700000000000006,1.5974738064318421,4626.0,3084.0,3.76,8.45413593793428,0.5
P02,4,7.75,8.0,7.875,14.646960398891023,8.67,13423,3928,9495,0.2926320494673322,0.7073679505326678,0.6400000000000001,2.9400000000000004,0.6527167048109257,5911.0,2570.0,2.56,3.4543012406304054,0.6388888888888888
P02,4,8.0,8.25,8.125,14.646960398891023,8.67,14470,3057,11413,0.21126468555632344,0.7887353144436766,0.6500000000000001,2.7800000000000007,1.6393670433533325,6168.0,2313.0,2.6,8.675842934561318,0.6666666666666666
P02,4,8.25,8.5,8.375,14.646960398891023,8.67,11258,2579,8679,0.22908154201456743,0.7709184579854326,0.3400000000000001,2.3300000000000005,0.2249467874100062,6682.0,2313.0,1.36,1.1904612845036564,0.7222222222222222
P02,4,8.5,8.75,8.625,14.646960398891023,8.67,13881,2432,11449,0.175203515596859,0.824796484403141,0.4700000000000001,3.0900000000000007,2.019959293538755,6168.0,2313.0,1.88,10.690009681482023,0.6666666666666666
P02,4,8.75,9.0,8.875,14.646960398891023,8.67,16198,2550,13648,0.15742684282010125,0.8425731571798988,0.4800000000000001,3.400000000000001,1.2575337126903643,6425.0,2827.0,1.92,6.655108153144625,0.6944444444444444
P02,4,9.0,9.25,9.125,14.646960398891023,8.67,18731,2060,16671,0.10997811115263467,0.8900218888473653,0.4800000000000001,4.250000000000001,0.560936728726563,6939.0,2570.0,1.92,2.968584109574169,0.75
P02,4,9.25,9.5,9.375,14.646960398891023,8.67,24020,2211,21809,0.09204829308909242,0.9079517069109075,0.44000000000000006,4.680000000000001,0.47064755507434564,6168.0,2056.0,1.7599999999999998,2.4907565892065184,0.6666666666666666
P02,4,9.5,9.75,9.625,14.646960398891023,8.67,19789,1632,18157,0.08247005912375562,0.9175299408762444,0.38000000000000006,4.830000000000001,0.4790063118795649,6168.0,2570.0,1.5199999999999998,2.534992723795353,0.6666666666666666
P02,4,9.75,10.0,9.875,14.646960398891023,8.67,18469,2000,16469,0.10828956630028697,0.891710433699713,0.39000000000000007,5.440000000000001,0.30000191664755177,6168.0,2056.0,1.5599999999999998,1.587667337497245,0.6666666666666666
P02,4,10.0,10.25,10.125,14.646960398891023,8.67,29056,2717,26339,0.0935090859030837,0.9064909140969163,0.56,7.130000000000002,1.1198943703059172,5654.0,2313.0,2.2399999999999998,5.926694512657405,0.6111111111111112
P02,4,10.25,10.5,10.375,14.646960398891023,8.67,34667,1791,32876,0.05166296477918481,0.9483370352208151,0.56,8.470000000000002,0.8351660281911992,5911.0,2313.0,2.2399999999999998,4.419857843455851,0.6388888888888888
P02,4,10.5,10.75,10.625,14.646960398891023,8.67,34417,1210,33207,0.03515704448383067,0.9648429555161693,0.2700000000000001,9.100000000000001,0.19906594234588743,5654.0,2313.0,1.08,1.0534949183073972,0.6111111111111112
P02,4,10.75,11.0,10.875,14.646960398891023,8.67,37565,1092,36473,0.029069612671369625,0.9709303873286304,0.38000000000000006,8.830000000000002,0.38989983368807857,5911.0,2827.0,1.5199999999999998,2.0634242532837566,0.6388888888888888
P02,4,11.0,11.25,11.125,14.646960398891023,8.67,27522,890,26632,0.03233776615071579,0.9676622338492842,0.4200000000000001,8.170000000000002,0.674320871835681,5911.0,2570.0,1.68,3.568634611304619,0.6388888888888888
P02,4,11.25,11.5,11.375,14.646960398891023,8.67,31214,679,30535,0.021753059524572307,0.9782469404754277,0.6000000000000001,9.140000000000002,1.3056563634516896,5397.0,2827.0,2.4,6.909782395433892,0.5833333333333334
P02,4,11.5,11.75,11.625,14.646960398891023,8.67,30988,883,30105,0.028494901252097585,0.9715050987479024,0.45000000000000007,13.500000000000002,0.811856914778378,5140.0,2570.0,1.7999999999999998,4.296501571452323,0.5555555555555556
P02,4,11.75,12.0,11.875,14.646960398891023,8.67,55888,77,55811,0.0013777555110220442,0.998622244488978,0.19000000000000003,15.170000000000003,1.3896432952312143,5140.0,2827.0,0.7599999999999999,7.354257250304953,0.5555555555555556
P02,4,12.0,12.25,12.125,14.646960398891023,8.67,31792,36,31756,0.001132360342224459,0.9988676396577756,0.09000000000000002,12.920000000000002,1.8011491378891034,7453.0,2827.0,0.36000000000000004,9.532024622187317,0.8055555555555556
P02,4,12.25,12.5,12.375,14.646960398891023,8.67,13536,25,13511,0.0018469267139479906,0.998153073286052,0.11000000000000001,9.440000000000001,2.9305113066218573,2570.0,2570.0,0.43999999999999995,15.508824529131106,0.2777777777777778
P02,4,12.5,12.75,12.625,14.646960398891023,8.67,12016,12,12004,0.0009986684420772304,0.9990013315579228,0.030000000000000006,8.46,0.1347967351955487,6939.0,2827.0,0.12,0.713370021307777,0.75
P02,4,12.75,13.0,12.875,14.646960398891023,8.67,8536,3,8533,0.0003514526710402999,0.9996485473289597,0.020000000000000004,7.330000000000002,1.5509970274388156,3855.0,3084.0,0.08,8.208171962824096,0.4166666666666667
P02,4,13.0,13.25,13.125,14.646960398891023,8.67,9975,5,9970,0.0005012531328320802,0.9994987468671679,0.030000000000000006,8.480000000000002,0.67935751428104,7710.0,2570.0,0.12,3.5952894833484637,0.8333333333333334
P02,4,13.25,13.5,13.375,14.646960398891023,8.67,15019,0,15019,0.0,1.0,0.0,10.140000000000002,,,2827.0,0.0,,
P02,4,13.5,13.75,13.625,14.646960398891023,8.67,12867,0,12867,0.0,1.0,0.0,8.230000000000002,,,2827.0,0.0,,
P02,4,13.75,14.0,13.875,14.646960398891023,8.67,7716,0,7716,0.0,1.0,0.0,7.620000000000002,,,3084.0,0.0,,
P02,4,14.0,14.25,14.125,14.646960398891023,8.67,6171,0,6171,0.0,1.0,0.0,6.980000000000001,,,3341.0,0.0,,
P02,4,14.25,14.5,14.375,14.646960398891023,8.67,4667,0,4667,0.0,1.0,0.0,6.030000000000001,,,3084.0,0.0,,
P02,4,14.5,14.75,14.625,14.646960398891023,8.67,5589,3,5586,0.0005367686527106817,0.9994632313472893,0.020000000000000004,7.250000000000002,0.06966590076870446,12850.0,3341.0,0.08,0.3686852284938524,1.3888888888888888
P02,6,0.0,0.25,0.125,15.657805912839704,9.94,6350,6349,1,0.9998425196850393,0.0001574803149606563,0.45000000000000007,0.45000000000000007,0.40960467264450595,9509.0,9509.0,1.4516129032258065,1.2962835269463204,0.9024390243902439
P02,6,0.25,0.5,0.375,15.657805912839704,9.94,6326,6326,0,1.0,0.0,0.3400000000000001,0.3400000000000001,0.3171773940201107,10537.0,10537.0,1.0967741935483872,1.0037771989600048,1.0
P02,6,0.5,0.75,0.625,15.657805912839704,9.94,6517,6517,0,1.0,0.0,0.31000000000000005,0.31000000000000005,0.31598386011231616,10794.0,10794.0,1.0,1.0,1.024390243902439
P02,6,0.75,1.0,0.875,15.657805912839704,9.94,6013,6013,0,1.0,0.0,0.26000000000000006,0.26000000000000006,0.29187908447715516,10537.0,10537.0,0.8387096774193549,0.9237151681525981,1.0
P02,6,1.0,1.25,1.125,15.657805912839704,9.94,5838,5838,0,1.0,0.0,0.30000000000000004,0.30000000000000004,0.26813839337927486,10537.0,10537.0,0.967741935483871,0.8485825614129954,1.0
P02,6,1.25,1.5,1.375,15.657805912839704,9.94,6022,6022,0,1.0,0.0,0.29000000000000004,0.29000000000000004,0.2709124399804164,10151.5,10151.5,0.9354838709677419,0.8573616382941864,0.9634146341463414
P02,6,1.5,1.75,1.625,15.657805912839704,9.94,7139,7139,0,1.0,0.0,0.29000000000000004,0.29000000000000004,0.2787635189414,9252.0,9252.0,0.9354838709677419,0.8822080939270562,0.8780487804878049
P02,6,1.75,2.0,1.875,15.657805912839704,9.94,7653,7653,0,1.0,0.0,0.28,0.28,0.2765353471913102,10537.0,10537.0,0.9032258064516129,0.875156557341302,1.0
P02,6,2.0,2.25,2.125,15.657805912839704,9.94,7836,7836,0,1.0,0.0,0.28,0.28,0.27617702650529996,10794.0,10794.0,0.9032258064516129,0.8740225732008372,1.024390243902439
P02,6,2.25,2.5,2.375,15.657805912839704,9.94,7184,7184,0,1.0,0.0,0.30000000000000004,0.30000000000000004,0.2598548633020168,10280.0,10280.0,0.967741935483871,0.822367519688036,0.975609756097561
P02,6,2.5,2.75,2.625,15.657805912839704,9.94,6634,6633,1,0.9998492613807658,0.00015073861923420306,0.2700000000000001,0.2700000000000001,0.25465898762084027,9509.0,9509.0,0.870967741935484,0.8059240352666177,0.9024390243902439
P02,6,2.75,3.0,2.875,15.657805912839704,9.94,6282,6282,0,1.0,0.0,0.29000000000000004,0.29000000000000004,0.24162719214399928,8995.0,8995.0,0.9354838709677419,0.7646820697048043,0.8536585365853658
P02,6,3.0,3.25,3.125,15.657805912839704,9.94,5762,5762,0,1.0,0.0,0.26000000000000006,0.26000000000000006,0.24232849575710877,8995.0,8995.0,0.8387096774193549,0.7669014982947969,0.8536585365853658
P02,6,3.25,3.5,3.375,15.657805912839704,9.94,5464,5464,0,1.0,0.0,0.25000000000000006,0.25000000000000006,0.23515043706794633,8738.0,8738.0,0.8064516129032259,0.7441849624356204,0.8292682926829268
P02,6,3.5,3.75,3.625,15.657805912839704,9.94,5136,5136,0,1.0,0.0,0.25000000000000006,0.25000000000000006,0.23013202307734848,8481.0,8481.0,0.8064516129032259,0.7283030943275023,0.8048780487804879
P02,6,3.75,4.0,3.875,15.657805912839704,9.94,4988,4988,0,1.0,0.0,0.26000000000000006,0.26000000000000006,0.22539121540902834,8481.0,8481.0,0.8387096774193549,0.7132997721115035,0.8048780487804879
P02,6,4.0,4.25,4.125,15.657805912839704,9.94,5031,5031,0,1.0,0.0,0.26000000000000006,0.26000000000000006,0.2344962612124358,8481.0,8481.0,0.8387096774193549,0.7421146799367674,0.8048780487804879
P02,6,4.25,4.5,4.375,15.657805912839704,9.94,4618,4618,0,1.0,0.0,0.2700000000000001,0.2700000000000001,0.23874117784668414,8224.0,8224.0,0.870967741935484,0.7555486465727199,0.7804878048780488
P02,6,4.5,4.75,4.625,15.657805912839704,9.94,4737,4737,0,1.0,0.0,0.2700000000000001,0.2700000000000001,0.2326052443620925,8481.0,8481.0,0.870967741935484,0.7361301437339653,0.8048780487804879
P02,6,4.75,5.0,4.875,15.657805912839704,9.94,4524,4524,0,1.0,0.0,0.24000000000000005,0.24000000000000005,0.23234112786133626,7967.0,7967.0,0.7741935483870968,0.7352942893309513,0.7560975609756098
P02,6,5.0,5.25,5.125,15.657805912839704,9.94,4090,4090,0,1.0,0.0,0.25000000000000006,0.25000000000000006,0.2259330597019112,7967.0,7967.0,0.8064516129032259,0.7150145568245273,0.7560975609756098
P02,6,5.25,5.5,5.375,15.657805912839704,9.94,4225,4225,0,1.0,0.0,0.2700000000000001,0.2700000000000001,0.22198423355691202,7967.0,7967.0,0.870967741935484,0.7025176332677496,0.7560975609756098
P02,6,5.5,5.75,5.625,15.657805912839704,9.94,3857,3857,0,1.0,0.0,0.25000000000000006,0.25000000000000006,0.21643379097931628,7453.0,7453.0,0.8064516129032259,0.6849520443936127,0.7073170731707317
P02,6,5.75,6.0,5.875,15.657805912839704,9.94,3841,3841,0,1.0,0.0,0.24000000000000005,0.24000000000000005,0.2171865555707548,7710.0,7710.0,0.7741935483870968,0.6873343324989956,0.7317073170731707
P02,6,6.0,6.25,6.125,15.657805912839704,9.94,3687,3687,0,1.0,0.0,0.2700000000000001,0.2700000000000001,0.22864667053200868,7196.0,7196.0,0.870967741935484,0.7236023714968747,0.6829268292682927
P02,6,6.25,6.5,6.375,15.657805912839704,9.94,3685,3685,0,1.0,0.0,0.24000000000000005,0.24000000000000005,0.2220810651460839,7196.0,7196.0,0.7741935483870968,0.7028240779992541,0.6829268292682927
P02,6,6.5,6.75,6.625,15.657805912839704,9.94,3559,3541,18,0.9949423995504355,0.005057600449564492,0.26000000000000006,0.2700000000000001,0.22847319307533484,7196.0,7196.0,0.8387096774193549,0.7230533641627274,0.6829268292682927
P02,6,6.75,7.0,6.875,15.657805912839704,9.94,3489,3488,1,0.999713384924047,0.0002866150759529562,0.25000000000000006,0.25000000000000006,0.22200528865540445,7453.0,7453.0,0.8064516129032259,0.7025842667296136,0.7073170731707317
P02,6,7.0,7.25,7.125,15.657805912839704,9.94,3317,3317,0,1.0,0.0,0.28,0.28,0.21983493769785384,7710.0,7710.0,0.9032258064516129,0.6957157166815853,0.7317073170731707
P02,6,7.25,7.5,7.375,15.657805912839704,9.94,3635,3633,2,0.9994497936726272,0.0005502063273727931,0.2700000000000001,0.2700000000000001,0.22658946411049502,7453.0,7453.0,0.870967741935484,0.7170918920667467,0.7073170731707317
P02,6,7.5,7.75,7.625,15.657805912839704,9.94,3003,3002,1,0.9996669996669997,0.0003330003330003217,0.29000000000000004,0.29000000000000004,0.22374907823618617,7453.0,7453.0,0.9354838709677419,0.7081028700537261,0.7073170731707317
P02,6,7.75,8.0,7.875,15.657805912839704,9.94,3170,3170,0,1.0,0.0,0.24000000000000005,0.24000000000000005,0.21846826964611002,7453.0,7453.0,0.7741935483870968,0.6913905968755989,0.7073170731707317
P02,6,8.0,8.25,8.125,15.657805912839704,9.94,3365,3316,49,0.9854383358098069,0.014561664190193113,0.37000000000000005,0.37000000000000005,0.33142135687820573,7196.0,7196.0,1.1935483870967742,1.0488553331818984,0.6829268292682927
P02,6,8.25,8.5,8.375,15.657805912839704,9.94,3633,3586,47,0.9870630333058079,0.012936966694192087,0.4000000000000001,0.4700000000000001,0.33954822871447654,7196.0,7196.0,1.2903225806451613,1.074574595657463,0.6829268292682927
P02,6,8.5,8.75,8.625,15.657805912839704,9.94,5507,3846,1661,0.6983838750680952,0.3016161249319048,0.5500000000000002,0.8700000000000002,0.867920908523435,6425.0,5654.0,1.774193548387097,2.7467254441886153,0.6097560975609756
P02,6,8.75,9.0,8.875,15.657805912839704,9.94,6806,4632,2174,0.6805759623861299,0.31942403761387006,0.7200000000000002,0.9900000000000002,1.2606148878264591,6168.0,5397.0,2.3225806451612905,3.9894913853459943,0.5853658536585366
P02,6,9.0,9.25,9.125,15.657805912839704,9.94,4163,3803,360,0.9135239010329089,0.08647609896709108,0.56,0.7700000000000001,0.6394394350706902,6425.0,6168.0,1.8064516129032258,2.0236458749614683,0.6097560975609756
P02,6,9.25,9.5,9.375,15.657805912839704,9.94,5251,2895,2356,0.5513235574176347,0.4486764425823653,0.6100000000000001,1.4100000000000004,0.9119751027204868,6939.0,4626.0,1.967741935483871,2.886144572056073,0.6585365853658537
P02,6,9.5,9.75,9.625,15.657805912839704,9.94,9035,2414,6621,0.2671831765356945,0.7328168234643055,0.31000000000000005,2.2200000000000006,0.23498532938637945,7453.0,2827.0,1.0,0.7436624430844478,0.7073170731707317
P02,6,9.75,10.0,9.875,15.657805912839704,9.94,18421,3888,14533,0.2110634601813148,0.7889365398186852,0.6100000000000001,4.280000000000001,0.67980050261996,6682.0,3084.0,1.967741935483871,2.1513772962274893,0.6341463414634146
P02,6,10.0,10.25,10.125,15.657805912839704,9.94,19413,3497,15916,0.180137021583475,0.819862978416525,0.6100000000000001,6.940000000000001,0.6521499744193812,6939.0,2056.0,1.967741935483871,2.0638711552785485,0.6585365853658537
P02,6,10.25,10.5,10.375,15.657805912839704,9.94,43517,2720,40797,0.06250430866098307,0.9374956913390169,0.7500000000000001,8.450000000000001,0.982972600352834,6425.0,2313.0,2.4193548387096775,3.1108316735020494,0.6097560975609756
P02,6,10.5,10.75,10.625,15.657805912839704,9.94,14609,2429,12180,0.16626736942980355,0.8337326305701964,0.37000000000000005,6.410000000000001,0.3831837616529583,6425.0,2313.0,1.1935483870967742,1.212668778452026,0.6097560975609756
P02,6,10.75,11.0,10.875,15.657805912839704,9.94,17521,2223,15298,0.12687631984475772,0.8731236801552422,0.38000000000000006,6.810000000000001,0.34642892035256606,6425.0,2313.0,1.2258064516129032,1.0963500484785147,0.6097560975609756
P02,6,11.0,11.25,11.125,15.657805912839704,9.94,44349,2205,42144,0.049719272136914024,0.9502807278630859,0.5900000000000001,11.130000000000003,0.8769286859908411,6425.0,2313.0,1.9032258064516128,2.7752325251015595,0.6097560975609756
P02,6,11.25,11.5,11.375,15.657805912839704,9.94,45109,1230,43879,0.027267285907468575,0.9727327140925315,0.4900000000000001,12.710000000000003,1.6374268095228333,6168.0,2313.0,1.5806451612903227,5.181995083359041,0.5853658536585366
P02,6,11.5,11.75,11.625,15.657805912839704,9.94,27224,1832,25392,0.06729356450191008,0.93270643549809,0.5300000000000001,12.040000000000003,0.7871348968913148,5911.0,2313.0,1.709677419354839,2.491060450402525,0.5609756097560976
P02,6,11.75,12.0,11.875,15.657805912839704,9.94,27942,1292,26650,0.04623863717700952,0.9537613628229905,0.3400000000000001,11.280000000000003,0.2937227434165731,6425.0,2313.0,1.0967741935483872,0.9295498298937472,0.6097560975609756
P02,6,12.0,12.25,12.125,15.657805912839704,9.94,33128,1063,32065,0.03208765998551075,0.9679123400144892,0.45000000000000007,13.610000000000003,0.5913026851405009,5654.0,2570.0,1.4516129032258065,1.8713066070220261,0.5365853658536586
P02,6,12.25,12.5,12.375,15.657805912839704,9.94,35464,940,34524,0.026505752312203926,0.973494247687796,0.4600000000000001,15.270000000000003,0.8410880482706382,5397.0,2313.0,1.4838709677419355,2.661806992204204,0.5121951219512195
P02,6,12.5,12.75,12.625,15.657805912839704,9.94,17480,471,17009,0.02694508009153318,0.9730549199084668,0.30000000000000004,14.160000000000002,1.1058963234311219,5654.0,2313.0,0.967741935483871,3.4998506665436397,0.5365853658536586
P02,6,12.75,13.0,12.875,15.657805912839704,9.94,12753,209,12544,0.01638830079197052,0.9836116992080295,0.16000000000000003,11.120000000000003,0.927613975544379,5397.0,2313.0,0.5161290322580645,2.935637203794711,0.5121951219512195
P02,6,13.0,13.25,13.125,15.657805912839704,9.94,11997,237,11760,0.01975493873468367,0.9802450612653163,0.18000000000000005,11.270000000000001,0.36526377153852985,5654.0,2313.0,0.5806451612903226,1.1559570523908949,0.5365853658536586
P02,6,13.25,13.5,13.375,15.657805912839704,9.94,17910,190,17720,0.01060859854829704,0.989391401451703,0.14,14.010000000000003,0.37487373425527326,6039.5,2570.0,0.45161290322580644,1.1863698801642109,0.573170731707317
P02,6,13.5,13.75,13.625,15.657805912839704,9.94,17779,52,17727,0.002924798920074245,0.9970752010799258,0.12000000000000002,16.000000000000004,0.5176991439456119,2827.0,2570.0,0.3870967741935484,1.6383721110362923,0.2682926829268293
P02,6,13.75,14.0,13.875,15.657805912839704,9.94,14256,10,14246,0.0007014590347923681,0.9992985409652076,0.030000000000000006,15.490000000000004,0.7638008222183557,2313.0,2313.0,0.0967741935483871,2.4172146702267114,0.21951219512195122
P02,6,14.0,14.25,14.125,15.657805912839704,9.94,8225,2,8223,0.00024316109422492402,0.999756838905775,0.020000000000000004,12.240000000000002,0.7095817433372594,514.0,2313.0,0.06451612903225806,2.2456265427134134,0.04878048780487805
P02,6,14.25,14.5,14.375,15.657805912839704,9.94,6554,1,6553,0.00015257857796765334,0.9998474214220323,0.010000000000000002,10.490000000000002,,257.0,2570.0,0.03225806451612903,,0.024390243902439025
P02,6,14.5,14.75,14.625,15.657805912839704,9.94,4775,0,4775,0.0,1.0,0.0,8.600000000000001,,,2570.0,0.0,,
P02,6,14.75,15.0,14.875,15.657805912839704,9.94,4272,0,4272,0.0,1.0,0.0,8.080000000000002,,,2827.0,0.0,,
P02,6,15.0,15.25,15.125,15.657805912839704,9.94,2915,0,2915,0.0,1.0,0.0,6.4300000000000015,,,2827.0,0.0,,
P02,6,15.25,15.5,15.375,15.657805912839704,9.94,2763,0,2763,0.0,1.0,0.0,5.040000000000001,,,2827.0,0.0,,
P02,6,15.5,15.75,15.625,15.657805912839704,9.94,4250,0,4250,0.0,1.0,0.0,5.740000000000001,,,3084.0,0.0,,
P02,7,0.0,0.25,0.125,13.998366322137406,9.75,3536,3530,6,0.9983031674208145,0.0016968325791855143,0.4200000000000001,0.4300000000000001,0.33656742534880235,12336.0,12336.0,2.1,1.4674317331901598,1.0
P02,7,0.25,0.5,0.375,13.998366322137406,9.75,2675,2674,1,0.9996261682242991,0.00037383177570093906,0.24000000000000005,0.25000000000000006,0.2293581484823919,11822.0,11822.0,1.2,1.0,0.9583333333333334
P02,7,0.5,0.75,0.625,13.998366322137406,9.75,2895,2895,0,1.0,0.0,0.19000000000000003,0.19000000000000003,0.2343317960262018,12336.0,12336.0,0.95,1.0216850701695988,1.0
P02,7,0.75,1.0,0.875,13.998366322137406,9.75,3341,3341,0,1.0,0.0,0.20000000000000004,0.20000000000000004,0.2185497658596926,12079.0,12079.0,1.0,0.9528755237421658,0.9791666666666666
P02,7,1.0,1.25,1.125,13.998366322137406,9.75,3391,3391,0,1.0,0.0,0.20000000000000004,0.20000000000000004,0.20796463135134444,12850.0,12850.0,1.0,0.9067244077762083,1.0416666666666667
P02,7,1.25,1.5,1.375,13.998366322137406,9.75,4026,4026,0,1.0,0.0,0.19000000000000003,0.19000000000000003,0.1944865031876776,12593.0,12593.0,0.95,0.8479598587386076,1.0208333333333333
P02,7,1.5,1.75,1.625,13.998366322137406,9.75,4730,4730,0,1.0,0.0,0.19000000000000003,0.19000000000000003,0.19143301283487038,13364.0,13364.0,0.95,0.8346466611347229,1.0833333333333333
P02,7,1.75,2.0,1.875,13.998366322137406,9.75,5791,5791,0,1.0,0.0,0.18000000000000005,0.18000000000000005,0.18939770795755362,12850.0,12850.0,0.9,0.8257727454234918,1.0416666666666667
P02,7,2.0,2.25,2.125,13.998366322137406,9.75,5990,5990,0,1.0,0.0,0.19000000000000003,0.19000000000000003,0.17797160877962614,11308.0,11308.0,0.95,0.7759550290984724,0.9166666666666666
P02,7,2.25,2.5,2.375,13.998366322137406,9.75,5626,5626,0,1.0,0.0,0.18000000000000005,0.18000000000000005,0.17826454991215665,10537.0,10537.0,0.9,0.7772322504854988,0.8541666666666666
P02,7,2.5,2.75,2.625,13.998366322137406,9.75,4627,4627,0,1.0,0.0,0.15000000000000002,0.15000000000000002,0.17533339379376703,9766.0,9766.0,0.75,0.7644524293290046,0.7916666666666666
P02,7,2.75,3.0,2.875,13.998366322137406,9.75,4316,4316,0,1.0,0.0,0.19000000000000003,0.19000000000000003,0.18600268790669466,8481.0,8481.0,0.95,0.8109704806104777,0.6875
P02,7,3.0,3.25,3.125,13.998366322137406,9.75,3787,3787,0,1.0,0.0,0.18000000000000005,0.18000000000000005,0.17903658748533482,7710.0,7710.0,0.9,0.7805983291632635,0.625
P02,7,3.25,3.5,3.375,13.998366322137406,9.75,3240,3240,0,1.0,0.0,0.18000000000000005,0.18000000000000005,0.17414691851944145,7710.0,7710.0,0.9,0.7592794050341356,0.625
P02,7,3.5,3.75,3.625,13.998366322137406,9.75,3126,3126,0,1.0,0.0,0.16000000000000003,0.16000000000000003,0.1720661201012377,7196.0,7196.0,0.8,0.7502071377875961,0.5833333333333334
P02,7,3.75,4.0,3.875,13.998366322137406,9.75,2695,2695,0,1.0,0.0,0.18000000000000005,0.18000000000000005,0.1755314766591638,6939.0,6939.0,0.9,0.7653160693030253,0.5625
P02,7,4.0,4.25,4.125,13.998366322137406,9.75,2767,2767,0,1.0,0.0,0.19000000000000003,0.19000000000000003,0.17146719384125547,6939.0,6939.0,0.95,0.7475958232825516,0.5625
P02,7,4.25,4.5,4.375,13.998366322137406,9.75,2410,2410,0,1.0,0.0,0.16000000000000003,0.16000000000000003,0.16091593697531126,6425.0,6425.0,0.8,0.7015924136118712,0.5208333333333334
P02,7,4.5,4.75,4.625,13.998366322137406,9.75,2402,2402,0,1.0,0.0,0.17000000000000004,0.17000000000000004,0.16634962009485244,6682.0,6682.0,0.8500000000000001,0.7252832358281062,0.5416666666666666
P02,7,4.75,5.0,4.875,13.998366322137406,9.75,2258,2258,0,1.0,0.0,0.13000000000000003,0.13000000000000003,0.16202456853031819,6168.0,6168.0,0.65,0.7064260398089018,0.5
P02,7,5.0,5.25,5.125,13.998366322137406,9.75,2148,2148,0,1.0,0.0,0.18000000000000005,0.18000000000000005,0.16061767263960391,5911.0,5911.0,0.9,0.700291983094443,0.4791666666666667
P02,7,5.25,5.5,5.375,13.998366322137406,9.75,2161,2161,0,1.0,0.0,0.17000000000000004,0.17000000000000004,0.15637135260445406,6682.0,6682.0,0.8500000000000001,0.6817780560190513,0.5416666666666666
P02,7,5.5,5.75,5.625,13.998366322137406,9.75,2076,2076,0,1.0,0.0,0.16000000000000003,0.16000000000000003,0.15161710610373824,6425.0,6425.0,0.8,0.6610495729362678,0.5208333333333334
P02,7,5.75,6.0,5.875,13.998366322137406,9.75,2050,2050,0,1.0,0.0,0.19000000000000003,0.19000000000000003,0.16208022235731814,6168.0,6168.0,0.95,0.7066686901240016,0.5
P02,7,6.0,6.25,6.125,13.998366322137406,9.75,2032,1997,35,0.9827755905511811,0.017224409448818867,0.20000000000000004,0.23000000000000004,0.17889716751085408,5911.0,5911.0,1.0,0.7799904590029783,0.4791666666666667
P02,7,6.25,6.5,6.375,13.998366322137406,9.75,2932,2698,234,0.9201909959072305,0.07980900409276948,0.3600000000000001,0.4200000000000001,1.1652321874111835,5654.0,5140.0,1.8,5.0804045773880135,0.4583333333333333
P02,7,6.5,6.75,6.625,13.998366322137406,9.75,2901,2800,101,0.9651844191658049,0.034815580834195115,0.4100000000000001,0.4600000000000001,0.8503838571395382,5397.0,5140.0,2.05,3.7076679540985364,0.4375
P02,7,6.75,7.0,6.875,13.998366322137406,9.75,2667,2036,631,0.7634045744281964,0.23659542557180357,0.23000000000000004,0.37000000000000005,0.18556535154244994,6425.0,5654.0,1.15,0.8090636969747601,0.5208333333333334
P02,7,7.0,7.25,7.125,13.998366322137406,9.75,1991,1919,72,0.963837267704671,0.03616273229532896,0.19000000000000003,0.37000000000000005,0.1688816033556244,6682.0,6425.0,0.95,0.7363226659836315,0.5416666666666666
P02,7,7.25,7.5,7.375,13.998366322137406,9.75,2763,1762,1001,0.6377126311979732,0.36228736880202683,0.23000000000000004,0.44000000000000006,0.28623442557714535,6168.0,3855.0,1.15,1.2479801893723428,0.5
P02,7,7.5,7.75,7.625,13.998366322137406,9.75,4427,3157,1270,0.7131240117461034,0.2868759882538966,0.5400000000000001,0.7000000000000002,1.5632445651802864,4369.0,3341.0,2.7,6.815735893945353,0.3541666666666667
P02,7,7.75,8.0,7.875,13.998366322137406,9.75,4062,2638,1424,0.6494337764647957,0.3505662235352043,0.5200000000000001,0.9800000000000002,1.654710488051002,4883.0,3084.0,2.6,7.214526708555272,0.3958333333333333
P02,7,8.0,8.25,8.125,13.998366322137406,9.75,4068,2460,1608,0.6047197640117994,0.3952802359882006,0.5100000000000001,0.8800000000000001,1.5987949673556932,4369.0,3084.0,2.5500000000000003,6.970735410686465,0.3541666666666667
P02,7,8.25,8.5,8.375,13.998366322137406,9.75,4283,3115,1168,0.7272939528367967,0.27270604716320335,0.5700000000000001,1.1600000000000001,1.9520127745220701,4626.0,3598.0,2.8499999999999996,8.510762697720018,0.375
P02,7,8.5,8.75,8.625,13.998366322137406,9.75,7739,3678,4061,0.4752552009303528,0.5247447990696472,0.9000000000000001,2.3700000000000006,1.6049380507741182,4369.0,2570.0,4.5,6.997519213481667,0.3541666666666667
P02,7,8.75,9.0,8.875,13.998366322137406,9.75,9868,2511,7357,0.2544588569112282,0.7455411430887717,0.4900000000000001,2.7700000000000005,0.9411540665657938,4626.0,1799.0,2.45,4.10342546272363,0.375
P02,7,9.0,9.25,9.125,13.998366322137406,9.75,14175,2410,11765,0.17001763668430336,0.8299823633156966,0.4800000000000001,3.480000000000001,0.5635425194578204,5140.0,2313.0,2.4,2.4570416319919164,0.4166666666666667
P02,7,9.25,9.5,9.375,13.998366322137406,9.75,16430,5043,11387,0.30693852708460134,0.6930614729153987,1.0900000000000003,4.120000000000001,1.4921342095433898,4626.0,2570.0,5.45,6.505695216919415,0.375
P02,7,9.5,9.75,9.625,13.998366322137406,9.75,14303,4453,9850,0.3113332867230651,0.6886667132769348,0.9700000000000002,3.480000000000001,1.1812244281505413,4626.0,2570.0,4.85,5.150130640513194,0.375
P02,7,9.75,10.0,9.875,13.998366322137406,9.75,7936,2038,5898,0.25680443548387094,0.743195564516129,0.5400000000000001,2.9100000000000006,0.794897847403827,5654.0,2313.0,2.7,3.465749321153298,0.4583333333333333
P02,7,10.0,10.25,10.125,13.998366322137406,9.75,12062,2120,9942,0.1757585806665561,0.8242414193334439,0.5300000000000001,4.980000000000001,0.7741700579236771,5397.0,2056.0,2.6500000000000004,3.375376297054086,0.4375
P02,7,10.25,10.5,10.375,13.998366322137406,9.75,23675,1770,21905,0.0747624076029567,0.9252375923970433,0.4000000000000001,7.380000000000002,0.8338933681082841,5397.0,2056.0,2.0,3.6357695317387124,0.4375
P02,7,10.5,10.75,10.625,13.998366322137406,9.75,30333,896,29437,0.029538786140507037,0.9704612138594929,0.3400000000000001,8.870000000000001,1.6684208556977966,5911.0,2056.0,1.7000000000000002,7.274303820192738,0.4791666666666667
P02,7,10.75,11.0,10.875,13.998366322137406,9.75,26666,1463,25203,0.05486387159678992,0.94513612840321,0.6500000000000001,8.310000000000002,0.9576240474428886,4883.0,2570.0,3.25,4.17523446966789,0.3958333333333333
P02,7,11.0,11.25,11.125,13.998366322137406,9.75,10995,684,10311,0.062210095497953616,0.9377899045020464,0.26000000000000006,6.380000000000002,0.8494621918955262,5397.0,2313.0,1.3,3.7036494997723635,0.4375
P02,7,11.25,11.5,11.375,13.998366322137406,9.75,19390,842,18548,0.04342444559051057,0.9565755544094894,0.45000000000000007,9.020000000000001,0.6781898147445485,5654.0,2570.0,2.25,2.9569030759620647,0.4583333333333333
P02,7,11.5,11.75,11.625,13.998366322137406,9.75,26024,807,25217,0.03100983707347064,0.9689901629265294,0.38000000000000006,9.670000000000002,1.7988899904483593,4369.0,2570.0,1.9,7.843148378861553,0.3541666666666667
P02,7,11.75,12.0,11.875,13.998366322137406,9.75,19953,426,19527,0.021350172906329876,0.9786498270936701,0.28,9.860000000000001,0.8542056261403366,6168.0,2313.0,1.4,3.7243308414914025,0.5
P02,7,12.0,12.25,12.125,13.998366322137406,9.75,23965,28,23937,0.001168370540371375,0.9988316294596287,0.09000000000000002,10.950000000000003,2.189160393026428,3341.0,2570.0,0.45,9.544724735142744,0.2708333333333333
P02,7,12.25,12.5,12.375,13.998366322137406,9.75,17853,19,17834,0.0010642469052820254,0.9989357530947179,0.030000000000000006,10.900000000000002,0.28766243307650935,8995.0,2570.0,0.15,1.2542062925599242,0.7291666666666666
P02,7,12.5,12.75,12.625,13.998366322137406,9.75,17979,33,17946,0.0018354747205072584,0.9981645252794927,0.05000000000000001,10.660000000000002,0.09435488705930364,7453.0,2827.0,0.25,0.41138667923344957,0.6041666666666666
P02,7,12.75,13.0,12.875,13.998366322137406,9.75,13156,0,13156,0.0,1.0,0.0,10.790000000000003,,,2827.0,0.0,,
P02,7,13.0,13.25,13.125,13.998366322137406,9.75,7994,0,7994,0.0,1.0,0.0,9.280000000000001,,,2827.0,0.0,,
P02,7,13.25,13.5,13.375,13.998366322137406,9.75,6634,0,6634,0.0,1.0,0.0,8.760000000000002,,,2827.0,0.0,,
P02,7,13.5,13.75,13.625,13.998366322137406,9.75,4601,0,4601,0.0,1.0,0.0,6.170000000000001,,,3341.0,0.0,,
P02,7,13.75,14.0,13.875,13.998366322137406,9.75,3650,0,3650,0.0,1.0,0.0,6.1800000000000015,,,3084.0,0.0,,
P02,8,0.0,0.25,0.125,15.572056667080565,8.14,1397,1397,0,1.0,0.0,0.3500000000000001,0.3500000000000001,0.2798915948065194,8481.0,8481.0,1.5217391304347827,1.2738621254068276,1.0
P02,8,0.25,0.5,0.375,15.572056667080565,8.14,2037,2033,4,0.9980363279332352,0.0019636720667648433,0.29000000000000004,0.30000000000000004,0.22053071580381384,8738.0,8738.0,1.2608695652173914,1.0036947574132435,1.0303030303030303
P02,8,0.5,0.75,0.625,15.572056667080565,8.14,1905,1905,0,1.0,0.0,0.23000000000000004,0.23000000000000004,0.21971890774060943,8481.0,8481.0,1.0,1.0,1.0
P02,8,0.75,1.0,0.875,15.572056667080565,8.14,2097,2097,0,1.0,0.0,0.20000000000000004,0.20000000000000004,0.21002142611754948,7967.0,7967.0,0.8695652173913043,0.9558641460455994,0.9393939393939394
P02,8,1.0,1.25,1.125,15.572056667080565,8.14,1991,1991,0,1.0,0.0,0.20000000000000004,0.20000000000000004,0.20856293861213854,8224.0,8224.0,0.8695652173913043,0.9492261761029636,0.9696969696969697
P02,8,1.25,1.5,1.375,15.572056667080565,8.14,1976,1976,0,1.0,0.0,0.22000000000000003,0.22000000000000003,0.2030627981252485,7967.0,7967.0,0.9565217391304347,0.9241935535423997,0.9393939393939394
P02,8,1.5,1.75,1.625,15.572056667080565,8.14,1922,1922,0,1.0,0.0,0.20000000000000004,0.20000000000000004,0.1966747060218998,7967.0,7967.0,0.8695652173913043,0.8951196237243514,0.9393939393939394
P02,8,1.75,2.0,1.875,15.572056667080565,8.14,1862,1862,0,1.0,0.0,0.18000000000000005,0.18000000000000005,0.1915964459663857,7967.0,7967.0,0.782608695652174,0.8720070927740826,0.9393939393939394
P02,8,2.0,2.25,2.125,15.572056667080565,8.14,1955,1955,0,1.0,0.0,0.17000000000000004,0.17000000000000004,0.1854577906714924,7967.0,7967.0,0.7391304347826088,0.8440684171361156,0.9393939393939394
P02,8,2.25,2.5,2.375,15.572056667080565,8.14,1963,1963,0,1.0,0.0,0.21000000000000005,0.21000000000000005,0.192423225530902,7967.0,7967.0,0.9130434782608696,0.8757699895271119,0.9393939393939394
P02,8,2.5,2.75,2.625,15.572056667080565,8.14,1991,1991,0,1.0,0.0,0.19000000000000003,0.19000000000000003,0.18683411896884988,7967.0,7967.0,0.8260869565217391,0.8503324583672976,0.9393939393939394
P02,8,2.75,3.0,2.875,15.572056667080565,8.14,2006,2006,0,1.0,0.0,0.18000000000000005,0.18000000000000005,0.19272454360277608,7196.0,7196.0,0.782608695652174,0.8771413693276606,0.8484848484848485
P02,8,3.0,3.25,3.125,15.572056667080565,8.14,2063,2063,0,1.0,0.0,0.20000000000000004,0.20000000000000004,0.18678115529980338,7196.0,7196.0,0.8695652173913043,0.8500914064269293,0.8484848484848485
P02,8,3.25,3.5,3.375,15.572056667080565,8.14,2157,2157,0,1.0,0.0,0.21000000000000005,0.21000000000000005,0.18615960034188903,6939.0,6939.0,0.9130434782608696,0.8472625422007874,0.8181818181818182
P02,8,3.5,3.75,3.625,15.572056667080565,8.14,2125,2125,0,1.0,0.0,0.21000000000000005,0.21000000000000005,0.1859983235327969,6939.0,6939.0,0.9130434782608696,0.8465285279516246,0.8181818181818182
P02,8,3.75,4.0,3.875,15.572056667080565,8.14,2207,2207,0,1.0,0.0,0.19000000000000003,0.19000000000000003,0.18582948826536033,6939.0,6939.0,0.8260869565217391,0.8457601131202716,0.8181818181818182
P02,8,4.0,4.25,4.125,15.572056667080565,8.14,2099,2099,0,1.0,0.0,0.18000000000000005,0.18000000000000005,0.18662071991133608,6682.0,6682.0,0.782608695652174,0.849361221709933,0.7878787878787878
P02,8,4.25,4.5,4.375,15.572056667080565,8.14,2314,2314,0,1.0,0.0,0.20000000000000004,0.20000000000000004,0.18318673979228664,6682.0,6682.0,0.8695652173913043,0.833732252158057,0.7878787878787878
P02,8,4.5,4.75,4.625,15.572056667080565,8.14,2249,2249,0,1.0,0.0,0.23000000000000004,0.23000000000000004,0.19843026928328064,6425.0,6425.0,1.0,0.9031096655438446,0.7575757575757576
P02,8,4.75,5.0,4.875,15.572056667080565,8.14,2331,2331,0,1.0,0.0,0.20000000000000004,0.20000000000000004,0.18314747971257578,6425.0,6425.0,0.8695652173913043,0.8335535689481568,0.7575757575757576
P02,8,5.0,5.25,5.125,15.572056667080565,8.14,2169,2169,0,1.0,0.0,0.20000000000000004,0.20000000000000004,0.18471112544735893,6682.0,6682.0,0.8695652173913043,0.8406701423503381,0.7878787878787878
P02,8,5.25,5.5,5.375,15.572056667080565,8.14,2250,2152,98,0.9564444444444444,0.04355555555555557,0.18000000000000005,0.28,0.18308369409751324,6425.0,6168.0,0.782608695652174,0.8332632634131509,0.7575757575757576
P02,8,5.5,5.75,5.625,15.572056667080565,8.14,3415,2890,525,0.8462664714494875,0.15373352855051248,0.30000000000000004,0.45000000000000007,0.368213910532572,5911.0,5140.0,1.3043478260869565,1.6758408018633941,0.696969696969697
P02,8,5.75,6.0,5.875,15.572056667080565,8.14,3100,2221,879,0.7164516129032258,0.2835483870967742,0.21000000000000005,0.5700000000000001,0.18202472362567812,6682.0,5140.0,0.9130434782608696,0.8284436032267581,0.7878787878787878
P02,8,6.0,6.25,6.125,15.572056667080565,8.14,5961,2905,3056,0.4873343398758598,0.5126656601241402,0.3400000000000001,1.2200000000000002,0.3366456202368016,5654.0,2827.0,1.4782608695652175,1.5321649998107163,0.6666666666666666
P02,8,6.25,6.5,6.375,15.572056667080565,8.14,10193,4050,6143,0.39733150201118417,0.6026684979888158,0.56,1.6900000000000004,0.9791351636188372,5397.0,2827.0,2.434782608695652,4.456308169776456,0.6363636363636364
P02,8,6.5,6.75,6.625,15.572056667080565,8.14,9623,2537,7086,0.26363919775537775,0.7363608022446222,0.4100000000000001,2.4500000000000006,2.173777030276314,5911.0,2313.0,1.782608695652174,9.893445460062912,0.696969696969697
P02,8,6.75,7.0,6.875,15.572056667080565,8.14,25874,4383,21491,0.16939785112468114,0.8306021488753188,0.7900000000000001,3.6000000000000005,2.07497717179514,4369.0,3084.0,3.4347826086956523,9.443780661083423,0.5151515151515151
P02,8,7.0,7.25,7.125,15.572056667080565,8.14,22358,5353,17005,0.23942213078092853,0.7605778692190714,0.9300000000000002,3.5800000000000005,1.5230131596681147,3855.0,2827.0,4.043478260869565,6.931643595580393,0.45454545454545453
P02,8,7.25,7.5,7.375,15.572056667080565,8.14,12654,2858,9796,0.22585743638375216,0.7741425636162478,0.4700000000000001,2.8200000000000007,0.6625860318831678,5654.0,2570.0,2.0434782608695654,3.0156077084881017,0.6666666666666666
P02,8,7.5,7.75,7.625,15.572056667080565,8.14,13161,2595,10566,0.1971734670617734,0.8028265329382266,0.44000000000000006,3.1100000000000008,0.7009152505733064,5654.0,2570.0,1.9130434782608694,3.1900543188607893,0.6666666666666666
P02,8,7.75,8.0,7.875,15.572056667080565,8.14,19140,2012,17128,0.10512016718913271,0.8948798328108672,0.4700000000000001,3.5600000000000005,0.5139781075580738,6425.0,3084.0,2.0434782608695654,2.3392529702762497,0.7575757575757576
P02,8,8.0,8.25,8.125,15.572056667080565,8.14,27228,2844,24384,0.10445130013221683,0.8955486998677832,0.7300000000000001,5.820000000000001,0.8309307497792099,5397.0,2827.0,3.1739130434782608,3.7817899165973032,0.6363636363636364
P02,8,8.25,8.5,8.375,15.572056667080565,8.14,37457,3776,33681,0.1008089275702806,0.8991910724297194,0.8800000000000001,6.880000000000002,1.0904814336662483,4369.0,2827.0,3.826086956521739,4.963075071143277,0.5151515151515151
P02,8,8.5,8.75,8.625,15.572056667080565,8.14,30787,2984,27803,0.09692402637476857,0.9030759736252314,0.7100000000000002,6.160000000000001,0.8527295419724009,5140.0,3084.0,3.086956521739131,3.8810020982768414,0.6060606060606061
P02,8,8.75,9.0,8.875,15.572056667080565,8.14,20704,2137,18567,0.10321676970633693,0.896783230293663,0.44000000000000006,5.290000000000001,0.4614097530443594,5654.0,3341.0,1.9130434782608694,2.100000212949719,0.6666666666666666
P02,8,9.0,9.25,9.125,15.572056667080565,8.14,22380,2654,19726,0.11858802502234138,0.8814119749776587,0.5400000000000001,5.450000000000001,1.113464801898802,5654.0,3598.0,2.347826086956522,5.067678577818665,0.6666666666666666
P02,8,9.25,9.5,9.375,15.572056667080565,8.14,32445,3454,28991,0.10645708121436277,0.8935429187856372,0.8400000000000002,6.4300000000000015,1.0226762190704886,4883.0,3341.0,3.6521739130434785,4.6544752547096016,0.5757575757575758
P02,8,9.5,9.75,9.625,15.572056667080565,8.14,13888,1401,12487,0.10087845622119816,0.8991215437788018,0.3500000000000001,5.6800000000000015,0.5334360321168281,6168.0,2827.0,1.5217391304347827,2.4278112320974192,0.7272727272727273
P02,8,9.75,10.0,9.875,15.572056667080565,8.14,36385,2592,33793,0.07123814758829188,0.9287618524117082,0.5800000000000001,6.320000000000001,1.0604062718208478,5397.0,3855.0,2.5217391304347827,4.826194899315253,0.6363636363636364
P02,8,10.0,10.25,10.125,15.572056667080565,8.14,18965,1454,17511,0.07666754547851305,0.9233324545214869,0.3600000000000001,5.940000000000001,0.42755852249700455,5397.0,3598.0,1.565217391304348,1.945934134179119,0.6363636363636364
P02,8,10.25,10.5,10.375,15.572056667080565,8.14,27477,1348,26129,0.04905921316009754,0.9509407868399025,0.3400000000000001,6.550000000000002,0.4262087216851264,5654.0,3598.0,1.4782608695652175,1.939790826687933,0.6666666666666666
P02,8,10.5,10.75,10.625,15.572056667080565,8.14,38916,2037,36879,0.05234350909651557,0.9476564909034845,0.5400000000000001,7.330000000000002,0.9601642882500803,5654.0,3598.0,2.347826086956522,4.369966600159912,0.6666666666666666
P02,8,10.75,11.0,10.875,15.572056667080565,8.14,19505,1045,18460,0.05357600615226865,0.9464239938477313,0.37000000000000005,6.490000000000001,0.6299341582954348,5654.0,2827.0,1.608695652173913,2.8670002266673724,0.6666666666666666
P02,8,11.0,11.25,11.125,15.572056667080565,8.14,17096,983,16113,0.05749883013570426,0.9425011698642958,0.38000000000000006,5.910000000000001,0.4817601831184273,5654.0,3084.0,1.6521739130434783,2.1926205080500965,0.6666666666666666
P02,8,11.25,11.5,11.375,15.572056667080565,8.14,23534,22,23512,0.0009348177105464434,0.9990651822894535,0.08000000000000002,7.060000000000001,0.7467744449489165,6168.0,3341.0,0.34782608695652173,3.398771879161742,0.7272727272727273
P02,8,11.5,11.75,11.625,15.572056667080565,8.14,21681,17,21664,0.0007840966745076334,0.9992159033254924,0.05000000000000001,7.040000000000001,0.7937015809010624,8995.0,3598.0,0.21739130434782608,3.612349929565788,1.0606060606060606
P02,8,11.75,12.0,11.875,15.572056667080565,8.14,14536,40,14496,0.00275178866263071,0.9972482113373693,0.10000000000000002,6.9700000000000015,0.3015523408416126,7067.5,3598.0,0.43478260869565216,1.3724460217944108,0.8333333333333334
P02,8,12.0,12.25,12.125,15.572056667080565,8.14,13587,6,13581,0.00044159858688452196,0.9995584014131155,0.030000000000000006,5.800000000000001,0.06743624626035144,8995.0,3598.0,0.13043478260869565,0.30692054204075936,1.0606060606060606
P02,8,12.25,12.5,12.375,15.572056667080565,8.14,10855,0,10855,0.0,1.0,0.0,5.4300000000000015,,,3855.0,0.0,,
P02,8,12.5,12.75,12.625,15.572056667080565,8.14,16311,0,16311,0.0,1.0,0.0,7.610000000000001,,,3598.0,0.0,,
P02,8,12.75,13.0,12.875,15.572056667080565,8.14,17271,0,17271,0.0,1.0,0.0,8.870000000000001,,,3341.0,0.0,,
P02,8,13.0,13.25,13.125,15.572056667080565,8.14,9029,0,9029,0.0,1.0,0.0,6.860000000000001,,,3341.0,0.0,,
P02,8,13.25,13.5,13.375,15.572056667080565,8.14,10000,0,10000,0.0,1.0,0.0,6.880000000000002,,,3855.0,0.0,,
P02,8,13.5,13.75,13.625,15.572056667080565,8.14,8795,0,8795,0.0,1.0,0.0,6.630000000000002,,,4369.0,0.0,,
P02,8,13.75,14.0,13.875,15.572056667080565,8.14,6882,0,6882,0.0,1.0,0.0,4.660000000000001,,,4369.0,0.0,,
P02,8,14.0,14.25,14.125,15.572056667080565,8.14,6010,0,6010,0.0,1.0,0.0,3.6100000000000008,,,4369.0,0.0,,
P02,8,14.25,14.5,14.375,15.572056667080565,8.14,3740,0,3740,0.0,1.0,0.0,3.2100000000000004,,,3855.0,0.0,,
P02,8,14.5,14.75,14.625,15.572056667080565,8.14,1800,0,1800,0.0,1.0,0.0,2.1400000000000006,,,4112.0,0.0,,
P02,8,14.75,15.0,14.875,15.572056667080565,8.14,3015,0,3015,0.0,1.0,0.0,1.8200000000000003,,,4883.0,0.0,,
P02,8,15.0,15.25,15.125,15.572056667080565,8.14,2913,0,2913,0.0,1.0,0.0,1.8400000000000003,,,4626.0,0.0,,
P02,8,15.25,15.5,15.375,15.572056667080565,8.14,1603,0,1603,0.0,1.0,0.0,1.4500000000000002,,,5140.0,0.0,,
P02,8,15.5,15.75,15.625,15.572056667080565,8.14,4003,0,4003,0.0,1.0,0.0,1.7900000000000003,,,4626.0,0.0,,
P02,12,0.0,0.25,0.125,17.059196374039384,11.31,10351,10225,126,0.9878272630663704,0.012172736933629635,0.5400000000000001,0.5700000000000001,0.4110211634873599,10537.0,10537.0,1.5882352941176472,1.2569651453165536,0.9111111111111111
P02,12,0.25,0.5,0.375,17.059196374039384,11.31,8364,8364,0,1.0,0.0,0.3500000000000001,0.3500000000000001,0.3269948773192502,11565.0,11565.0,1.0294117647058825,1.0,1.0
P02,12,0.5,0.75,0.625,17.059196374039384,11.31,9109,9109,0,1.0,0.0,0.3400000000000001,0.3400000000000001,0.3267488329662905,11565.0,11565.0,1.0,0.9992475589985481,1.0
P02,12,0.75,1.0,0.875,17.059196374039384,11.31,10197,10197,0,1.0,0.0,0.32000000000000006,0.32000000000000006,0.3336267284928428,11822.0,11822.0,0.9411764705882353,1.0202812081582484,1.0222222222222221
P02,12,1.0,1.25,1.125,17.059196374039384,11.31,11148,11148,0,1.0,0.0,0.30000000000000004,0.30000000000000004,0.3238376130907617,12079.0,12079.0,0.8823529411764706,0.9903446064526387,1.0444444444444445
P02,12,1.25,1.5,1.375,17.059196374039384,11.31,11244,11244,0,1.0,0.0,0.31000000000000005,0.31000000000000005,0.3121274580489604,11822.0,11822.0,0.9117647058823529,0.9545331737543568,1.0222222222222221
P02,12,1.5,1.75,1.625,17.059196374039384,11.31,12744,12744,0,1.0,0.0,0.30000000000000004,0.30000000000000004,0.2872322227837468,12079.0,12079.0,0.8823529411764706,0.8783997631354864,1.0444444444444445
P02,12,1.75,2.0,1.875,17.059196374039384,11.31,14374,14374,0,1.0,0.0,0.29000000000000004,0.29000000000000004,0.2594194470665438,11565.0,11565.0,0.8529411764705881,0.7933440706878981,1.0
P02,12,2.0,2.25,2.125,17.059196374039384,11.31,13786,13786,0,1.0,0.0,0.29000000000000004,0.29000000000000004,0.24387906697953216,11822.0,11822.0,0.8529411764705881,0.7458192280530108,1.0222222222222221
P02,12,2.25,2.5,2.375,17.059196374039384,11.31,13817,13817,0,1.0,0.0,0.29000000000000004,0.29000000000000004,0.24926491932628297,11051.0,11051.0,0.8529411764705881,0.762289982551995,0.9555555555555556
P02,12,2.5,2.75,2.625,17.059196374039384,11.31,12110,12110,0,1.0,0.0,0.2700000000000001,0.2700000000000001,0.24177044883310497,10280.0,10280.0,0.7941176470588236,0.7393707534967305,0.8888888888888888
P02,12,2.75,3.0,2.875,17.059196374039384,11.31,10372,10372,0,1.0,0.0,0.30000000000000004,0.30000000000000004,0.22878799570669686,9252.0,9252.0,0.8823529411764706,0.699668440014513,0.8
P02,12,3.0,3.25,3.125,17.059196374039384,11.31,9627,9627,0,1.0,0.0,0.26000000000000006,0.26000000000000006,0.23054869273683698,9252.0,9252.0,0.7647058823529412,0.7050529189536774,0.8
P02,12,3.25,3.5,3.375,17.059196374039384,11.31,8811,8811,0,1.0,0.0,0.26000000000000006,0.26000000000000006,0.2186732722335919,8738.0,8738.0,0.7647058823529412,0.6687360793731878,0.7555555555555555
P02,12,3.5,3.75,3.625,17.059196374039384,11.31,8238,8238,0,1.0,0.0,0.2700000000000001,0.2700000000000001,0.2294819163400602,8481.0,8481.0,0.7941176470588236,0.7017905547064991,0.7333333333333333
P02,12,3.75,4.0,3.875,17.059196374039384,11.31,7966,7966,0,1.0,0.0,0.2700000000000001,0.2700000000000001,0.21482550529663885,8481.0,8481.0,0.7941176470588236,0.6569690236673077,0.7333333333333333
P02,12,4.0,4.25,4.125,17.059196374039384,11.31,7211,7211,0,1.0,0.0,0.28,0.28,0.22068529174306273,8224.0,8224.0,0.8235294117647057,0.6748891406259072,0.7111111111111111
P02,12,4.25,4.5,4.375,17.059196374039384,11.31,7466,7466,0,1.0,0.0,0.24000000000000005,0.24000000000000005,0.22153949976016343,7967.0,7967.0,0.7058823529411764,0.6775014384823863,0.6888888888888889
P02,12,4.5,4.75,4.625,17.059196374039384,11.31,7362,7362,0,1.0,0.0,0.25000000000000006,0.25000000000000006,0.2204067823840741,7710.0,7710.0,0.7352941176470588,0.6740374167051172,0.6666666666666666
P02,12,4.75,5.0,4.875,17.059196374039384,11.31,7219,7219,0,1.0,0.0,0.24000000000000005,0.24000000000000005,0.22133707300393046,7710.0,7710.0,0.7058823529411764,0.6768823867165222,0.6666666666666666
P02,12,5.0,5.25,5.125,17.059196374039384,11.31,6974,6974,0,1.0,0.0,0.23000000000000004,0.23000000000000004,0.2251088624360194,7453.0,7453.0,0.676470588235294,0.6884170916727913,0.6444444444444445
P02,12,5.25,5.5,5.375,17.059196374039384,11.31,6450,6450,0,1.0,0.0,0.26000000000000006,0.26000000000000006,0.21428532179695625,7196.0,7196.0,0.7647058823529412,0.6553170604802661,0.6222222222222222
P02,12,5.5,5.75,5.625,17.059196374039384,11.31,6785,6785,0,1.0,0.0,0.2700000000000001,0.2700000000000001,0.21695252930393638,7453.0,7453.0,0.7941176470588236,0.6634737861416778,0.6444444444444445
P02,12,5.75,6.0,5.875,17.059196374039384,11.31,6486,6486,0,1.0,0.0,0.2700000000000001,0.2700000000000001,0.21594212168531607,7453.0,7453.0,0.7941176470588236,0.6603838061795947,0.6444444444444445
P02,12,6.0,6.25,6.125,17.059196374039384,11.31,6529,6529,0,1.0,0.0,0.25000000000000006,0.25000000000000006,0.21005903565208106,7196.0,7196.0,0.7352941176470588,0.6423924355457017,0.6222222222222222
P02,12,6.25,6.5,6.375,17.059196374039384,11.31,5963,5963,0,1.0,0.0,0.21000000000000005,0.21000000000000005,0.2091979922861588,7196.0,7196.0,0.6176470588235294,0.6397592341543489,0.6222222222222222
P02,12,6.5,6.75,6.625,17.059196374039384,11.31,5723,5723,0,1.0,0.0,0.24000000000000005,0.24000000000000005,0.2066888961148041,7196.0,7196.0,0.7058823529411764,0.6320860369717979,0.6222222222222222
P02,12,6.75,7.0,6.875,17.059196374039384,11.31,5756,5756,0,1.0,0.0,0.22000000000000003,0.22000000000000003,0.21918143228194487,7196.0,7196.0,0.6470588235294117,0.6702901099822265,0.6222222222222222
P02,12,7.0,7.25,7.125,17.059196374039384,11.31,5693,5693,0,1.0,0.0,0.24000000000000005,0.24000000000000005,0.20541470215808535,7196.0,7196.0,0.7058823529411764,0.6281893583229923,0.6222222222222222
P02,12,7.25,7.5,7.375,17.059196374039384,11.31,5557,5556,1,0.9998200467878352,0.0001799532121647962,0.2700000000000001,0.2700000000000001,0.2137404970869822,7196.0,7196.0,0.7941176470588236,0.6536509037672295,0.6222222222222222
P02,12,7.5,7.75,7.625,17.059196374039384,11.31,5295,5293,2,0.9996222851746931,0.00037771482530690736,0.2700000000000001,0.2700000000000001,0.21728552524751898,7196.0,7196.0,0.7941176470588236,0.6644921383137746,0.6222222222222222
P02,12,7.75,8.0,7.875,17.059196374039384,11.31,5755,5732,23,0.9960034752389226,0.003996524761077369,0.29000000000000004,0.30000000000000004,0.2174006596371365,7196.0,6939.0,0.8529411764705881,0.6648442367642501,0.6222222222222222
P02,12,8.0,8.25,8.125,17.059196374039384,11.31,4935,4907,28,0.9943262411347518,0.005673758865248235,0.28,0.30000000000000004,0.2099861733734019,7196.0,7196.0,0.8235294117647057,0.6421696116309159,0.6222222222222222
P02,12,8.25,8.5,8.375,17.059196374039384,11.31,4725,4725,0,1.0,0.0,0.24000000000000005,0.24000000000000005,0.21022891244277594,7196.0,7196.0,0.7058823529411764,0.6429119445731444,0.6222222222222222
P02,12,8.5,8.75,8.625,17.059196374039384,11.31,5350,5293,57,0.9893457943925233,0.010654205607476652,0.44000000000000006,0.44000000000000006,0.2911400285050332,6682.0,6425.0,1.2941176470588234,0.8903504265627642,0.5777777777777777
P02,12,8.75,9.0,8.875,17.059196374039384,11.31,6034,5869,165,0.9726549552535632,0.027345044746436842,0.4900000000000001,0.56,0.6940690166564731,5911.0,5911.0,1.4411764705882353,2.1225684706333876,0.5111111111111111
P02,12,9.0,9.25,9.125,17.059196374039384,11.31,4530,4506,24,0.9947019867549669,0.005298013245033095,0.31000000000000005,0.3400000000000001,0.3127813787840136,6425.0,6425.0,0.9117647058823529,0.9565329626819818,0.5555555555555556
P02,12,9.25,9.5,9.375,17.059196374039384,11.31,4325,4208,117,0.9729479768786127,0.027052023121387325,0.3400000000000001,0.44000000000000006,0.31136136325146874,6682.0,6682.0,1.0,0.9521903395063948,0.5777777777777777
P02,12,9.5,9.75,9.625,17.059196374039384,11.31,5176,4308,868,0.8323029366306027,0.16769706336939727,0.45000000000000007,0.7200000000000002,0.4593375332523654,6682.0,5911.0,1.3235294117647058,1.40472394252191,0.5777777777777777
P02,12,9.75,10.0,9.875,17.059196374039384,11.31,6048,4998,1050,0.8263888888888888,0.17361111111111116,0.5000000000000001,0.7900000000000001,0.6845241773805695,5654.0,4883.0,1.4705882352941175,2.093378902423165,0.4888888888888889
P02,12,10.0,10.25,10.125,17.059196374039384,11.31,5255,3724,1531,0.7086584205518554,0.29134157944814465,0.33000000000000007,0.7500000000000001,0.27331929154730167,6425.0,5140.0,0.9705882352941176,0.8358519062684147,0.5555555555555556
P02,12,10.25,10.5,10.375,17.059196374039384,11.31,7252,3711,3541,0.5117209045780474,0.4882790954219526,0.33000000000000007,0.9400000000000002,0.29698652087485955,6682.0,4626.0,0.9705882352941176,0.9082298882159765,0.5777777777777777
P02,12,10.5,10.75,10.625,17.059196374039384,11.31,3805,3322,483,0.8730617608409987,0.12693823915900126,0.33000000000000007,0.8000000000000002,0.2570898541770188,6425.0,5911.0,0.9705882352941176,0.7862198218047861,0.5555555555555556
P02,12,10.75,11.0,10.875,17.059196374039384,11.31,4872,3282,1590,0.6736453201970444,0.3263546798029556,0.3400000000000001,1.0500000000000003,0.24862029265587246,6425.0,4883.0,1.0,0.7603186162856631,0.5555555555555556
P02,12,11.0,11.25,11.125,17.059196374039384,11.31,9217,3640,5577,0.39492242595204513,0.6050775740479548,0.5700000000000001,1.8300000000000003,0.7227730036730897,6168.0,3855.0,1.676470588235294,2.2103496225949595,0.5333333333333333
P02,12,11.25,11.5,11.375,17.059196374039384,11.31,8582,2177,6405,0.2536704730831974,0.7463295269168027,0.29000000000000004,2.4400000000000004,0.23144802040090082,6425.0,3341.0,0.8529411764705881,0.7078031995435039,0.5555555555555556
P02,12,11.5,11.75,11.625,17.059196374039384,11.31,8019,1677,6342,0.20912832023943134,0.7908716797605686,0.25000000000000006,2.8600000000000008,0.2210981656444329,6682.0,2056.0,0.7352941176470588,0.6761517717250699,0.5777777777777777
P02,12,11.75,12.0,11.875,17.059196374039384,11.31,12605,138,12467,0.010948036493454978,0.989051963506545,0.22000000000000003,4.23,2.1044394042601504,6425.0,2313.0,0.6470588235294117,6.435695328051128,0.5555555555555556
P02,12,12.0,12.25,12.125,17.059196374039384,11.31,12388,15,12373,0.0012108492089118502,0.9987891507910881,0.04000000000000001,4.640000000000001,2.4201001018761246,3084.0,2056.0,0.11764705882352941,7.401033685042543,0.26666666666666666
P02,12,12.25,12.5,12.375,17.059196374039384,11.31,9954,3,9951,0.0003013863773357444,0.9996986136226642,0.010000000000000002,4.5200000000000005,0.018674839025868608,1028.0,2313.0,0.029411764705882353,0.05711049414280601,0.08888888888888889
P02,12,12.5,12.75,12.625,17.059196374039384,11.31,17530,13,17517,0.0007415858528237307,0.9992584141471763,0.020000000000000004,5.300000000000001,0.2563622946668015,6939.0,2570.0,0.058823529411764705,0.7839948343181872,0.6
P02,12,12.75,13.0,12.875,17.059196374039384,11.31,22119,0,22119,0.0,1.0,0.0,7.810000000000001,,,2570.0,0.0,,
P02,12,13.0,13.25,13.125,17.059196374039384,11.31,40017,14,40003,0.00034985131319189346,0.9996501486868081,0.06000000000000001,12.530000000000003,0.8910558318388219,2056.0,2570.0,0.1764705882352941,2.7249840705267996,0.17777777777777778
P02,12,13.25,13.5,13.375,17.059196374039384,11.31,33970,18,33952,0.0005298793052693553,0.9994701206947306,0.07,13.960000000000003,0.8220823428916109,1028.0,2313.0,0.20588235294117643,2.514052665384721,0.08888888888888889
P02,12,13.5,13.75,13.625,17.059196374039384,11.31,24410,11,24399,0.0004506349856616141,0.9995493650143383,0.020000000000000004,13.180000000000003,0.5038589929186739,3855.0,2313.0,0.058823529411764705,1.5408773282608599,0.3333333333333333
P02,12,13.75,14.0,13.875,17.059196374039384,11.31,19801,18,19783,0.0009090449977273875,0.9990909550022726,0.08000000000000002,14.100000000000003,1.6059580093916144,2570.0,2313.0,0.23529411764705882,4.911263511396518,0.2222222222222222
P02,12,14.0,14.25,14.125,17.059196374039384,11.31,26841,3,26838,0.00011176930814798256,0.9998882306918521,0.030000000000000006,15.090000000000003,0.013099999958649277,4369.0,2827.0,0.08823529411764705,0.04006178954864648,0.37777777777777777
P02,12,14.25,14.5,14.375,17.059196374039384,11.31,20655,1,20654,4.841442749939482e-05,0.9999515855725006,0.010000000000000002,14.960000000000003,,514.0,3084.0,0.029411764705882353,,0.044444444444444446
P02,12,14.5,14.75,14.625,17.059196374039384,11.31,18568,48,18520,0.0025850926324859974,0.997414907367514,0.05000000000000001,17.370000000000005,0.10942888449420353,6939.0,2827.0,0.14705882352941177,0.3346501492357215,0.6
P02,12,14.75,15.0,14.875,17.059196374039384,11.31,9740,2,9738,0.0002053388090349076,0.999794661190965,0.010000000000000002,13.620000000000003,0.014008925750802844,4754.5,2570.0,0.029411764705882353,0.0428414226719696,0.4111111111111111
P02,12,15.0,15.25,15.125,17.059196374039384,11.31,6480,0,6480,0.0,1.0,0.0,10.450000000000003,,,2570.0,0.0,,
P02,12,15.25,15.5,15.375,17.059196374039384,11.31,8428,0,8428,0.0,1.0,0.0,9.490000000000002,,,2827.0,0.0,,
P02,12,15.5,15.75,15.625,17.059196374039384,11.31,8299,0,8299,0.0,1.0,0.0,8.990000000000002,,,3084.0,0.0,,
P02,12,15.75,16.0,15.875,17.059196374039384,11.31,7228,0,7228,0.0,1.0,0.0,8.270000000000001,,,3598.0,0.0,,
P02,12,16.0,16.25,16.125,17.059196374039384,11.31,3555,0,3555,0.0,1.0,0.0,6.170000000000001,,,3341.0,0.0,,
P02,12,16.25,16.5,16.375,17.059196374039384,11.31,1706,0,1706,0.0,1.0,0.0,4.300000000000001,,,3598.0,0.0,,
P02,12,16.5,16.75,16.625,17.059196374039384,11.31,2065,0,2065,0.0,1.0,0.0,3.4900000000000007,,,3598.0,0.0,,
P02,12,16.75,17.0,16.875,17.059196374039384,11.31,1881,0,1881,0.0,1.0,0.0,3.2100000000000004,,,4112.0,0.0,,
P02,12,17.0,17.25,17.125,17.059196374039384,11.31,3739,0,3739,0.0,1.0,0.0,4.050000000000001,,,4626.0,0.0,,
P02,13,0.0,0.25,0.125,15.33853416064121,8.8,4281,3895,386,0.9098341508993226,0.09016584910067738,0.31000000000000005,0.39000000000000007,0.26253401664732817,7453.0,7196.0,1.476190476190476,1.4031791096515105,0.8787878787878788
P02,13,0.25,0.5,0.375,15.33853416064121,8.8,4045,3945,100,0.9752781211372065,0.024721878862793534,0.21000000000000005,0.21000000000000005,0.1914732350634361,9252.0,8995.0,1.0,1.0233768824682359,1.0909090909090908
P02,13,0.5,0.75,0.625,15.33853416064121,8.8,3974,3907,67,0.9831404126824358,0.016859587317564206,0.19000000000000003,0.19000000000000003,0.1870994335944257,8995.0,8995.0,0.9047619047619047,1.0,1.0606060606060606
P02,13,0.75,1.0,0.875,15.33853416064121,8.8,4008,3950,58,0.9855289421157685,0.01447105788423153,0.21000000000000005,0.21000000000000005,0.18126237800678255,8481.0,8481.0,1.0,0.9688023877170248,1.0
P02,13,1.0,1.25,1.125,15.33853416064121,8.8,3880,3847,33,0.9914948453608248,0.008505154639175228,0.21000000000000005,0.21000000000000005,0.17871513628065197,8481.0,8481.0,1.0,0.9551880133857148,1.0
P02,13,1.25,1.5,1.375,15.33853416064121,8.8,4055,4033,22,0.9945745992601727,0.005425400739827335,0.19000000000000003,0.20000000000000004,0.17018460554060044,8481.0,8481.0,0.9047619047619047,0.9095944454300624,1.0
P02,13,1.5,1.75,1.625,15.33853416064121,8.8,4168,4152,16,0.9961612284069098,0.0038387715930902067,0.19000000000000003,0.19000000000000003,0.17107087911916136,8481.0,8481.0,0.9047619047619047,0.9143313575710263,1.0
P02,13,1.75,2.0,1.875,15.33853416064121,8.8,3911,3903,8,0.9979544873433904,0.0020455126566095716,0.19000000000000003,0.19000000000000003,0.16740429995097908,8481.0,8481.0,0.9047619047619047,0.8947344026377992,1.0
P02,13,2.0,2.25,2.125,15.33853416064121,8.8,4272,4266,6,0.9985955056179775,0.001404494382022503,0.21000000000000005,0.21000000000000005,0.16324368278676807,7967.0,7967.0,1.0,0.8724969373270813,0.9393939393939394
P02,13,2.25,2.5,2.375,15.33853416064121,8.8,4150,4147,3,0.999277108433735,0.0007228915662650381,0.21000000000000005,0.21000000000000005,0.16764933609677365,8224.0,8224.0,1.0,0.8960440599739392,0.9696969696969697
P02,13,2.5,2.75,2.625,15.33853416064121,8.8,4234,4234,0,1.0,0.0,0.18000000000000005,0.18000000000000005,0.1605147963913138,7710.0,7710.0,0.8571428571428572,0.8579117173559206,0.9090909090909091
P02,13,2.75,3.0,2.875,15.33853416064121,8.8,4348,4348,0,1.0,0.0,0.18000000000000005,0.18000000000000005,0.16079241236259126,7710.0,7710.0,0.8571428571428572,0.8593955057669495,0.9090909090909091
P02,13,3.0,3.25,3.125,15.33853416064121,8.8,4218,4218,0,1.0,0.0,0.17000000000000004,0.17000000000000004,0.15525527052832416,7453.0,7453.0,0.8095238095238095,0.8298008580019011,0.8787878787878788
P02,13,3.25,3.5,3.375,15.33853416064121,8.8,4407,4407,0,1.0,0.0,0.20000000000000004,0.20000000000000004,0.1614354351294464,7196.0,7196.0,0.9523809523809523,0.862832302739029,0.8484848484848485
P02,13,3.5,3.75,3.625,15.33853416064121,8.8,4556,4556,0,1.0,0.0,0.20000000000000004,0.20000000000000004,0.15983116055131869,7196.0,7196.0,0.9523809523809523,0.8542578535955577,0.8484848484848485
P02,13,3.75,4.0,3.875,15.33853416064121,8.8,4295,4295,0,1.0,0.0,0.22000000000000003,0.22000000000000003,0.16235578161104589,6939.0,6939.0,1.0476190476190474,0.86775132608356,0.8181818181818182
P02,13,4.0,4.25,4.125,15.33853416064121,8.8,4523,4523,0,1.0,0.0,0.20000000000000004,0.20000000000000004,0.15554420592741688,7196.0,7196.0,0.9523809523809523,0.8313451459430342,0.8484848484848485
P02,13,4.25,4.5,4.375,15.33853416064121,8.8,5050,5045,5,0.999009900990099,0.000990099009900991,0.2700000000000001,0.2700000000000001,0.25105736059405104,6939.0,6939.0,1.2857142857142858,1.3418392336679466,0.8181818181818182
P02,13,4.5,4.75,4.625,15.33853416064121,8.8,4179,4178,1,0.9997607083034219,0.00023929169657810334,0.25000000000000006,0.25000000000000006,0.16389874555336142,7196.0,7196.0,1.1904761904761905,0.8759980851072148,0.8484848484848485
P02,13,4.75,5.0,4.875,15.33853416064121,8.8,4449,4449,0,1.0,0.0,0.23000000000000004,0.23000000000000004,0.17340183000045128,7196.0,7196.0,1.0952380952380951,0.9267897110599135,0.8484848484848485
P02,13,5.0,5.25,5.125,15.33853416064121,8.8,4926,4921,5,0.9989849776695088,0.001015022330491222,0.24000000000000005,0.25000000000000006,0.2482035455514154,6939.0,6810.5,1.1428571428571428,1.3265863011079162,0.8181818181818182
P02,13,5.25,5.5,5.375,15.33853416064121,8.8,5698,4435,1263,0.7783432783432783,0.22165672165672168,0.22000000000000003,0.4600000000000001,0.18034328332856642,7453.0,5911.0,1.0476190476190474,0.9638900549506496,0.8787878787878788
P02,13,5.5,5.75,5.625,15.33853416064121,8.8,9094,4574,4520,0.5029689905432153,0.4970310094567847,0.20000000000000004,0.4700000000000001,0.18356877668480565,7710.0,3855.0,0.9523809523809523,0.9811295157778326,0.9090909090909091
P02,13,5.75,6.0,5.875,15.33853416064121,8.8,7545,4118,3427,0.545791915175613,0.454208084824387,0.24000000000000005,0.5800000000000001,0.16490965597283447,7710.0,4626.0,1.1428571428571428,0.8814011502050194,0.9090909090909091
P02,13,6.0,6.25,6.125,15.33853416064121,8.8,8440,5394,3046,0.6390995260663507,0.3609004739336493,0.4000000000000001,0.7600000000000001,0.5700434317563202,6168.0,4112.0,1.9047619047619047,3.046740552897663,0.7272727272727273
P02,13,6.25,6.5,6.375,15.33853416064121,8.8,5255,3785,1470,0.7202664129400571,0.2797335870599429,0.22000000000000003,0.44000000000000006,0.16102980743044945,7710.0,5911.0,1.0476190476190474,0.8606643234394433,0.9090909090909091
P02,13,6.5,6.75,6.625,15.33853416064121,8.8,5415,4337,1078,0.8009233610341644,0.1990766389658356,0.2700000000000001,0.4000000000000001,1.4550731870774665,7196.0,5654.0,1.2857142857142858,7.777004767591224,0.8484848484848485
P02,13,6.75,7.0,6.875,15.33853416064121,8.8,4740,4419,321,0.9322784810126582,0.0677215189873418,0.31000000000000005,0.37000000000000005,1.2447802313021665,6939.0,6425.0,1.476190476190476,6.653041152441268,0.8181818181818182
P02,13,7.0,7.25,7.125,15.33853416064121,8.8,5279,5209,70,0.9867399128622846,0.013260087137715426,0.4000000000000001,0.5100000000000001,0.917785773161999,6168.0,6168.0,1.9047619047619047,4.905336993972294,0.7272727272727273
P02,13,7.25,7.5,7.375,15.33853416064121,8.8,9123,4935,4188,0.5409404801052285,0.45905951989477145,0.5100000000000001,1.4500000000000002,0.5275680006827289,6168.0,3598.0,2.4285714285714284,2.8197199240396142,0.7272727272727273
P02,13,7.5,7.75,7.625,15.33853416064121,8.8,29210,4989,24221,0.17079767203012666,0.8292023279698734,0.38000000000000006,2.7400000000000007,0.6385677664049555,5911.0,3598.0,1.8095238095238093,3.4129861012255915,0.696969696969697
P02,13,7.75,8.0,7.875,15.33853416064121,8.8,38660,3595,35065,0.0929901707190895,0.9070098292809106,0.37000000000000005,3.400000000000001,0.27009720383338714,6939.0,3341.0,1.7619047619047616,1.4436024665840261,0.8181818181818182
P02,13,8.0,8.25,8.125,15.33853416064121,8.8,16012,4899,11113,0.3059580314763927,0.6940419685236072,0.6400000000000001,2.6900000000000004,1.1832775636733306,5911.0,3084.0,3.0476190476190474,6.324324670262306,0.696969696969697
P02,13,8.25,8.5,8.375,15.33853416064121,8.8,11697,4346,7351,0.3715482602376678,0.6284517397623322,0.6800000000000002,1.9200000000000004,0.9177615407609898,6425.0,2827.0,3.238095238095238,4.905207477807847,0.7575757575757576
P02,13,8.5,8.75,8.625,15.33853416064121,8.8,13969,3933,10036,0.2815520080177536,0.7184479919822464,0.5200000000000001,2.0600000000000005,0.6733565963955638,5911.0,2570.0,2.4761904761904763,3.5989237565261405,0.696969696969697
P02,13,8.75,9.0,8.875,15.33853416064121,8.8,16786,3025,13761,0.18020969855832242,0.8197903014416776,0.38000000000000006,2.0600000000000005,1.724503928412919,6425.0,2570.0,1.8095238095238093,9.217045157662612,0.7575757575757576
P02,13,9.0,9.25,9.125,15.33853416064121,8.8,12229,3517,8712,0.28759506092076215,0.7124049390792379,0.5400000000000001,2.1200000000000006,1.5695743829072133,6425.0,3084.0,2.5714285714285716,8.388985219001624,0.7575757575757576
P02,13,9.25,9.5,9.375,15.33853416064121,8.8,13892,4148,9744,0.2985891160380075,0.7014108839619926,0.4900000000000001,2.3600000000000003,1.1396401820741502,6425.0,3598.0,2.3333333333333335,6.091093704455253,0.7575757575757576
P02,13,9.5,9.75,9.625,15.33853416064121,8.8,28009,3946,24063,0.1408832875147274,0.8591167124852725,0.5900000000000001,3.3000000000000007,0.9678997808663221,6425.0,4112.0,2.8095238095238093,5.17318391761908,0.7575757575757576
P02,13,9.75,10.0,9.875,15.33853416064121,8.8,33597,1735,31862,0.05164151561151293,0.948358484388487,0.5300000000000001,4.820000000000001,0.7626902567985983,5911.0,3855.0,2.5238095238095237,4.076389982301482,0.696969696969697
P02,13,10.0,10.25,10.125,15.33853416064121,8.8,36023,796,35227,0.022096993587430253,0.9779030064125698,0.32000000000000006,5.840000000000001,0.6276254850092131,6168.0,3598.0,1.5238095238095237,3.3545023250562744,0.7272727272727273
P02,13,10.25,10.5,10.375,15.33853416064121,8.8,25997,1368,24629,0.052621456321883295,0.9473785436781167,0.5800000000000001,5.570000000000001,0.7405212519140185,5397.0,2827.0,2.7619047619047614,3.9579021576262057,0.6363636363636364
P02,13,10.5,10.75,10.625,15.33853416064121,8.8,17544,622,16922,0.03545371637026904,0.9645462836297309,0.28,4.460000000000001,0.513896826065598,4626.0,2570.0,1.3333333333333333,2.746650891416213,0.5454545454545454
P02,13,10.75,11.0,10.875,15.33853416064121,8.8,16959,69,16890,0.004068636122412878,0.9959313638775871,0.08000000000000002,4.080000000000001,1.6951759062134022,4369.0,3084.0,0.38095238095238093,9.060294163626516,0.5151515151515151
P02,13,11.0,11.25,11.125,15.33853416064121,8.8,15704,125,15579,0.007959755476311768,0.9920402445236882,0.16000000000000003,4.530000000000001,1.2004740433884356,8224.0,3855.0,0.7619047619047619,6.416235583003933,0.9696969696969697
P02,13,11.25,11.5,11.375,15.33853416064121,8.8,43496,33,43463,0.0007586904542946478,0.9992413095457053,0.10000000000000002,6.420000000000001,0.3366210997954211,8481.0,4112.0,0.47619047619047616,1.7991561670096372,1.0
P02,13,11.5,11.75,11.625,15.33853416064121,8.8,29563,4,29559,0.00013530426546696885,0.9998646957345331,0.020000000000000004,6.250000000000001,0.04418108858268488,12079.0,3855.0,0.09523809523809523,0.2361369445856044,1.4242424242424243
P02,13,11.75,12.0,11.875,15.33853416064121,8.8,6659,78,6581,0.011713470491064724,0.9882865295089353,0.10000000000000002,2.5400000000000005,0.3046230009942527,5911.0,3084.0,0.47619047619047616,1.628134276742826,0.696969696969697
P02,13,12.0,12.25,12.125,15.33853416064121,8.8,9952,314,9638,0.03155144694533762,0.9684485530546624,0.26000000000000006,2.9900000000000007,0.4875218002982933,5654.0,3084.0,1.2380952380952381,2.605682929832333,0.6666666666666666
P02,13,12.25,12.5,12.375,15.33853416064121,8.8,13336,170,13166,0.01274745050989802,0.987252549490102,0.17000000000000004,4.500000000000001,0.6551487717040558,5397.0,3341.0,0.8095238095238095,3.5016074560878563,0.6363636363636364
P02,13,12.5,12.75,12.625,15.33853416064121,8.8,13338,50,13288,0.003748687959214275,0.9962513120407858,0.06000000000000001,4.960000000000001,0.26419959395821513,7581.5,3084.0,0.2857142857142857,1.4120812066749435,0.8939393939393939
P02,13,12.75,13.0,12.875,15.33853416064121,8.8,13313,35,13278,0.0026290092390896117,0.9973709907609104,0.06000000000000001,4.750000000000001,0.4188158865235111,7967.0,3598.0,0.2857142857142857,2.238466886176554,0.9393939393939394
P02,13,13.0,13.25,13.125,15.33853416064121,8.8,10646,8,10638,0.0007514559458951719,0.9992485440541048,0.05000000000000001,4.19,0.5388448781000996,10151.5,3598.0,0.23809523809523808,2.8799920328361353,1.196969696969697
P02,13,13.25,13.5,13.375,15.33853416064121,8.8,5227,112,5115,0.021427204897646834,0.9785727951023532,0.11000000000000001,3.2400000000000007,0.5527121696690133,6939.0,3341.0,0.5238095238095237,2.954109261854443,0.8181818181818182
P02,13,13.5,13.75,13.625,15.33853416064121,8.8,6740,48,6692,0.007121661721068249,0.9928783382789318,0.05000000000000001,3.920000000000001,0.08011009515888531,7710.0,3084.0,0.23809523809523808,0.4281685605341782,0.9090909090909091
P02,13,13.75,14.0,13.875,15.33853416064121,8.8,6780,0,6780,0.0,1.0,0.0,5.020000000000001,,,3341.0,0.0,,
P02,13,14.0,14.25,14.125,15.33853416064121,8.8,21413,3,21410,0.00014010180731331435,0.9998598981926867,0.010000000000000002,8.05,0.024346123958274384,6168.0,3598.0,0.047619047619047616,0.13012398536197242,0.7272727272727273
P02,13,14.25,14.5,14.375,15.33853416064121,8.8,13522,0,13522,0.0,1.0,0.0,6.6800000000000015,,,3598.0,0.0,,
P02,13,14.5,14.75,14.625,15.33853416064121,8.8,4713,0,4713,0.0,1.0,0.0,4.430000000000001,,,3855.0,0.0,,
P02,13,14.75,15.0,14.875,15.33853416064121,8.8,4570,0,4570,0.0,1.0,0.0,5.370000000000001,,,3598.0,0.0,,
P02,13,15.0,15.25,15.125,15.33853416064121,8.8,6745,0,6745,0.0,1.0,0.0,4.150000000000001,,,4883.0,0.0,,
P02,13,15.25,15.5,15.375,15.33853416064121,8.8,4239,0,4239,0.0,1.0,0.0,4.5600000000000005,,,3855.0,0.0,,
P02,15,0.0,0.25,0.125,15.651081029976398,8.37,2349,2343,6,0.9974457215836526,0.0025542784163473664,0.4100000000000001,0.4200000000000001,0.33497520329990366,7710.0,7710.0,1.64,1.3955876834763663,0.9090909090909091
P02,15,0.25,0.5,0.375,15.651081029976398,8.37,2974,2974,0,1.0,0.0,0.28,0.28,0.25263105043755507,8224.0,8224.0,1.1199999999999999,1.0525220344106885,0.9696969696969697
P02,15,0.5,0.75,0.625,15.651081029976398,8.37,3300,3300,0,1.0,0.0,0.25000000000000006,0.25000000000000006,0.24002447661725607,8481.0,8481.0,1.0,1.0,1.0
P02,15,0.75,1.0,0.875,15.651081029976398,8.37,2955,2955,0,1.0,0.0,0.23000000000000004,0.23000000000000004,0.21901369677387714,8481.0,8481.0,0.9199999999999999,0.9124640114229566,1.0
P02,15,1.0,1.25,1.125,15.651081029976398,8.37,3227,3227,0,1.0,0.0,0.24000000000000005,0.24000000000000005,0.22209163197070017,8481.0,8481.0,0.96,0.9252874336014003,1.0
P02,15,1.25,1.5,1.375,15.651081029976398,8.37,3095,3095,0,1.0,0.0,0.22000000000000003,0.22000000000000003,0.21221521968730234,7967.0,7967.0,0.8799999999999999,0.8841399122211253,0.9393939393939394
P02,15,1.5,1.75,1.625,15.651081029976398,8.37,3227,3227,0,1.0,0.0,0.23000000000000004,0.23000000000000004,0.21619551285960723,7967.0,7967.0,0.9199999999999999,0.9007227758873667,0.9393939393939394
P02,15,1.75,2.0,1.875,15.651081029976398,8.37,3034,3034,0,1.0,0.0,0.21000000000000005,0.21000000000000005,0.21130357269201835,7710.0,7710.0,0.84,0.8803417704310375,0.9090909090909091
P02,15,2.0,2.25,2.125,15.651081029976398,8.37,3248,3248,0,1.0,0.0,0.23000000000000004,0.23000000000000004,0.2081570310022094,7710.0,7710.0,0.9199999999999999,0.8672325170159099,0.9090909090909091
P02,15,2.25,2.5,2.375,15.651081029976398,8.37,3185,3185,0,1.0,0.0,0.20000000000000004,0.20000000000000004,0.19811713618242355,7453.0,7453.0,0.7999999999999999,0.8254038878640776,0.8787878787878788
P02,15,2.5,2.75,2.625,15.651081029976398,8.37,3393,3393,0,1.0,0.0,0.21000000000000005,0.21000000000000005,0.2069840552571892,7710.0,7710.0,0.84,0.8623456164733013,0.9090909090909091
P02,15,2.75,3.0,2.875,15.651081029976398,8.37,3124,3124,0,1.0,0.0,0.23000000000000004,0.23000000000000004,0.20244504197939067,7710.0,7710.0,0.9199999999999999,0.8434349897665241,0.9090909090909091
P02,15,3.0,3.25,3.125,15.651081029976398,8.37,3381,3381,0,1.0,0.0,0.23000000000000004,0.23000000000000004,0.20110942304935872,7710.0,7710.0,0.9199999999999999,0.8378704783931206,0.9090909090909091
P02,15,3.25,3.5,3.375,15.651081029976398,8.37,3211,3211,0,1.0,0.0,0.20000000000000004,0.20000000000000004,0.19099999598112627,7196.0,7196.0,0.7999999999999999,0.7957521610835364,0.8484848484848485
P02,15,3.5,3.75,3.625,15.651081029976398,8.37,3177,3177,0,1.0,0.0,0.21000000000000005,0.21000000000000005,0.1950476825478006,7196.0,7196.0,0.84,0.8126158019243361,0.8484848484848485
P02,15,3.75,4.0,3.875,15.651081029976398,8.37,3310,3310,0,1.0,0.0,0.20000000000000004,0.20000000000000004,0.19034704968969615,6939.0,6939.0,0.7999999999999999,0.7930318289714439,0.8181818181818182
P02,15,4.0,4.25,4.125,15.651081029976398,8.37,3526,3526,0,1.0,0.0,0.22000000000000003,0.22000000000000003,0.1992636429623631,6682.0,6682.0,0.8799999999999999,0.8301805122987922,0.7878787878787878
P02,15,4.25,4.5,4.375,15.651081029976398,8.37,3405,3405,0,1.0,0.0,0.23000000000000004,0.23000000000000004,0.19447467542447677,6682.0,6682.0,0.9199999999999999,0.8102285157133654,0.7878787878787878
P02,15,4.5,4.75,4.625,15.651081029976398,8.37,3500,3500,0,1.0,0.0,0.23000000000000004,0.23000000000000004,0.19812369877956681,6682.0,6682.0,0.9199999999999999,0.8254312292304072,0.7878787878787878
P02,15,4.75,5.0,4.875,15.651081029976398,8.37,3218,3218,0,1.0,0.0,0.23000000000000004,0.23000000000000004,0.192363968263041,6682.0,6682.0,0.9199999999999999,0.8014347993758374,0.7878787878787878
P02,15,5.0,5.25,5.125,15.651081029976398,8.37,3394,3393,1,0.9997053624042428,0.0002946375957572078,0.21000000000000005,0.22000000000000003,0.1837351327082269,6425.0,6425.0,0.84,0.7654849842718817,0.7575757575757576
P02,15,5.25,5.5,5.375,15.651081029976398,8.37,5083,3433,1650,0.675388550068857,0.324611449931143,0.28,0.6400000000000001,0.21969524177739766,5911.0,3855.0,1.1199999999999999,0.9153034926838921,0.696969696969697
P02,15,5.5,5.75,5.625,15.651081029976398,8.37,6606,3541,3065,0.5360278534665456,0.4639721465334544,0.31000000000000005,0.7400000000000001,0.22810743083972296,6425.0,3341.0,1.24,0.9503507061217924,0.7575757575757576
P02,15,5.75,6.0,5.875,15.651081029976398,8.37,5325,3619,1706,0.6796244131455399,0.3203755868544601,0.32000000000000006,0.6600000000000001,1.2779417730682607,6168.0,4112.0,1.28,5.324214392959896,0.7272727272727273
P02,15,6.0,6.25,6.125,15.651081029976398,8.37,5633,5433,200,0.9644949405290254,0.0355050594709746,0.6100000000000001,0.7500000000000001,1.6867926931422785,4883.0,4626.0,2.44,7.02758617335533,0.5757575757575758
P02,15,6.25,6.5,6.375,15.651081029976398,8.37,5214,3903,1311,0.7485615650172612,0.25143843498273877,0.4600000000000001,0.7900000000000001,1.7395531038900933,6168.0,4112.0,1.8399999999999999,7.247398800348146,0.7272727272727273
P02,15,6.5,6.75,6.625,15.651081029976398,8.37,6803,4644,2159,0.6826400117595178,0.31735998824048217,0.5800000000000001,0.9600000000000002,1.6404328687270517,5140.0,3341.0,2.32,6.834439936485695,0.6060606060606061
P02,15,6.75,7.0,6.875,15.651081029976398,8.37,7316,5562,1754,0.7602515035538545,0.2397484964461455,0.7300000000000001,1.1500000000000001,1.5437511214024282,4369.0,3084.0,2.92,6.431640402508197,0.5151515151515151
P02,15,7.0,7.25,7.125,15.651081029976398,8.37,7186,5581,1605,0.7766490397996103,0.2233509602003897,0.8900000000000001,1.4000000000000004,1.7161681148926746,4369.0,3341.0,3.5599999999999996,7.149971282425845,0.5151515151515151
P02,15,7.25,7.5,7.375,15.651081029976398,8.37,14105,6901,7204,0.4892591279688054,0.5107408720311946,0.9100000000000001,2.7800000000000007,1.5878844422617542,4112.0,2570.0,3.6399999999999997,6.615510487265016,0.48484848484848486
P02,15,7.5,7.75,7.625,15.651081029976398,8.37,22298,4684,17614,0.21006368284151045,0.7899363171584896,0.6000000000000001,3.5600000000000005,1.631126711990813,4883.0,2827.0,2.4,6.795668237584843,0.5757575757575758
P02,15,7.75,8.0,7.875,15.651081029976398,8.37,22091,4337,17754,0.19632429496174914,0.8036757050382508,0.5400000000000001,3.7000000000000006,1.4903820313988458,5140.0,3084.0,2.16,6.209291870576244,0.6060606060606061
P02,15,8.0,8.25,8.125,15.651081029976398,8.37,16972,3724,13248,0.21942022154136223,0.7805797784586378,0.6500000000000001,3.0700000000000007,1.3914042152575175,5397.0,3598.0,2.6,5.796926358790715,0.6363636363636364
P02,15,8.25,8.5,8.375,15.651081029976398,8.37,16699,5622,11077,0.33666686627941794,0.6633331337205821,0.8900000000000001,3.5800000000000005,1.3961304019694087,4369.0,3341.0,3.5599999999999996,5.816616795276606,0.5151515151515151
P02,15,8.5,8.75,8.625,15.651081029976398,8.37,17441,4543,12898,0.26047818359039043,0.7395218164096096,0.7600000000000001,3.2800000000000007,1.2617823428598827,5140.0,3341.0,3.0399999999999996,5.256890299866899,0.6060606060606061
P02,15,8.75,9.0,8.875,15.651081029976398,8.37,15587,5143,10444,0.32995444922050426,0.6700455507794958,1.0300000000000002,3.3500000000000005,1.1288474804316222,4626.0,3341.0,4.12,4.703051523498108,0.5454545454545454
P02,15,9.0,9.25,9.125,15.651081029976398,8.37,13611,5922,7689,0.4350892660348248,0.5649107339651752,1.2200000000000002,3.1100000000000008,1.5201777824332545,4883.0,3598.0,4.88,6.333428173066432,0.5757575757575758
P02,15,9.25,9.5,9.375,15.651081029976398,8.37,12792,5024,7768,0.39274546591619763,0.6072545340838024,1.2000000000000002,3.5200000000000005,2.1556194005833347,4883.0,3341.0,4.8,8.980831584191696,0.5757575757575758
P02,15,9.5,9.75,9.625,15.651081029976398,8.37,23256,3288,19968,0.14138286893704852,0.8586171310629515,0.6200000000000001,4.220000000000001,2.463109007243619,5140.0,3084.0,2.48,10.261907626909657,0.6060606060606061
P02,15,9.75,10.0,9.875,15.651081029976398,8.37,28032,2491,25541,0.08886272831050228,0.9111372716894978,0.4100000000000001,5.380000000000001,2.5238101636213948,5654.0,3341.0,1.64,10.514803320020865,0.6666666666666666
P02,15,10.0,10.25,10.125,15.651081029976398,8.37,38749,3695,35054,0.09535729954321402,0.904642700456786,0.6200000000000001,7.960000000000002,0.9522392001168435,5140.0,3855.0,2.48,3.967258729347373,0.6060606060606061
P02,15,10.25,10.5,10.375,15.651081029976398,8.37,46291,3338,42953,0.07210904927523709,0.9278909507247629,0.8300000000000002,8.870000000000001,0.8487673098663973,4883.0,3341.0,3.32,3.5361698182966763,0.5757575757575758
P02,15,10.5,10.75,10.625,15.651081029976398,8.37,24479,1685,22794,0.06883451121369337,0.9311654887863067,0.45000000000000007,6.170000000000001,1.0222790172791585,5654.0,2827.0,1.7999999999999998,4.259061541083114,0.6666666666666666
P02,15,10.75,11.0,10.875,15.651081029976398,8.37,10089,1747,8342,0.17315888591535336,0.8268411140846467,0.5800000000000001,3.480000000000001,0.7173195967501032,5654.0,2827.0,2.32,2.988526865507736,0.6666666666666666
P02,15,11.0,11.25,11.125,15.651081029976398,8.37,12075,834,11241,0.06906832298136646,0.9309316770186336,0.29000000000000004,4.730000000000001,0.19335900353388652,5911.0,3084.0,1.16,0.8055803568825921,0.696969696969697
P02,15,11.25,11.5,11.375,15.651081029976398,8.37,28159,1131,27028,0.04016477857878476,0.9598352214212152,0.33000000000000007,7.090000000000002,0.3564112793560733,5654.0,3341.0,1.32,1.4848955588992203,0.6666666666666666
P02,15,11.5,11.75,11.625,15.651081029976398,8.37,38525,1518,37007,0.03940298507462687,0.9605970149253731,0.4600000000000001,10.420000000000002,0.6788996736750723,5654.0,3084.0,1.8399999999999999,2.828460177241208,0.6666666666666666
P02,15,11.75,12.0,11.875,15.651081029976398,8.37,41948,521,41427,0.01242013921998665,0.9875798607800134,0.29000000000000004,10.390000000000002,0.42198222666783997,4883.0,3341.0,1.16,1.758079978404596,0.5757575757575758
P02,15,12.0,12.25,12.125,15.651081029976398,8.37,16756,39,16717,0.00232752446884698,0.997672475531153,0.06000000000000001,7.6400000000000015,0.21016302280336935,4112.0,3598.0,0.24,0.8755899638456294,0.48484848484848486
P02,15,12.25,12.5,12.375,15.651081029976398,8.37,16115,540,15575,0.033509152963077875,0.9664908470369221,0.31000000000000005,6.310000000000001,1.0145297918977478,5140.0,3855.0,1.24,4.226776394623791,0.6060606060606061
P02,15,12.5,12.75,12.625,15.651081029976398,8.37,13414,312,13102,0.023259281347845533,0.9767407186521545,0.38000000000000006,6.780000000000001,0.7923209890758011,3855.0,3598.0,1.5199999999999998,3.301000798927849,0.45454545454545453
P02,15,12.75,13.0,12.875,15.651081029976398,8.37,21052,4,21048,0.00019000570017100514,0.999809994299829,0.04000000000000001,8.650000000000002,0.531864234932644,5011.5,3341.0,0.16,2.2158749908691884,0.5909090909090909
P02,15,13.0,13.25,13.125,15.651081029976398,8.37,27336,51,27285,0.0018656716417910447,0.9981343283582089,0.10000000000000002,9.990000000000002,0.8098569017756545,6425.0,3598.0,0.39999999999999997,3.374059650870754,0.7575757575757576
P02,15,13.25,13.5,13.375,15.651081029976398,8.37,15729,126,15603,0.00801068090787717,0.9919893190921228,0.08000000000000002,7.870000000000002,0.13949589526874773,7067.5,3341.0,0.32,0.5811736254348276,0.8333333333333334
P02,15,13.5,13.75,13.625,15.651081029976398,8.37,10742,5,10737,0.0004654626698938745,0.9995345373301061,0.020000000000000004,6.280000000000001,0.6078213765794681,4112.0,3598.0,0.08,2.532330807031411,0.48484848484848486
P02,15,13.75,14.0,13.875,15.651081029976398,8.37,7782,0,7782,0.0,1.0,0.0,5.650000000000001,,,3341.0,0.0,,
P02,15,14.0,14.25,14.125,15.651081029976398,8.37,6401,0,6401,0.0,1.0,0.0,5.340000000000001,,,3598.0,0.0,,
P02,15,14.25,14.5,14.375,15.651081029976398,8.37,6322,74,6248,0.01170515659601392,0.9882948434039861,0.11000000000000001,5.210000000000001,0.40985496848605646,7967.0,3598.0,0.43999999999999995,1.7075548888274954,0.9393939393939394
P02,15,14.5,14.75,14.625,15.651081029976398,8.37,10084,3,10081,0.00029750099166997223,0.9997024990083301,0.010000000000000002,7.030000000000001,0.011966190533228713,9509.0,3855.0,0.04,0.049854042812100555,1.121212121212121
P02,15,14.75,15.0,14.875,15.651081029976398,8.37,6502,21,6481,0.0032297754537065518,0.9967702245462935,0.05000000000000001,6.7200000000000015,1.153962304394051,6168.0,3855.0,0.19999999999999998,4.807685952104642,0.7272727272727273
P02,15,15.0,15.25,15.125,15.651081029976398,8.37,2725,0,2725,0.0,1.0,0.0,3.790000000000001,,,3855.0,0.0,,
P02,15,15.25,15.5,15.375,15.651081029976398,8.37,1540,0,1540,0.0,1.0,0.0,2.7400000000000007,,,4112.0,0.0,,
P02,15,15.5,15.75,15.625,15.651081029976398,8.37,4683,0,4683,0.0,1.0,0.0,4.420000000000001,,,3855.0,0.0,,
P02,17,0.0,0.25,0.125,15.555626649127907,10.79,2902,2902,0,1.0,0.0,0.4700000000000001,0.4700000000000001,0.3841952618805949,7196.0,7196.0,1.46875,1.0698044153333577,0.9032258064516129
P02,17,0.25,0.5,0.375,15.555626649127907,10.79,3299,3299,0,1.0,0.0,0.32000000000000006,0.32000000000000006,0.36783121093015364,8224.0,8224.0,1.0,1.024238174162578,1.032258064516129
P02,17,0.5,0.75,0.625,15.555626649127907,10.79,3397,3397,0,1.0,0.0,0.33000000000000007,0.33000000000000007,0.359126636957165,8224.0,8224.0,1.03125,1.0,1.032258064516129
P02,17,0.75,1.0,0.875,15.555626649127907,10.79,3279,3279,0,1.0,0.0,0.32000000000000006,0.32000000000000006,0.35203891497216866,7967.0,7967.0,1.0,0.9802640036811255,1.0
P02,17,1.0,1.25,1.125,15.555626649127907,10.79,3247,3247,0,1.0,0.0,0.30000000000000004,0.30000000000000004,0.32955394058116944,7710.0,7710.0,0.9375,0.9176538487187658,0.967741935483871
P02,17,1.25,1.5,1.375,15.555626649127907,10.79,3281,3281,0,1.0,0.0,0.29000000000000004,0.29000000000000004,0.3279085238187118,7967.0,7967.0,0.9062499999999999,0.9130721313156819,1.0
P02,17,1.5,1.75,1.625,15.555626649127907,10.79,3288,3288,0,1.0,0.0,0.30000000000000004,0.30000000000000004,0.3158099092723671,7967.0,7967.0,0.9375,0.879383138906612,1.0
P02,17,1.75,2.0,1.875,15.555626649127907,10.79,3420,3420,0,1.0,0.0,0.29000000000000004,0.29000000000000004,0.3087735404150052,7710.0,7710.0,0.9062499999999999,0.8597901370703235,0.967741935483871
P02,17,2.0,2.25,2.125,15.555626649127907,10.79,3517,3517,0,1.0,0.0,0.30000000000000004,0.30000000000000004,0.3088825012800948,7710.0,7710.0,0.9375,0.8600935422034343,0.967741935483871
P02,17,2.25,2.5,2.375,15.555626649127907,10.79,3264,3264,0,1.0,0.0,0.32000000000000006,0.32000000000000006,0.3116426637343965,7710.0,7710.0,1.0,0.8677793058596425,0.967741935483871
P02,17,2.5,2.75,2.625,15.555626649127907,10.79,3528,3528,0,1.0,0.0,0.33000000000000007,0.33000000000000007,0.32218502993710463,7967.0,7967.0,1.03125,0.8971348732773988,1.0
P02,17,2.75,3.0,2.875,15.555626649127907,10.79,3161,3161,0,1.0,0.0,0.32000000000000006,0.32000000000000006,0.31271232805385285,7967.0,7967.0,1.0,0.8707578215401264,1.0
P02,17,3.0,3.25,3.125,15.555626649127907,10.79,3335,3332,3,0.9991004497751125,0.0008995502248875242,0.3600000000000001,0.3600000000000001,0.3059562425046973,7710.0,7710.0,1.125,0.8519452778469071,0.967741935483871
P02,17,3.25,3.5,3.375,15.555626649127907,10.79,3189,3189,0,1.0,0.0,0.31000000000000005,0.31000000000000005,0.28929258377961675,7710.0,7710.0,0.96875,0.8055447689170498,0.967741935483871
P02,17,3.5,3.75,3.625,15.555626649127907,10.79,3264,3264,0,1.0,0.0,0.30000000000000004,0.30000000000000004,0.2890058822666646,7710.0,7710.0,0.9375,0.8047464390705609,0.967741935483871
P02,17,3.75,4.0,3.875,15.555626649127907,10.79,3416,3416,0,1.0,0.0,0.30000000000000004,0.30000000000000004,0.28302119959113997,7710.0,7710.0,0.9375,0.7880818921958648,0.967741935483871
P02,17,4.0,4.25,4.125,15.555626649127907,10.79,3637,3637,0,1.0,0.0,0.30000000000000004,0.30000000000000004,0.296493507296849,7453.0,7453.0,0.9375,0.825595978646979,0.9354838709677419
P02,17,4.25,4.5,4.375,15.555626649127907,10.79,3602,3602,0,1.0,0.0,0.29000000000000004,0.29000000000000004,0.293747595649535,7196.0,7196.0,0.9062499999999999,0.8179498968342241,0.9032258064516129
P02,17,4.5,4.75,4.625,15.555626649127907,10.79,3714,3714,0,1.0,0.0,0.30000000000000004,0.30000000000000004,0.28599999979353297,7453.0,7453.0,0.9375,0.7963764598938556,0.9354838709677419
P02,17,4.75,5.0,4.875,15.555626649127907,10.79,3776,3775,1,0.9997351694915254,0.00026483050847458944,0.29000000000000004,0.30000000000000004,0.29512827639081807,7196.0,7196.0,0.9062499999999999,0.8217944480292606,0.9032258064516129
P02,17,5.0,5.25,5.125,15.555626649127907,10.79,3693,3692,1,0.9997292174383969,0.0002707825616030668,0.30000000000000004,0.30000000000000004,0.28715640277408466,7453.0,7453.0,0.9375,0.7995965022453496,0.9354838709677419
P02,17,5.25,5.5,5.375,15.555626649127907,10.79,3882,3882,0,1.0,0.0,0.29000000000000004,0.29000000000000004,0.27800179875936426,7196.0,7196.0,0.9062499999999999,0.774105204545223,0.9032258064516129
P02,17,5.5,5.75,5.625,15.555626649127907,10.79,3942,3942,0,1.0,0.0,0.32000000000000006,0.32000000000000006,0.2699405486834588,7196.0,7196.0,1.0,0.7516583870543027,0.9032258064516129
P02,17,5.75,6.0,5.875,15.555626649127907,10.79,4064,4064,0,1.0,0.0,0.32000000000000006,0.32000000000000006,0.26218905375884083,7453.0,7453.0,1.0,0.7300740930283975,0.9354838709677419
P02,17,6.0,6.25,6.125,15.555626649127907,10.79,3864,3864,0,1.0,0.0,0.31000000000000005,0.31000000000000005,0.25970210585990416,7196.0,7196.0,0.96875,0.7231491043391478,0.9032258064516129
P02,17,6.25,6.5,6.375,15.555626649127907,10.79,3846,3844,2,0.999479979199168,0.0005200208008320217,0.31000000000000005,0.32000000000000006,0.26199656013132233,7453.0,7453.0,0.96875,0.7295380881551599,0.9354838709677419
P02,17,6.5,6.75,6.625,15.555626649127907,10.79,3958,3958,0,1.0,0.0,0.32000000000000006,0.32000000000000006,0.2634339571846717,7710.0,7710.0,1.0,0.733540567797239,0.967741935483871
P02,17,6.75,7.0,6.875,15.555626649127907,10.79,4633,4601,32,0.9930930282754155,0.006906971724584543,0.37000000000000005,0.4000000000000001,0.31665912280387726,7453.0,7453.0,1.15625,0.8817478020758647,0.9354838709677419
P02,17,7.0,7.25,7.125,15.555626649127907,10.79,4064,4046,18,0.9955708661417323,0.004429133858267709,0.37000000000000005,0.4000000000000001,0.26216931424550194,7710.0,7710.0,1.15625,0.7300191277005507,0.967741935483871
P02,17,7.25,7.5,7.375,15.555626649127907,10.79,5048,4885,163,0.9677099841521395,0.03229001584786051,0.5000000000000001,0.5300000000000001,0.4422778595921129,6939.0,6682.0,1.5625,1.2315373299498968,0.8709677419354839
P02,17,7.5,7.75,7.625,15.555626649127907,10.79,4759,4437,322,0.9323387266232401,0.06766127337675987,0.4800000000000001,0.5800000000000001,0.6526323482684242,6939.0,6682.0,1.5,1.8172763618931091,0.8709677419354839
P02,17,7.75,8.0,7.875,15.555626649127907,10.79,4658,4006,652,0.8600257621296694,0.1399742378703306,0.4100000000000001,0.6800000000000002,0.31575155262126353,7196.0,6682.0,1.28125,0.8792206428812601,0.9032258064516129
P02,17,8.0,8.25,8.125,15.555626649127907,10.79,5437,3411,2026,0.6273680338421924,0.3726319661578076,0.38000000000000006,0.7600000000000001,0.26268991802075103,7196.0,5140.0,1.1875,0.731468766133556,0.9032258064516129
P02,17,8.25,8.5,8.375,15.555626649127907,10.79,5204,3574,1630,0.6867794004611837,0.3132205995388163,0.37000000000000005,0.6600000000000001,0.27153977553249575,7196.0,5654.0,1.15625,0.7561114871155709,0.9032258064516129
P02,17,8.5,8.75,8.625,15.555626649127907,10.79,5833,4046,1787,0.6936396365506601,0.3063603634493399,0.5400000000000001,1.0500000000000003,0.5787986406928673,6939.0,5397.0,1.6875000000000002,1.6116839608360876,0.8709677419354839
P02,17,8.75,9.0,8.875,15.555626649127907,10.79,5622,4168,1454,0.7413731768054074,0.2586268231945926,0.5800000000000001,1.0200000000000002,0.6863986175610893,6939.0,5654.0,1.8124999999999998,1.9112996556781718,0.8709677419354839
P02,17,9.0,9.25,9.125,15.555626649127907,10.79,5333,3532,1801,0.6622913932120758,0.33770860678792425,0.4900000000000001,0.8600000000000002,0.48288838162526376,7196.0,6168.0,1.53125,1.3446186718888815,0.9032258064516129
P02,17,9.25,9.5,9.375,15.555626649127907,10.79,5656,4254,1402,0.7521216407355021,0.24787835926449786,0.6000000000000001,1.2100000000000002,0.5209196975902992,6939.0,5654.0,1.875,1.4505181292147709,0.8709677419354839
P02,17,9.5,9.75,9.625,15.555626649127907,10.79,11193,4717,6476,0.42142410435093364,0.5785758956490663,0.8400000000000002,2.4400000000000004,1.361123609620161,6425.0,3855.0,2.625,3.7900937149992293,0.8064516129032258
P02,17,9.75,10.0,9.875,15.555626649127907,10.79,13737,3928,9809,0.285943073451263,0.714056926548737,0.6900000000000002,3.9100000000000006,2.204007905678567,6425.0,2827.0,2.15625,6.137132918774419,0.8064516129032258
P02,17,10.0,10.25,10.125,15.555626649127907,10.79,24106,4744,19362,0.19679747780635526,0.8032025221936447,0.6300000000000001,5.810000000000001,0.8781645628166606,6425.0,2313.0,1.96875,2.445278273584045,0.8064516129032258
P02,17,10.25,10.5,10.375,15.555626649127907,10.79,34103,3585,30518,0.10512271647655631,0.8948772835234436,0.4300000000000001,6.840000000000002,0.4355433390194502,7453.0,2827.0,1.34375,1.2127848346470602,0.9354838709677419
P02,17,10.5,10.75,10.625,15.555626649127907,10.79,28227,3159,25068,0.11191412477415241,0.8880858752258476,0.5200000000000001,7.110000000000001,0.6208616578033123,6939.0,2827.0,1.625,1.7288098233642464,0.8709677419354839
P02,17,10.75,11.0,10.875,15.555626649127907,10.79,30563,1630,28933,0.05333246081863691,0.946667539181363,0.37000000000000005,7.700000000000001,0.2449417428495435,7710.0,2313.0,1.15625,0.6820483852852136,0.967741935483871
P02,17,11.0,11.25,11.125,15.555626649127907,10.79,26125,1054,25071,0.0403444976076555,0.9596555023923445,0.4100000000000001,6.590000000000002,1.0852831474718785,6682.0,2570.0,1.28125,3.022006823741471,0.8387096774193549
P02,17,11.25,11.5,11.375,15.555626649127907,10.79,15652,770,14882,0.049194991055456175,0.9508050089445438,0.19000000000000003,6.320000000000001,0.27098469871522424,7453.0,2313.0,0.59375,0.7545658573567353,0.9354838709677419
P02,17,11.5,11.75,11.625,15.555626649127907,10.79,27558,1100,26458,0.03991581391973293,0.960084186080267,0.25000000000000006,7.980000000000001,0.26709456502623047,6939.0,2313.0,0.78125,0.7437336514197032,0.8709677419354839
P02,17,11.75,12.0,11.875,15.555626649127907,10.79,32249,1163,31086,0.0360631337405811,0.9639368662594189,0.3400000000000001,10.010000000000002,0.3452660457062873,7196.0,2313.0,1.0625,0.9614047251735021,0.9032258064516129
P02,17,12.0,12.25,12.125,15.555626649127907,10.79,30974,493,30481,0.015916575192096598,0.9840834248079035,0.23000000000000004,11.340000000000002,0.2817807466226817,7710.0,2313.0,0.71875,0.7846278098727921,0.967741935483871
P02,17,12.25,12.5,12.375,15.555626649127907,10.79,37660,203,37457,0.005390334572490706,0.9946096654275093,0.17000000000000004,13.550000000000002,1.2232357118631363,7710.0,2313.0,0.53125,3.4061403025614005,0.967741935483871
P02,17,12.5,12.75,12.625,15.555626649127907,10.79,33608,112,33496,0.0033325398714591763,0.9966674601285408,0.20000000000000004,13.210000000000003,1.503314027938735,8224.0,2570.0,0.625,4.186027638261885,1.032258064516129
P02,17,12.75,13.0,12.875,15.555626649127907,10.79,25280,143,25137,0.005656645569620253,0.9943433544303798,0.29000000000000004,13.440000000000003,0.8177216512257975,6939.0,2570.0,0.9062499999999999,2.2769729868946804,0.8709677419354839
P02,17,13.0,13.25,13.125,15.555626649127907,10.79,31472,22,31450,0.0006990340620233858,0.9993009659379766,0.06000000000000001,15.910000000000004,0.9847645641558179,4112.0,2570.0,0.1875,2.742109503487696,0.5161290322580645
P02,17,13.25,13.5,13.375,15.555626649127907,10.79,42238,28,42210,0.0006629101756711965,0.9993370898243288,0.06000000000000001,19.160000000000004,0.07922977207288186,7581.5,2570.0,0.1875,0.2206179211438778,0.9516129032258065
P02,17,13.5,13.75,13.625,15.555626649127907,10.79,29716,39,29677,0.00131242428321443,0.9986875757167856,0.05000000000000001,18.550000000000004,0.13821764552650034,8224.0,2570.0,0.15625,0.3848716060095156,1.032258064516129
P02,17,13.75,14.0,13.875,15.555626649127907,10.79,21530,7,21523,0.0003251277287505806,0.9996748722712494,0.04000000000000001,14.920000000000003,1.071984393196739,5911.0,2827.0,0.125,2.984976002558675,0.7419354838709677
P02,17,14.0,14.25,14.125,15.555626649127907,10.79,19751,4,19747,0.0002025213913219584,0.9997974786086781,0.020000000000000004,16.400000000000002,0.11230780030171927,8609.5,2570.0,0.0625,0.31272478492068756,1.0806451612903225
P02,17,14.25,14.5,14.375,15.555626649127907,10.79,22314,1,22313,4.481491440351349e-05,0.9999551850855964,0.010000000000000002,17.230000000000004,,4369.0,2827.0,0.03125,,0.5483870967741935
P02,17,14.5,14.75,14.625,15.555626649127907,10.79,15433,0,15433,0.0,1.0,0.0,15.340000000000003,,,2827.0,0.0,,
P02,17,14.75,15.0,14.875,15.555626649127907,10.79,10038,1,10037,9.962143853357243e-05,0.9999003785614664,0.010000000000000002,12.920000000000002,,514.0,3084.0,0.03125,,0.06451612903225806
P02,17,15.0,15.25,15.125,15.555626649127907,10.79,4736,18,4718,0.003800675675675676,0.9961993243243243,0.08000000000000002,10.000000000000002,0.33126208325155077,4883.0,2827.0,0.25,0.9224102284873461,0.6129032258064516
P02,17,15.25,15.5,15.375,15.555626649127907,10.79,3610,0,3610,0.0,1.0,0.0,8.900000000000002,,,2827.0,0.0,,
P02,17,15.5,15.75,15.625,15.555626649127907,10.79,4218,0,4218,0.0,1.0,0.0,8.900000000000002,,,3084.0,0.0,,
P02,19,0.0,0.25,0.125,16.691020167827862,10.95,2470,2470,0,1.0,0.0,0.4600000000000001,0.4600000000000001,0.40864036544079246,6939.0,6939.0,1.2105263157894737,1.1413689367265711,0.8709677419354839
P02,19,0.25,0.5,0.375,16.691020167827862,10.95,3139,3139,0,1.0,0.0,0.4000000000000001,0.4000000000000001,0.3652682560622663,7710.0,7710.0,1.0526315789473684,1.0202267722427507,0.967741935483871
P02,19,0.5,0.75,0.625,16.691020167827862,10.95,3279,3279,0,1.0,0.0,0.37000000000000005,0.37000000000000005,0.3580265348843003,7967.0,7967.0,0.9736842105263158,1.0,1.0
P02,19,0.75,1.0,0.875,16.691020167827862,10.95,2961,2961,0,1.0,0.0,0.3500000000000001,0.3500000000000001,0.35196164576994665,8224.0,8224.0,0.9210526315789475,0.9830602245268956,1.032258064516129
P02,19,1.0,1.25,1.125,16.691020167827862,10.95,3134,3134,0,1.0,0.0,0.38000000000000006,0.38000000000000006,0.33272174844531915,7967.0,7967.0,1.0,0.929321477674389,1.0
P02,19,1.25,1.5,1.375,16.691020167827862,10.95,3023,3023,0,1.0,0.0,0.33000000000000007,0.33000000000000007,0.31709273058994947,7967.0,7967.0,0.868421052631579,0.8856682387868849,1.0
P02,19,1.5,1.75,1.625,16.691020167827862,10.95,3148,3148,0,1.0,0.0,0.31000000000000005,0.31000000000000005,0.31554817389492407,8224.0,8224.0,0.8157894736842105,0.8813541543698611,1.032258064516129
P02,19,1.75,2.0,1.875,16.691020167827862,10.95,3140,3139,1,0.9996815286624203,0.0003184713375796733,0.32000000000000006,0.33000000000000007,0.3119906985009698,8224.0,8224.0,0.8421052631578948,0.8714178087436802,1.032258064516129
P02,19,2.0,2.25,2.125,16.691020167827862,10.95,3085,3085,0,1.0,0.0,0.33000000000000007,0.33000000000000007,0.30223864627349195,8224.0,8224.0,0.868421052631579,0.8441794582939592,1.032258064516129
P02,19,2.25,2.5,2.375,16.691020167827862,10.95,3285,3285,0,1.0,0.0,0.33000000000000007,0.33000000000000007,0.2859321561608212,8224.0,8224.0,0.868421052631579,0.7986339790519239,1.032258064516129
P02,19,2.5,2.75,2.625,16.691020167827862,10.95,3256,3256,0,1.0,0.0,0.32000000000000006,0.32000000000000006,0.27553310617257654,8224.0,8224.0,0.8421052631578948,0.7695885062307398,1.032258064516129
P02,19,2.75,3.0,2.875,16.691020167827862,10.95,3159,3159,0,1.0,0.0,0.33000000000000007,0.33000000000000007,0.2823993615472193,8224.0,8224.0,0.868421052631579,0.788766569043491,1.032258064516129
P02,19,3.0,3.25,3.125,16.691020167827862,10.95,3321,3321,0,1.0,0.0,0.3500000000000001,0.3500000000000001,0.28023204676677665,7967.0,7967.0,0.9210526315789475,0.7827130658271916,1.0
P02,19,3.25,3.5,3.375,16.691020167827862,10.95,3275,3275,0,1.0,0.0,0.32000000000000006,0.32000000000000006,0.2709640156112518,7967.0,7967.0,0.8421052631578948,0.7568266293413598,1.0
P02,19,3.5,3.75,3.625,16.691020167827862,10.95,3333,3333,0,1.0,0.0,0.30000000000000004,0.30000000000000004,0.26841199665044935,8224.0,8224.0,0.7894736842105263,0.7496986130851705,1.032258064516129
P02,19,3.75,4.0,3.875,16.691020167827862,10.95,3227,3227,0,1.0,0.0,0.30000000000000004,0.30000000000000004,0.2694702030033758,7967.0,7967.0,0.7894736842105263,0.7526542776793281,1.0
P02,19,4.0,4.25,4.125,16.691020167827862,10.95,3180,3180,0,1.0,0.0,0.28,0.28,0.2577789719109361,8095.5,8095.5,0.7368421052631579,0.7199996279444479,1.0161290322580645
P02,19,4.25,4.5,4.375,16.691020167827862,10.95,3409,3409,0,1.0,0.0,0.31000000000000005,0.31000000000000005,0.2620366378285242,7967.0,7967.0,0.8157894736842105,0.7318916680664573,1.0
P02,19,4.5,4.75,4.625,16.691020167827862,10.95,3299,3299,0,1.0,0.0,0.28,0.28,0.25113940128788836,7967.0,7967.0,0.7368421052631579,0.7014547158328542,1.0
P02,19,4.75,5.0,4.875,16.691020167827862,10.95,3294,3294,0,1.0,0.0,0.30000000000000004,0.30000000000000004,0.24775783882890154,7967.0,7967.0,0.7894736842105263,0.6920097107019368,1.0
P02,19,5.0,5.25,5.125,16.691020167827862,10.95,3484,3484,0,1.0,0.0,0.28,0.28,0.23553269344752534,7967.0,7967.0,0.7368421052631579,0.6578637908043323,1.0
P02,19,5.25,5.5,5.375,16.691020167827862,10.95,3508,3508,0,1.0,0.0,0.29000000000000004,0.29000000000000004,0.2456635826148774,7967.0,7967.0,0.763157894736842,0.6861602665686942,1.0
P02,19,5.5,5.75,5.625,16.691020167827862,10.95,3256,3255,1,0.9996928746928747,0.00030712530712528885,0.31000000000000005,0.32000000000000006,0.2510991813003839,7967.0,7967.0,0.8157894736842105,0.7013423778255122,1.0
P02,19,5.75,6.0,5.875,16.691020167827862,10.95,3707,3707,0,1.0,0.0,0.31000000000000005,0.31000000000000005,0.23525454286869307,7967.0,7967.0,0.8157894736842105,0.6570868914638347,1.0
P02,19,6.0,6.25,6.125,16.691020167827862,10.95,3553,3553,0,1.0,0.0,0.28,0.28,0.23876347804355616,7967.0,7967.0,0.7368421052631579,0.6668876599348003,1.0
P02,19,6.25,6.5,6.375,16.691020167827862,10.95,3359,3359,0,1.0,0.0,0.28,0.28,0.23641171457204066,7710.0,7710.0,0.7368421052631579,0.6603189750961876,0.967741935483871
P02,19,6.5,6.75,6.625,16.691020167827862,10.95,3611,3611,0,1.0,0.0,0.28,0.28,0.22959200120733672,7967.0,7967.0,0.7368421052631579,0.6412709082625163,1.0
P02,19,6.75,7.0,6.875,16.691020167827862,10.95,3295,3261,34,0.9896813353566009,0.010318664643399145,0.31000000000000005,0.32000000000000006,0.23510423196597138,7967.0,7710.0,0.8157894736842105,0.6566670597249099,1.0
P02,19,7.0,7.25,7.125,16.691020167827862,10.95,3284,3283,1,0.9996954933008526,0.0003045066991473888,0.28,0.28,0.2354725036595715,7710.0,7710.0,0.7368421052631579,0.6576956753657007,0.967741935483871
P02,19,7.25,7.5,7.375,16.691020167827862,10.95,3287,3287,0,1.0,0.0,0.28,0.28,0.23207325096617154,7710.0,7710.0,0.7368421052631579,0.6482012598344652,0.967741935483871
P02,19,7.5,7.75,7.625,16.691020167827862,10.95,3000,3000,0,1.0,0.0,0.31000000000000005,0.31000000000000005,0.24489395286275037,7710.0,7710.0,0.8157894736842105,0.6840106221229948,0.967741935483871
P02,19,7.75,8.0,7.875,16.691020167827862,10.95,3255,3190,65,0.9800307219662059,0.019969278033794113,0.31000000000000005,0.33000000000000007,0.24515301334930953,7710.0,7453.0,0.8157894736842105,0.6847342011354914,0.967741935483871
P02,19,8.0,8.25,8.125,16.691020167827862,10.95,3157,3133,24,0.9923978460563826,0.007602153943617407,0.31000000000000005,0.32000000000000006,0.22231958973393728,7710.0,7453.0,0.8157894736842105,0.6209584152911515,0.967741935483871
P02,19,8.25,8.5,8.375,16.691020167827862,10.95,3462,3435,27,0.9922010398613518,0.0077989601386482255,0.3400000000000001,0.3400000000000001,0.2717081124252465,7453.0,7453.0,0.8947368421052633,0.7589049580167335,0.9354838709677419
P02,19,8.5,8.75,8.625,16.691020167827862,10.95,3029,3028,1,0.9996698580389568,0.0003301419610431955,0.33000000000000007,0.33000000000000007,0.2555510545967664,7196.0,7196.0,0.868421052631579,0.7137768564538105,0.9032258064516129
P02,19,8.75,9.0,8.875,16.691020167827862,10.95,2824,2824,0,1.0,0.0,0.30000000000000004,0.30000000000000004,0.24037636975427978,7710.0,7710.0,0.7894736842105263,0.6713926101370103,0.967741935483871
P02,19,9.0,9.25,9.125,16.691020167827862,10.95,3009,2944,65,0.9783981389165836,0.02160186108341644,0.30000000000000004,0.33000000000000007,0.2415186325887385,7453.0,7196.0,0.7894736842105263,0.6745830519706802,0.9354838709677419
P02,19,9.25,9.5,9.375,16.691020167827862,10.95,2928,2806,122,0.9583333333333334,0.04166666666666663,0.28,0.31000000000000005,0.25104474307079483,7710.0,7453.0,0.7368421052631579,0.701190327001663,0.967741935483871
P02,19,9.5,9.75,9.625,16.691020167827862,10.95,2837,2597,240,0.9154035953471977,0.08459640465280227,0.30000000000000004,0.4200000000000001,0.24725526633983774,7710.0,7453.0,0.7894736842105263,0.6906059809777525,0.967741935483871
P02,19,9.75,10.0,9.875,16.691020167827862,10.95,2557,2393,164,0.9358623386781384,0.0641376613218616,0.30000000000000004,0.4100000000000001,0.22711890409723884,7196.0,7196.0,0.7894736842105263,0.6343633277646152,0.9032258064516129
P02,19,10.0,10.25,10.125,16.691020167827862,10.95,3041,2886,155,0.9490299243669845,0.05097007563301548,0.4000000000000001,0.5100000000000001,0.3430178563929246,6939.0,6682.0,1.0526315789473684,0.9580794242074099,0.8709677419354839
P02,19,10.25,10.5,10.375,16.691020167827862,10.95,2937,2632,305,0.8961525366019748,0.1038474633980252,0.4200000000000001,0.6100000000000001,0.3939223210516494,7196.0,6682.0,1.105263157894737,1.1002601278671962,0.9032258064516129
P02,19,10.5,10.75,10.625,16.691020167827862,10.95,2708,2356,352,0.8700147710487445,0.12998522895125553,0.29000000000000004,0.6100000000000001,0.22604202775123208,7453.0,6939.0,0.763157894736842,0.6313555162169188,0.9354838709677419
P02,19,10.75,11.0,10.875,16.691020167827862,10.95,6213,4479,1734,0.7209077740222115,0.2790922259777885,0.7900000000000001,1.8600000000000003,1.3285800688792437,6168.0,4626.0,2.0789473684210527,3.71084246397711,0.7741935483870968
P02,19,11.0,11.25,11.125,16.691020167827862,10.95,8766,2745,6021,0.3131416837782341,0.6868583162217659,0.5700000000000001,2.6800000000000006,1.5969246684714653,7196.0,3084.0,1.5,4.460352831075849,0.9032258064516129
P02,19,11.25,11.5,11.375,16.691020167827862,10.95,10593,3210,7383,0.30303030303030304,0.696969696969697,0.6900000000000002,3.4100000000000006,0.818235522881664,6682.0,3084.0,1.8157894736842106,2.285404692549072,0.8387096774193549
P02,19,11.5,11.75,11.625,16.691020167827862,10.95,9566,2956,6610,0.30901108091156176,0.6909889190884382,0.6500000000000001,3.0100000000000007,1.1042668108995233,6425.0,3084.0,1.7105263157894737,3.0843155557070028,0.8064516129032258
P02,19,11.75,12.0,11.875,16.691020167827862,10.95,3902,1605,2297,0.411327524346489,0.588672475653511,0.3400000000000001,2.1400000000000006,0.2250782080027059,6939.0,3855.0,0.8947368421052633,0.6286634818155087,0.8709677419354839
P02,19,12.0,12.25,12.125,16.691020167827862,10.95,6534,2916,3618,0.4462809917355372,0.5537190082644627,0.6000000000000001,3.3300000000000005,0.8526017966562779,6682.0,3855.0,1.5789473684210527,2.38139275607548,0.8387096774193549
P02,19,12.25,12.5,12.375,16.691020167827862,10.95,24771,2409,22362,0.09725081748819184,0.9027491825118081,0.6700000000000002,8.930000000000001,1.3906430151825853,6425.0,2570.0,1.7631578947368423,3.8841898007140303,0.8064516129032258
P02,19,12.5,12.75,12.625,16.691020167827862,10.95,34129,1587,32542,0.0465000439508922,0.9534999560491078,0.44000000000000006,11.680000000000001,0.47912510482587894,6168.0,2570.0,1.1578947368421053,1.338239091638034,0.7741935483870968
P02,19,12.75,13.0,12.875,16.691020167827862,10.95,22055,717,21338,0.03250963500340059,0.9674903649965995,0.23000000000000004,9.700000000000001,0.2225702712212259,6425.0,2313.0,0.6052631578947368,0.6216585910123997,0.8064516129032258
P02,19,13.0,13.25,13.125,16.691020167827862,10.95,15292,243,15049,0.015890661783939313,0.9841093382160607,0.16000000000000003,8.240000000000002,0.22941767456170986,6168.0,2313.0,0.4210526315789474,0.640783998414666,0.7741935483870968
P02,19,13.25,13.5,13.375,16.691020167827862,10.95,9719,396,9323,0.04074493260623521,0.9592550673937648,0.21000000000000005,7.6800000000000015,0.24557609596205815,6168.0,2313.0,0.5526315789473685,0.6859159085552651,0.7741935483870968
P02,19,13.5,13.75,13.625,16.691020167827862,10.95,20353,487,19866,0.023927676509605464,0.9760723234903945,0.33000000000000007,10.900000000000002,1.150120438746336,6425.0,2570.0,0.868421052631579,3.2123888222922035,0.8064516129032258
P02,19,13.75,14.0,13.875,16.691020167827862,10.95,27582,366,27216,0.013269523602349358,0.9867304763976507,0.5000000000000001,13.570000000000002,0.9674878424358238,6168.0,2570.0,1.3157894736842106,2.702279714402947,0.7741935483870968
P02,19,14.0,14.25,14.125,16.691020167827862,10.95,23837,136,23701,0.005705415949993707,0.9942945840500063,0.33000000000000007,14.500000000000004,0.7428068644962781,6168.0,2827.0,0.868421052631579,2.074725731533623,0.7741935483870968
P02,19,14.25,14.5,14.375,16.691020167827862,10.95,24857,170,24687,0.006839119765056121,0.9931608802349439,0.25000000000000006,14.020000000000003,0.7431477993291522,6425.0,3084.0,0.6578947368421053,2.075677992887615,0.8064516129032258
P02,19,14.5,14.75,14.625,16.691020167827862,10.95,16633,42,16591,0.0025251007034209102,0.9974748992965791,0.11000000000000001,13.050000000000002,0.8532001574707878,6682.0,3084.0,0.2894736842105263,2.383064031124139,0.8387096774193549
P02,19,14.75,15.0,14.875,16.691020167827862,10.95,13789,1,13788,7.252157516861267e-05,0.9999274784248314,0.010000000000000002,13.160000000000002,,771.0,3084.0,0.026315789473684213,,0.0967741935483871
P02,19,15.0,15.25,15.125,16.691020167827862,10.95,9281,33,9248,0.0035556513306755737,0.9964443486693244,0.10000000000000002,10.850000000000001,2.947544258400924,5397.0,2827.0,0.2631578947368421,8.232753640322919,0.6774193548387096
P02,19,15.25,15.5,15.375,16.691020167827862,10.95,4098,0,4098,0.0,1.0,0.0,7.200000000000001,,,2570.0,0.0,,
P02,19,15.5,15.75,15.625,16.691020167827862,10.95,3153,0,3153,0.0,1.0,0.0,5.070000000000001,,,3084.0,0.0,,
P02,19,15.75,16.0,15.875,16.691020167827862,10.95,1901,0,1901,0.0,1.0,0.0,3.7400000000000007,,,3084.0,0.0,,
P02,19,16.0,16.25,16.125,16.691020167827862,10.95,1954,0,1954,0.0,1.0,0.0,3.8400000000000007,,,3598.0,0.0,,
P02,19,16.25,16.5,16.375,16.691020167827862,10.95,1647,0,1647,0.0,1.0,0.0,3.2700000000000005,,,3855.0,0.0,,
P02,19,16.5,16.75,16.625,16.691020167827862,10.95,3669,0,3669,0.0,1.0,0.0,3.2300000000000004,,,4112.0,0.0,,
P02,20,0.0,0.25,0.125,15.396702243437131,10.58,9496,9294,202,0.9787278854254423,0.021272114574557688,0.4800000000000001,0.5100000000000001,0.34469116610373884,8995.0,8995.0,1.92,1.472649250052801,0.9722222222222222
P02,20,0.25,0.5,0.375,15.396702243437131,10.58,8995,8995,0,1.0,0.0,0.26000000000000006,0.26000000000000006,0.2540675097949678,9252.0,9252.0,1.04,1.085471182773905,1.0
P02,20,0.5,0.75,0.625,15.396702243437131,10.58,9180,9180,0,1.0,0.0,0.25000000000000006,0.25000000000000006,0.23406195744939276,9252.0,9252.0,1.0,1.0,1.0
P02,20,0.75,1.0,0.875,15.396702243437131,10.58,9694,9694,0,1.0,0.0,0.25000000000000006,0.25000000000000006,0.2226994613273114,9252.0,9252.0,1.0,0.9514551777405429,1.0
P02,20,1.0,1.25,1.125,15.396702243437131,10.58,10327,10327,0,1.0,0.0,0.23000000000000004,0.23000000000000004,0.22323194254964984,9509.0,9509.0,0.9199999999999999,0.9537301361666836,1.0277777777777777
P02,20,1.25,1.5,1.375,15.396702243437131,10.58,11769,11769,0,1.0,0.0,0.25000000000000006,0.25000000000000006,0.22180351551522318,9252.0,9252.0,1.0,0.9476273629950308,1.0
P02,20,1.5,1.75,1.625,15.396702243437131,10.58,11781,11781,0,1.0,0.0,0.25000000000000006,0.25000000000000006,0.2137007256379707,9252.0,9252.0,1.0,0.9130092218603084,1.0
P02,20,1.75,2.0,1.875,15.396702243437131,10.58,11703,11703,0,1.0,0.0,0.23000000000000004,0.23000000000000004,0.20366639436200698,8995.0,8995.0,0.9199999999999999,0.870138815300826,0.9722222222222222
P02,20,2.0,2.25,2.125,15.396702243437131,10.58,10991,10991,0,1.0,0.0,0.20000000000000004,0.20000000000000004,0.19415200035262398,8738.0,8738.0,0.7999999999999999,0.8294897747089129,0.9444444444444444
P02,20,2.25,2.5,2.375,15.396702243437131,10.58,10495,10495,0,1.0,0.0,0.22000000000000003,0.22000000000000003,0.18469975655107565,8224.0,8224.0,0.8799999999999999,0.7891062629902603,0.8888888888888888
P02,20,2.5,2.75,2.625,15.396702243437131,10.58,9935,9934,1,0.9998993457473578,0.00010065425264216277,0.22000000000000003,0.22000000000000003,0.18146349506261455,7967.0,7967.0,0.8799999999999999,0.7752797466108918,0.8611111111111112
P02,20,2.75,3.0,2.875,15.396702243437131,10.58,9253,9253,0,1.0,0.0,0.20000000000000004,0.20000000000000004,0.18143042493995604,7710.0,7710.0,0.7999999999999999,0.7751384587099492,0.8333333333333334
P02,20,3.0,3.25,3.125,15.396702243437131,10.58,8735,8735,0,1.0,0.0,0.21000000000000005,0.21000000000000005,0.18285786759994135,6939.0,6939.0,0.84,0.7812370262667636,0.75
P02,20,3.25,3.5,3.375,15.396702243437131,10.58,8326,8326,0,1.0,0.0,0.21000000000000005,0.21000000000000005,0.18145178310889382,6682.0,6682.0,0.84,0.7752297087754043,0.7222222222222222
P02,20,3.5,3.75,3.625,15.396702243437131,10.58,7656,7656,0,1.0,0.0,0.23000000000000004,0.23000000000000004,0.18539754587273766,6168.0,6168.0,0.9199999999999999,0.7920874792855777,0.6666666666666666
P02,20,3.75,4.0,3.875,15.396702243437131,10.58,6874,6874,0,1.0,0.0,0.19000000000000003,0.19000000000000003,0.17302369726736286,5911.0,5911.0,0.7599999999999999,0.7392217819282864,0.6388888888888888
P02,20,4.0,4.25,4.125,15.396702243437131,10.58,6704,6704,0,1.0,0.0,0.21000000000000005,0.21000000000000005,0.1803107039580124,6168.0,6168.0,0.84,0.7703545929585671,0.6666666666666666
P02,20,4.25,4.5,4.375,15.396702243437131,10.58,6215,6215,0,1.0,0.0,0.20000000000000004,0.20000000000000004,0.17557135302055452,5654.0,5654.0,0.7999999999999999,0.7501063177193813,0.6111111111111112
P02,20,4.5,4.75,4.625,15.396702243437131,10.58,6016,6016,0,1.0,0.0,0.22000000000000003,0.22000000000000003,0.18042796315123072,5654.0,5654.0,0.8799999999999999,0.7708555679760202,0.6111111111111112
P02,20,4.75,5.0,4.875,15.396702243437131,10.58,5456,5456,0,1.0,0.0,0.21000000000000005,0.21000000000000005,0.17245216729600915,6168.0,6168.0,0.84,0.7367799926790561,0.6666666666666666
P02,20,5.0,5.25,5.125,15.396702243437131,10.58,5271,5271,0,1.0,0.0,0.21000000000000005,0.21000000000000005,0.18004165968939712,6168.0,6168.0,0.84,0.7692051354749713,0.6666666666666666
P02,20,5.25,5.5,5.375,15.396702243437131,10.58,5529,5529,0,1.0,0.0,0.22000000000000003,0.22000000000000003,0.18182849035301507,6168.0,6168.0,0.8799999999999999,0.7768391426544775,0.6666666666666666
P02,20,5.5,5.75,5.625,15.396702243437131,10.58,5208,5208,0,1.0,0.0,0.22000000000000003,0.22000000000000003,0.17169260130913067,6939.0,6939.0,0.8799999999999999,0.7335348434238949,0.75
P02,20,5.75,6.0,5.875,15.396702243437131,10.58,4747,4746,1,0.9997893406361913,0.0002106593638087073,0.23000000000000004,0.23000000000000004,0.17649858301594146,6682.0,6682.0,0.9199999999999999,0.7540677901666388,0.7222222222222222
P02,20,6.0,6.25,6.125,15.396702243437131,10.58,7206,6949,257,0.9643352761587566,0.03566472384124342,0.4000000000000001,0.4100000000000001,0.7456525931836092,5140.0,4883.0,1.5999999999999999,3.1857060468479976,0.5555555555555556
P02,20,6.25,6.5,6.375,15.396702243437131,10.58,4433,4432,1,0.9997744191292578,0.00022558087074220357,0.21000000000000005,0.22000000000000003,0.1711724276663778,6682.0,6682.0,0.84,0.7313124675691371,0.7222222222222222
P02,20,6.5,6.75,6.625,15.396702243437131,10.58,4174,4174,0,1.0,0.0,0.21000000000000005,0.21000000000000005,0.16969737179038297,6682.0,6682.0,0.84,0.725010478591224,0.7222222222222222
P02,20,6.75,7.0,6.875,15.396702243437131,10.58,4706,4609,97,0.9793880152996175,0.020611984700382502,0.28,0.31000000000000005,0.20767089184173826,6682.0,6425.0,1.1199999999999999,0.887247522428498,0.7222222222222222
P02,20,7.0,7.25,7.125,15.396702243437131,10.58,6118,5290,828,0.8646616541353384,0.13533834586466165,0.5200000000000001,0.6300000000000001,0.7513913755370274,5140.0,4626.0,2.08,3.2102242659381672,0.5555555555555556
P02,20,7.25,7.5,7.375,15.396702243437131,10.58,4941,4626,315,0.936247723132969,0.063752276867031,0.45000000000000007,0.5000000000000001,0.5205869284373638,5397.0,5140.0,1.7999999999999998,2.2241415653798478,0.5833333333333334
P02,20,7.5,7.75,7.625,15.396702243437131,10.58,4405,4404,1,0.9997729852440409,0.00022701475595909848,0.33000000000000007,0.3400000000000001,0.26604082547927305,6425.0,6425.0,1.32,1.1366256540719333,0.6944444444444444
P02,20,7.75,8.0,7.875,15.396702243437131,10.58,5112,4963,149,0.9708528951486698,0.029147104851330208,0.4200000000000001,0.4200000000000001,0.7790037886068659,5397.0,5140.0,1.68,3.328194795496815,0.5833333333333334
P02,20,8.0,8.25,8.125,15.396702243437131,10.58,3755,3748,7,0.9981358189081225,0.0018641810918774704,0.22000000000000003,0.26000000000000006,0.19311272694470694,6682.0,6682.0,0.8799999999999999,0.8250496110050708,0.7222222222222222
P02,20,8.25,8.5,8.375,15.396702243437131,10.58,3690,3604,86,0.9766937669376694,0.023306233062330595,0.28,0.30000000000000004,0.34543197491211686,6168.0,6168.0,1.1199999999999999,1.4758142616439656,0.6666666666666666
P02,20,8.5,8.75,8.625,15.396702243437131,10.58,4575,3853,722,0.8421857923497268,0.1578142076502732,0.39000000000000007,0.5000000000000001,1.3447168525769644,6168.0,5397.0,1.5599999999999998,5.745132046363022,0.6666666666666666
P02,20,8.75,9.0,8.875,15.396702243437131,10.58,6372,6252,120,0.9811676082862524,0.01883239171374762,0.7400000000000001,0.7600000000000001,1.0821935588031042,4883.0,4883.0,2.96,4.623534599966287,0.5277777777777778
P02,20,9.0,9.25,9.125,15.396702243437131,10.58,6934,6230,704,0.898471300836458,0.10152869916354201,0.8700000000000002,0.9100000000000001,1.1798110834143336,4626.0,4369.0,3.48,5.040593081724629,0.5
P02,20,9.25,9.5,9.375,15.396702243437131,10.58,6857,4932,1925,0.719264984687181,0.28073501531281897,0.6100000000000001,0.8800000000000001,1.5633296166767108,4626.0,3855.0,2.44,6.679127328988193,0.5
P02,20,9.5,9.75,9.625,15.396702243437131,10.58,4156,3459,697,0.8322906641000962,0.16770933589990378,0.4200000000000001,0.7100000000000002,1.342752248088823,5397.0,4626.0,1.68,5.7367385230858945,0.5833333333333334
P02,20,9.75,10.0,9.875,15.396702243437131,10.58,7835,4942,2893,0.6307594128908742,0.3692405871091258,0.7000000000000002,1.5300000000000002,1.6692001063678887,4883.0,3341.0,2.8000000000000003,7.131445556370652,0.5277777777777778
P02,20,10.0,10.25,10.125,15.396702243437131,10.58,9231,5612,3619,0.6079514678799697,0.3920485321200303,0.9200000000000002,1.9500000000000004,1.9764641400725806,4369.0,3341.0,3.6799999999999997,8.444192134469002,0.4722222222222222
P02,20,10.25,10.5,10.375,15.396702243437131,10.58,11262,7072,4190,0.6279524063221452,0.3720475936778548,1.2900000000000003,2.4300000000000006,1.2886003049191483,4112.0,3084.0,5.16,5.5053812202598555,0.4444444444444444
P02,20,10.5,10.75,10.625,15.396702243437131,10.58,10086,6284,3802,0.6230418401744993,0.37695815982550074,1.1000000000000003,2.8300000000000005,1.3645191596873447,5140.0,3598.0,4.4,5.829734889670704,0.5555555555555556
P02,20,10.75,11.0,10.875,15.396702243437131,10.58,18325,5388,12937,0.29402455661664395,0.705975443383356,1.0600000000000003,4.330000000000001,1.6100262106909857,5654.0,3084.0,4.24,6.87863259897369,0.6111111111111112
P02,20,11.0,11.25,11.125,15.396702243437131,10.58,35879,5112,30767,0.1424788873714429,0.8575211126285571,0.9400000000000002,6.910000000000001,1.4628491031354,5654.0,2570.0,3.76,6.249837090470745,0.6111111111111112
P02,20,11.25,11.5,11.375,15.396702243437131,10.58,39625,5665,33960,0.14296529968454258,0.8570347003154575,1.2000000000000002,8.690000000000001,1.4763664161134238,5140.0,2827.0,4.8,6.307588094202081,0.5555555555555556
P02,20,11.5,11.75,11.625,15.396702243437131,10.58,52482,1425,51057,0.027152166457070994,0.972847833542929,0.56,9.890000000000002,1.3242424031409143,5654.0,2570.0,2.2399999999999998,5.657657560294619,0.6111111111111112
P02,20,11.75,12.0,11.875,15.396702243437131,10.58,48190,1965,46225,0.04077609462544096,0.959223905374559,0.5200000000000001,9.720000000000002,1.6757752587080939,5654.0,2570.0,2.08,7.159537060055641,0.6111111111111112
P02,20,12.0,12.25,12.125,15.396702243437131,10.58,25457,2161,23296,0.08488824291943277,0.9151117570805672,0.6800000000000002,8.120000000000001,1.6283077105307588,5397.0,2570.0,2.72,6.956737986277929,0.5833333333333334
P02,20,12.25,12.5,12.375,15.396702243437131,10.58,33552,1016,32536,0.03028135431568908,0.9697186456843109,0.5500000000000002,9.420000000000002,1.0355818892632813,4883.0,3084.0,2.2,4.424392159017074,0.5277777777777778
P02,20,12.5,12.75,12.625,15.396702243437131,10.58,36058,989,35069,0.027428032614121692,0.9725719673858783,0.44000000000000006,10.920000000000002,1.1404185194977987,6425.0,3084.0,1.7599999999999998,4.872293353115156,0.6944444444444444
P02,20,12.75,13.0,12.875,15.396702243437131,10.58,32754,1174,31580,0.03584295047933077,0.9641570495206693,0.5800000000000001,11.900000000000002,0.7035615072711833,6168.0,3341.0,2.32,3.0058772255773447,0.6666666666666666
P02,20,13.0,13.25,13.125,15.396702243437131,10.58,34141,989,33152,0.02896810286751999,0.9710318971324801,0.6400000000000001,14.050000000000002,0.8178881213339798,5654.0,3084.0,2.56,3.4943231708673457,0.6111111111111112
P02,20,13.25,13.5,13.375,15.396702243437131,10.58,21983,559,21424,0.0254287403903016,0.9745712596096984,0.4300000000000001,13.270000000000003,1.1810866070249737,5140.0,2827.0,1.72,5.046042594428614,0.5555555555555556
P02,20,13.5,13.75,13.625,15.396702243437131,10.58,17143,264,16879,0.015399871667736102,0.9846001283322638,0.19000000000000003,12.200000000000003,0.6401992559193244,5654.0,2827.0,0.7599999999999999,2.7351700502536547,0.6111111111111112
P02,20,13.75,14.0,13.875,15.396702243437131,10.58,20377,158,20219,0.007753840113853855,0.9922461598861462,0.23000000000000004,12.840000000000002,1.165457661316989,5397.0,3341.0,0.9199999999999999,4.979269907921607,0.5833333333333334
P02,20,14.0,14.25,14.125,15.396702243437131,10.58,13271,242,13029,0.018235249792781252,0.9817647502072188,0.26000000000000006,11.890000000000002,0.6468389364519419,4626.0,3341.0,1.04,2.7635372424491362,0.5
P02,20,14.25,14.5,14.375,15.396702243437131,10.58,10631,95,10536,0.00893613018530712,0.9910638698146929,0.11000000000000001,10.570000000000002,0.9841444070787344,5654.0,3598.0,0.43999999999999995,4.204632046160339,0.6111111111111112
P02,20,14.5,14.75,14.625,15.396702243437131,10.58,9559,0,9559,0.0,1.0,0.0,10.800000000000002,,,3598.0,0.0,,
P02,20,14.75,15.0,14.875,15.396702243437131,10.58,5426,0,5426,0.0,1.0,0.0,8.550000000000002,,,3598.0,0.0,,
P02,20,15.0,15.25,15.125,15.396702243437131,10.58,3137,0,3137,0.0,1.0,0.0,5.730000000000001,,,3598.0,0.0,,
P02,20,15.25,15.5,15.375,15.396702243437131,10.58,5047,0,5047,0.0,1.0,0.0,7.790000000000002,,,3855.0,0.0,,
P02,22,0.0,0.25,0.125,16.620441116261734,10.4,11043,11002,41,0.9962872407860183,0.003712759213981731,0.5100000000000001,0.5300000000000001,0.4141291464139338,9252.0,9252.0,1.3076923076923077,1.0833414606742486,0.9473684210526315
P02,22,0.25,0.5,0.375,16.620441116261734,10.4,11717,11717,0,1.0,0.0,0.38000000000000006,0.38000000000000006,0.40446062824831014,9766.0,9766.0,0.9743589743589743,1.0580490931053337,1.0
P02,22,0.5,0.75,0.625,16.620441116261734,10.4,12239,12239,0,1.0,0.0,0.39000000000000007,0.39000000000000007,0.3822701903757922,10023.0,10023.0,1.0,1.0,1.0263157894736843
P02,22,0.75,1.0,0.875,16.620441116261734,10.4,11763,11763,0,1.0,0.0,0.4200000000000001,0.4200000000000001,0.3690926709008046,9766.0,9766.0,1.0769230769230769,0.9655282577434736,1.0
P02,22,1.0,1.25,1.125,16.620441116261734,10.4,11482,11482,0,1.0,0.0,0.38000000000000006,0.38000000000000006,0.35969674668880325,9766.0,9766.0,0.9743589743589743,0.940948982538246,1.0
P02,22,1.25,1.5,1.375,16.620441116261734,10.4,11217,11217,0,1.0,0.0,0.3500000000000001,0.3500000000000001,0.3578921477803749,10023.0,10023.0,0.8974358974358975,0.9362282406288277,1.0263157894736843
P02,22,1.5,1.75,1.625,16.620441116261734,10.4,11323,11323,0,1.0,0.0,0.3400000000000001,0.3400000000000001,0.34848959640477734,9509.0,9509.0,0.8717948717948718,0.9116316290898678,0.9736842105263158
P02,22,1.75,2.0,1.875,16.620441116261734,10.4,11617,11617,0,1.0,0.0,0.37000000000000005,0.37000000000000005,0.3507557534840697,8995.0,8995.0,0.9487179487179487,0.9175597844531321,0.9210526315789473
P02,22,2.0,2.25,2.125,16.620441116261734,10.4,12419,12419,0,1.0,0.0,0.38000000000000006,0.38000000000000006,0.34575511533331654,8738.0,8738.0,0.9743589743589743,0.9044783612172862,0.8947368421052632
P02,22,2.25,2.5,2.375,16.620441116261734,10.4,13124,13124,0,1.0,0.0,0.3600000000000001,0.3600000000000001,0.34521869861953486,8481.0,8481.0,0.9230769230769231,0.9030751215002307,0.868421052631579
P02,22,2.5,2.75,2.625,16.620441116261734,10.4,12895,12895,0,1.0,0.0,0.3500000000000001,0.3500000000000001,0.3480946710204649,8481.0,8481.0,0.8974358974358975,0.910598523725507,0.868421052631579
P02,22,2.75,3.0,2.875,16.620441116261734,10.4,12647,12647,0,1.0,0.0,0.3500000000000001,0.3500000000000001,0.3374154698706144,8224.0,8224.0,0.8974358974358975,0.8826622592227681,0.8421052631578947
P02,22,3.0,3.25,3.125,16.620441116261734,10.4,11643,11643,0,1.0,0.0,0.33000000000000007,0.33000000000000007,0.3381172872342991,8481.0,8481.0,0.8461538461538461,0.8844981788977886,0.868421052631579
P02,22,3.25,3.5,3.375,16.620441116261734,10.4,11103,11103,0,1.0,0.0,0.3500000000000001,0.3500000000000001,0.3398470243788092,8481.0,8481.0,0.8974358974358975,0.8890230861180185,0.868421052631579
P02,22,3.5,3.75,3.625,16.620441116261734,10.4,10501,10501,0,1.0,0.0,0.3600000000000001,0.3600000000000001,0.33726695635958404,8481.0,8481.0,0.9230769230769231,0.8822737551887906,0.868421052631579
P02,22,3.75,4.0,3.875,16.620441116261734,10.4,9744,9744,0,1.0,0.0,0.3600000000000001,0.3600000000000001,0.32715034757253153,7967.0,7967.0,0.9230769230769231,0.8558092046123845,0.8157894736842105
P02,22,4.0,4.25,4.125,16.620441116261734,10.4,9363,9363,0,1.0,0.0,0.33000000000000007,0.33000000000000007,0.3291929524990283,7967.0,7967.0,0.8461538461538461,0.8611525585487424,0.8157894736842105
P02,22,4.25,4.5,4.375,16.620441116261734,10.4,8719,8719,0,1.0,0.0,0.31000000000000005,0.31000000000000005,0.320978192307529,7967.0,7967.0,0.7948717948717948,0.839663150275961,0.8157894736842105
P02,22,4.5,4.75,4.625,16.620441116261734,10.4,8739,8739,0,1.0,0.0,0.3500000000000001,0.3500000000000001,0.3275681607229217,7967.0,7967.0,0.8974358974358975,0.8569021832461081,0.8157894736842105
P02,22,4.75,5.0,4.875,16.620441116261734,10.4,7857,7857,0,1.0,0.0,0.3500000000000001,0.3500000000000001,0.3219211073494658,7710.0,7710.0,0.8974358974358975,0.8421297696087681,0.7894736842105263
P02,22,5.0,5.25,5.125,16.620441116261734,10.4,7865,7865,0,1.0,0.0,0.33000000000000007,0.33000000000000007,0.31827849403001773,7710.0,7710.0,0.8461538461538461,0.832600872480098,0.7894736842105263
P02,22,5.25,5.5,5.375,16.620441116261734,10.4,7287,7287,0,1.0,0.0,0.33000000000000007,0.33000000000000007,0.3157839450021706,7196.0,7196.0,0.8461538461538461,0.8260752550224698,0.7368421052631579
P02,22,5.5,5.75,5.625,16.620441116261734,10.4,7069,7069,0,1.0,0.0,0.3400000000000001,0.3400000000000001,0.31098711838226617,7196.0,7196.0,0.8717948717948718,0.8135269927182893,0.7368421052631579
P02,22,5.75,6.0,5.875,16.620441116261734,10.4,6741,6741,0,1.0,0.0,0.33000000000000007,0.33000000000000007,0.30636742643289006,7453.0,7453.0,0.8461538461538461,0.8014421059923986,0.7631578947368421
P02,22,6.0,6.25,6.125,16.620441116261734,10.4,7138,7136,2,0.9997198094704399,0.00028019052956007595,0.38000000000000006,0.39000000000000007,0.2975836009306678,6939.0,6939.0,0.9743589743589743,0.7784640508801566,0.7105263157894737
P02,22,6.25,6.5,6.375,16.620441116261734,10.4,6742,6737,5,0.9992583803025809,0.0007416196974191491,0.4300000000000001,0.44000000000000006,0.379536819487283,6425.0,6425.0,1.1025641025641026,0.9928496363113689,0.6578947368421053
P02,22,6.5,6.75,6.625,16.620441116261734,10.4,5928,5928,0,1.0,0.0,0.38000000000000006,0.38000000000000006,0.30931641746666005,6682.0,6682.0,0.9743589743589743,0.8091565213666945,0.6842105263157895
P02,22,6.75,7.0,6.875,16.620441116261734,10.4,5921,5921,0,1.0,0.0,0.37000000000000005,0.37000000000000005,0.2963393322433241,6682.0,6682.0,0.9487179487179487,0.7752091052457074,0.6842105263157895
P02,22,7.0,7.25,7.125,16.620441116261734,10.4,6334,6331,3,0.9995263656457215,0.000473634354278496,0.38000000000000006,0.38000000000000006,0.319547334274096,6939.0,6939.0,0.9743589743589743,0.83592009609738,0.7105263157894737
P02,22,7.25,7.5,7.375,16.620441116261734,10.4,8093,6507,1586,0.8040281724947486,0.19597182750525144,0.4200000000000001,0.5900000000000001,0.46554781664243594,6682.0,5654.0,1.0769230769230769,1.2178501708039995,0.6842105263157895
P02,22,7.5,7.75,7.625,16.620441116261734,10.4,6150,6069,81,0.9868292682926829,0.013170731707317085,0.4000000000000001,0.6100000000000001,0.31055402109490104,7196.0,6939.0,1.0256410256410255,0.8123940315346319,0.7368421052631579
P02,22,7.75,8.0,7.875,16.620441116261734,10.4,5860,5859,1,0.9998293515358362,0.00017064846416381396,0.4100000000000001,0.4100000000000001,0.3422500540298788,7196.0,7196.0,1.0512820512820513,0.895309293391223,0.7368421052631579
P02,22,8.0,8.25,8.125,16.620441116261734,10.4,6746,6714,32,0.9952564482656389,0.00474355173436114,0.5500000000000002,0.5500000000000002,0.4041838530621814,6939.0,6939.0,1.4102564102564104,1.057325062843239,0.7105263157894737
P02,22,8.25,8.5,8.375,16.620441116261734,10.4,10485,8569,1916,0.8172627563185503,0.18273724368144972,0.8500000000000002,1.1100000000000003,3.202709413834295,5911.0,5140.0,2.1794871794871797,8.378130166743734,0.6052631578947368
P02,22,8.5,8.75,8.625,16.620441116261734,10.4,9961,7589,2372,0.7618712980624436,0.23812870193755642,0.7700000000000001,1.0700000000000003,3.2202251472548267,5654.0,4883.0,1.9743589743589745,8.42395046312445,0.5789473684210527
P02,22,8.75,9.0,8.875,16.620441116261734,10.4,9892,6923,2969,0.6998584714921149,0.3001415285078851,0.6400000000000001,1.0900000000000003,0.7235146621118145,6168.0,4883.0,1.641025641025641,1.8926787396123161,0.631578947368421
P02,22,9.0,9.25,9.125,16.620441116261734,10.4,10671,6167,4504,0.577921469403055,0.422078530596945,0.7700000000000001,1.5700000000000003,3.511803168572187,6168.0,4112.0,1.9743589743589745,9.186704213372995,0.631578947368421
P02,22,9.25,9.5,9.375,16.620441116261734,10.4,16302,8151,8151,0.5,0.5,1.1100000000000003,2.6200000000000006,3.5315873201371097,5397.0,3598.0,2.8461538461538463,9.238458579951969,0.5526315789473685
P02,22,9.5,9.75,9.625,16.620441116261734,10.4,26438,5179,21259,0.19589227626900674,0.8041077237309933,0.6900000000000002,3.2000000000000006,0.46690759143983096,6425.0,2570.0,1.7692307692307694,1.2214072747363212,0.6578947368421053
P02,22,9.75,10.0,9.875,16.620441116261734,10.4,31507,8382,23125,0.2660361189576919,0.7339638810423081,0.8600000000000002,3.6100000000000008,0.7255450014604915,5654.0,2827.0,2.2051282051282053,1.8979900074008953,0.5789473684210527
P02,22,10.0,10.25,10.125,16.620441116261734,10.4,26746,2631,24115,0.09836984969715097,0.901630150302849,0.5900000000000001,3.4500000000000006,0.329340618423269,6682.0,2827.0,1.5128205128205128,0.8615388453374024,0.6842105263157895
P02,22,10.25,10.5,10.375,16.620441116261734,10.4,26845,6406,20439,0.23862916744272678,0.7613708325572732,0.8500000000000002,3.710000000000001,2.7410127234058077,5397.0,3341.0,2.1794871794871797,7.17035435253595,0.5526315789473685
P02,22,10.5,10.75,10.625,16.620441116261734,10.4,19283,3107,16176,0.1611263807498833,0.8388736192501167,0.45000000000000007,3.3100000000000005,1.6422763512104457,6682.0,3598.0,1.1538461538461537,4.296114090392451,0.6842105263157895
P02,22,10.75,11.0,10.875,16.620441116261734,10.4,17365,3205,14160,0.1845666570688166,0.8154333429311834,0.4300000000000001,3.2600000000000007,0.44748612159957013,6682.0,3341.0,1.1025641025641026,1.1706016656953218,0.6842105263157895
P02,22,11.0,11.25,11.125,16.620441116261734,10.4,22559,5121,17438,0.22700474311804603,0.772995256881954,0.9600000000000002,4.3100000000000005,1.464493085900702,5911.0,3341.0,2.4615384615384617,3.831041820082875,0.6052631578947368
P02,22,11.25,11.5,11.375,16.620441116261734,10.4,31967,7881,24086,0.24653548972377765,0.7534645102762223,1.3900000000000003,6.530000000000001,1.461157418015656,5140.0,3084.0,3.5641025641025643,3.822315877100591,0.5263157894736842
P02,22,11.5,11.75,11.625,16.620441116261734,10.4,40852,549,40303,0.013438754528542055,0.986561245471458,0.4200000000000001,8.260000000000002,0.7267285518961063,6168.0,2313.0,1.0769230769230769,1.9010861170778004,0.631578947368421
P02,22,11.75,12.0,11.875,16.620441116261734,10.4,48326,757,47569,0.01566444564002814,0.9843355543599719,0.3600000000000001,9.490000000000002,0.8791868880349866,5911.0,2313.0,0.9230769230769231,2.2999096193472437,0.6052631578947368
P02,22,12.0,12.25,12.125,16.620441116261734,10.4,46477,626,45851,0.013469027691116036,0.986530972308884,0.4600000000000001,12.260000000000002,0.6500639472034438,5911.0,2570.0,1.1794871794871795,1.7005352851719775,0.6052631578947368
P02,22,12.25,12.5,12.375,16.620441116261734,10.4,45602,464,45138,0.010174992324898031,0.989825007675102,0.31000000000000005,13.770000000000003,0.4790909784579702,6168.0,2827.0,0.7948717948717948,1.2532784154239125,0.631578947368421
P02,22,12.5,12.75,12.625,16.620441116261734,10.4,60416,220,60196,0.0036414194915254236,0.9963585805084746,0.2700000000000001,16.470000000000002,2.0903267551192064,6425.0,2827.0,0.6923076923076924,5.468191890830679,0.6578947368421053
P02,22,12.75,13.0,12.875,16.620441116261734,10.4,65992,385,65607,0.005834040489756334,0.9941659595102437,0.45000000000000007,19.580000000000005,1.5505381628085986,5654.0,3084.0,1.1538461538461537,4.056131505531038,0.5789473684210527
P02,22,13.0,13.25,13.125,16.620441116261734,10.4,52369,294,52075,0.005614008287345567,0.9943859917126544,0.3500000000000001,20.560000000000002,2.510909214915798,5654.0,3084.0,0.8974358974358975,6.56841490163656,0.5789473684210527
P02,22,13.25,13.5,13.375,16.620441116261734,10.4,51091,430,50661,0.008416355131040693,0.9915836448689593,0.44000000000000006,19.950000000000003,1.6833429373339253,6168.0,2827.0,1.1282051282051282,4.403542258105736,0.631578947368421
P02,22,13.5,13.75,13.625,16.620441116261734,10.4,36250,287,35963,0.007917241379310345,0.9920827586206896,0.22000000000000003,20.360000000000003,1.7193546676355898,6425.0,3341.0,0.5641025641025641,4.49774717182465,0.6578947368421053
P02,22,13.75,14.0,13.875,16.620441116261734,10.4,29957,30,29927,0.0010014353907267083,0.9989985646092733,0.09000000000000002,20.490000000000006,1.0764432212503863,4626.0,3598.0,0.23076923076923078,2.815922476696874,0.47368421052631576
P02,22,14.0,14.25,14.125,16.620441116261734,10.4,26182,28,26154,0.0010694370177984874,0.9989305629822015,0.09000000000000002,18.950000000000003,0.6044403369239685,9380.5,3598.0,0.23076923076923078,1.5811861665953368,0.9605263157894737
P02,22,14.25,14.5,14.375,16.620441116261734,10.4,15992,4,15988,0.0002501250625312656,0.9997498749374687,0.020000000000000004,16.330000000000002,0.01829286310298177,5654.0,3598.0,0.05128205128205128,0.047853229374225856,0.5789473684210527
P02,22,14.5,14.75,14.625,16.620441116261734,10.4,10088,4,10084,0.0003965107057890563,0.999603489294211,0.04000000000000001,13.560000000000002,0.5091890482556463,13878.0,3341.0,0.10256410256410256,1.332013484376289,1.4210526315789473
P02,22,14.75,15.0,14.875,16.620441116261734,10.4,6826,0,6826,0.0,1.0,0.0,10.010000000000002,,,3598.0,0.0,,
P02,22,15.0,15.25,15.125,16.620441116261734,10.4,4363,0,4363,0.0,1.0,0.0,5.750000000000001,,,3598.0,0.0,,
P02,22,15.25,15.5,15.375,16.620441116261734,10.4,2641,0,2641,0.0,1.0,0.0,4.090000000000001,,,3341.0,0.0,,
P02,22,15.5,15.75,15.625,16.620441116261734,10.4,2034,0,2034,0.0,1.0,0.0,3.2700000000000005,,,3341.0,0.0,,
P02,22,15.75,16.0,15.875,16.620441116261734,10.4,1696,0,1696,0.0,1.0,0.0,3.3900000000000006,,,3341.0,0.0,,
P02,22,16.0,16.25,16.125,16.620441116261734,10.4,2487,0,2487,0.0,1.0,0.0,3.500000000000001,,,3598.0,0.0,,
P02,22,16.25,16.5,16.375,16.620441116261734,10.4,5619,0,5619,0.0,1.0,0.0,4.110000000000001,,,3855.0,0.0,,
P02,22,16.5,16.75,16.625,16.620441116261734,10.4,8090,0,8090,0.0,1.0,0.0,5.100000000000001,,,3855.0,0.0,,
P02,23,0.0,0.25,0.125,15.992078712774068,10.4,11804,11396,408,0.9654354456116571,0.03456455438834294,0.45000000000000007,0.4800000000000001,0.3854166535147231,11051.0,10794.0,1.9565217391304348,1.5597778449252584,0.9772727272727273
P02,23,0.25,0.5,0.375,15.992078712774068,10.4,12287,12189,98,0.9920240905021568,0.007975909497843214,0.31000000000000005,0.33000000000000007,0.2671860764414241,12079.0,12079.0,1.3478260869565217,1.0812997277241934,1.0681818181818181
P02,23,0.5,0.75,0.625,15.992078712774068,10.4,11951,11951,0,1.0,0.0,0.23000000000000004,0.23000000000000004,0.24709714576898067,11565.0,11565.0,1.0,1.0,1.0227272727272727
P02,23,0.75,1.0,0.875,15.992078712774068,10.4,12001,12001,0,1.0,0.0,0.22000000000000003,0.22000000000000003,0.2384386714744233,11308.0,11308.0,0.9565217391304347,0.9649592298299857,1.0
P02,23,1.0,1.25,1.125,15.992078712774068,10.4,12200,12200,0,1.0,0.0,0.22000000000000003,0.22000000000000003,0.2270362306649215,11051.0,11051.0,0.9565217391304347,0.9188136510374152,0.9772727272727273
P02,23,1.25,1.5,1.375,15.992078712774068,10.4,12777,12777,0,1.0,0.0,0.18000000000000005,0.18000000000000005,0.2243684466191308,10794.0,10794.0,0.782608695652174,0.9080171522049887,0.9545454545454546
P02,23,1.5,1.75,1.625,15.992078712774068,10.4,13020,13020,0,1.0,0.0,0.19000000000000003,0.19000000000000003,0.21266628772171536,10537.0,10537.0,0.8260869565217391,0.8606586169171866,0.9318181818181818
P02,23,1.75,2.0,1.875,15.992078712774068,10.4,12625,12625,0,1.0,0.0,0.19000000000000003,0.19000000000000003,0.20859769899946345,9766.0,9766.0,0.8260869565217391,0.8441930737414846,0.8636363636363636
P02,23,2.0,2.25,2.125,15.992078712774068,10.4,12195,12195,0,1.0,0.0,0.18000000000000005,0.18000000000000005,0.20309899062564912,9252.0,9252.0,0.782608695652174,0.8219398487732154,0.8181818181818182
P02,23,2.25,2.5,2.375,15.992078712774068,10.4,12107,12107,0,1.0,0.0,0.22000000000000003,0.22000000000000003,0.2063833794985226,8481.0,8481.0,0.9565217391304347,0.8352317419784252,0.75
P02,23,2.5,2.75,2.625,15.992078712774068,10.4,11090,11090,0,1.0,0.0,0.20000000000000004,0.20000000000000004,0.2002498438659442,7967.0,7967.0,0.8695652173913043,0.8104093766148331,0.7045454545454546
P02,23,2.75,3.0,2.875,15.992078712774068,10.4,11075,11075,0,1.0,0.0,0.21000000000000005,0.21000000000000005,0.21666794876563425,7453.0,7453.0,0.9130434782608696,0.8768533043607242,0.6590909090909091
P02,23,3.0,3.25,3.125,15.992078712774068,10.4,10361,10361,0,1.0,0.0,0.23000000000000004,0.23000000000000004,0.2136937066471823,6682.0,6682.0,1.0,0.8648165723734083,0.5909090909090909
P02,23,3.25,3.5,3.375,15.992078712774068,10.4,11589,11589,0,1.0,0.0,0.30000000000000004,0.30000000000000004,0.2570871445845646,6425.0,6425.0,1.3043478260869565,1.040429438326754,0.5681818181818182
P02,23,3.5,3.75,3.625,15.992078712774068,10.4,10933,10649,284,0.9740235982804354,0.025976401719564612,0.31000000000000005,0.33000000000000007,0.394747003783523,6425.0,6168.0,1.3478260869565217,1.5975376913199357,0.5681818181818182
P02,23,3.75,4.0,3.875,15.992078712774068,10.4,8229,8228,1,0.9998784785514643,0.00012152144853572189,0.24000000000000005,0.25000000000000006,0.20703924574389615,5911.0,5911.0,1.0434782608695652,0.8378860269695871,0.5227272727272727
P02,23,4.0,4.25,4.125,15.992078712774068,10.4,11302,11297,5,0.9995576004247035,0.00044239957529645935,0.4000000000000001,0.4000000000000001,0.6602140537247502,5654.0,5654.0,1.7391304347826086,2.671880533747671,0.5
P02,23,4.25,4.5,4.375,15.992078712774068,10.4,7250,7249,1,0.9998620689655172,0.00013793103448278554,0.33000000000000007,0.33000000000000007,0.21161332612986075,6939.0,6939.0,1.4347826086956523,0.8563972905122307,0.6136363636363636
P02,23,4.5,4.75,4.625,15.992078712774068,10.4,7824,7819,5,0.9993609406952966,0.0006390593047034265,0.28,0.28,0.28626334015910826,6168.0,6168.0,1.217391304347826,1.1585052480806288,0.5454545454545454
P02,23,4.75,5.0,4.875,15.992078712774068,10.4,7688,7685,3,0.9996097814776275,0.00039021852237253185,0.2700000000000001,0.28,0.21787978170333758,6682.0,6682.0,1.173913043478261,0.8817575817206752,0.5909090909090909
P02,23,5.0,5.25,5.125,15.992078712774068,10.4,7977,7972,5,0.9993731979440893,0.0006268020559107024,0.31000000000000005,0.31000000000000005,0.26501698025307757,6168.0,6168.0,1.3478260869565217,1.0725214143139101,0.5454545454545454
P02,23,5.25,5.5,5.375,15.992078712774068,10.4,9562,9521,41,0.9957121941016523,0.004287805898347652,0.4300000000000001,0.44000000000000006,0.5371517477144203,5654.0,5654.0,1.8695652173913044,2.1738484515584866,0.5
P02,23,5.5,5.75,5.625,15.992078712774068,10.4,7617,7531,86,0.9887094656688985,0.011290534331101498,0.3600000000000001,0.4000000000000001,0.7683439836298649,5397.0,5397.0,1.565217391304348,3.109481419701283,0.4772727272727273
P02,23,5.75,6.0,5.875,15.992078712774068,10.4,6798,6784,14,0.9979405707561048,0.002059429243895239,0.31000000000000005,0.31000000000000005,0.32960028765965865,5397.0,5397.0,1.3478260869565217,1.3338894977273954,0.4772727272727273
P02,23,6.0,6.25,6.125,15.992078712774068,10.4,7322,7309,13,0.9982245288172631,0.0017754711827369096,0.3600000000000001,0.4000000000000001,0.26806454412771635,5397.0,5397.0,1.565217391304348,1.0848548788108576,0.4772727272727273
P02,23,6.25,6.5,6.375,15.992078712774068,10.4,6557,6365,192,0.9707183163031874,0.02928168369681261,0.3500000000000001,0.37000000000000005,0.30961265984573694,5397.0,5140.0,1.5217391304347827,1.25299974179064,0.4772727272727273
P02,23,6.5,6.75,6.625,15.992078712774068,10.4,7186,6358,828,0.8847759532424158,0.11522404675758424,0.32000000000000006,0.4900000000000001,0.271827702897419,5140.0,4626.0,1.391304347826087,1.100084349624822,0.45454545454545453
P02,23,6.75,7.0,6.875,15.992078712774068,10.4,9415,7230,2185,0.7679235262878386,0.23207647371216145,0.4600000000000001,0.8200000000000002,0.6996678227604903,4883.0,4112.0,2.0,2.8315495939181465,0.4318181818181818
P02,23,7.0,7.25,7.125,15.992078712774068,10.4,10440,6336,4104,0.6068965517241379,0.3931034482758621,0.4700000000000001,0.8800000000000001,1.1149610957582137,4883.0,3855.0,2.0434782608695654,4.512237858063434,0.4318181818181818
P02,23,7.25,7.5,7.375,15.992078712774068,10.4,6239,4335,1904,0.6948228882833788,0.3051771117166212,0.24000000000000005,0.56,0.18775675728460073,5911.0,4112.0,1.0434782608695652,0.7598499638686266,0.5227272727272727
P02,23,7.5,7.75,7.625,15.992078712774068,10.4,6110,4036,2074,0.660556464811784,0.339443535188216,0.29000000000000004,0.5400000000000001,0.2914292288484796,5911.0,4369.0,1.2608695652173914,1.1794115546803865,0.5227272727272727
P02,23,7.75,8.0,7.875,15.992078712774068,10.4,9136,6264,2872,0.6856392294220666,0.31436077057793343,0.4800000000000001,1.1100000000000003,0.9365518015122064,4883.0,3855.0,2.0869565217391304,3.7902169958200154,0.4318181818181818
P02,23,8.0,8.25,8.125,15.992078712774068,10.4,9157,4387,4770,0.4790870372392705,0.5209129627607295,0.5700000000000001,1.2500000000000002,1.1441859102133172,5397.0,3084.0,2.4782608695652173,4.630510428004112,0.4772727272727273
P02,23,8.25,8.5,8.375,15.992078712774068,10.4,10557,5553,5004,0.526001705029838,0.473998294970162,0.6500000000000001,1.4800000000000002,1.876856626916117,4112.0,3084.0,2.8260869565217392,7.595622446690876,0.36363636363636365
P02,23,8.5,8.75,8.625,15.992078712774068,10.4,11548,4659,6889,0.4034464842396952,0.5965535157603048,0.5300000000000001,1.8500000000000003,2.658194255239546,5140.0,2570.0,2.3043478260869565,10.757689033465324,0.45454545454545453
P02,23,8.75,9.0,8.875,15.992078712774068,10.4,13297,5563,7734,0.4183650447469354,0.5816349552530646,0.7700000000000001,2.2700000000000005,2.5796011512870174,4626.0,2827.0,3.347826086956522,10.439623425269234,0.4090909090909091
P02,23,9.0,9.25,9.125,15.992078712774068,10.4,10092,5549,4543,0.5498414585810543,0.45015854141894573,0.7900000000000001,1.8700000000000003,2.263906136166305,4369.0,3084.0,3.4347826086956523,9.162008444577122,0.38636363636363635
P02,23,9.25,9.5,9.375,15.992078712774068,10.4,10136,5554,4582,0.547947908445146,0.45205209155485404,0.9000000000000001,1.7200000000000004,1.826451694032893,4626.0,3598.0,3.9130434782608696,7.391634121668501,0.4090909090909091
P02,23,9.5,9.75,9.625,15.992078712774068,10.4,9917,5185,4732,0.5228395684178683,0.4771604315821317,0.9000000000000001,1.8700000000000003,1.236388034871843,4626.0,3598.0,3.9130434782608696,5.0036516246439495,0.4090909090909091
P02,23,9.75,10.0,9.875,15.992078712774068,10.4,12050,5398,6652,0.4479668049792531,0.5520331950207469,0.8300000000000002,2.3600000000000003,0.8313574260444859,4883.0,2827.0,3.608695652173913,3.3644962731449337,0.4318181818181818
P02,23,10.0,10.25,10.125,15.992078712774068,10.4,15247,6455,8792,0.42336197284711746,0.5766380271528826,1.0300000000000002,2.7700000000000005,1.3793835190532402,4626.0,2827.0,4.478260869565218,5.58235310553879,0.4090909090909091
P02,23,10.25,10.5,10.375,15.992078712774068,10.4,21448,7098,14350,0.33093994778067887,0.6690600522193211,1.4400000000000004,3.710000000000001,1.8711423251029085,4369.0,3084.0,6.260869565217392,7.5724967169483275,0.38636363636363635
P02,23,10.5,10.75,10.625,15.992078712774068,10.4,23924,5406,18518,0.2259655575990637,0.7740344424009363,1.2200000000000002,4.370000000000001,1.3357466291250928,4626.0,3084.0,5.304347826086956,5.405754991496043,0.4090909090909091
P02,23,10.75,11.0,10.875,15.992078712774068,10.4,45592,5293,40299,0.11609492893490087,0.8839050710650991,0.9500000000000002,7.120000000000001,1.1054880985924196,4626.0,2827.0,4.130434782608695,4.473900720917178,0.4090909090909091
P02,23,11.0,11.25,11.125,15.992078712774068,10.4,80504,4086,76418,0.05075524197555401,0.949244758024446,0.9700000000000002,9.680000000000001,1.483285955211557,5140.0,2827.0,4.217391304347826,6.002845361064309,0.45454545454545453
P02,23,11.25,11.5,11.375,15.992078712774068,10.4,73380,5556,67824,0.07571545380212592,0.924284546197874,1.2500000000000002,11.640000000000002,1.5481003657951777,5140.0,3084.0,5.434782608695652,6.265148717025442,0.45454545454545453
P02,23,11.5,11.75,11.625,15.992078712774068,10.4,49935,1468,48467,0.029398217682987886,0.9706017823170121,0.7300000000000001,10.860000000000003,1.1992191209984404,4883.0,2827.0,3.1739130434782608,4.853229353444779,0.4318181818181818
P02,23,11.75,12.0,11.875,15.992078712774068,10.4,39619,138,39481,0.0034831772634342107,0.9965168227365658,0.16000000000000003,10.800000000000002,0.3396478551647182,4112.0,2827.0,0.6956521739130435,1.3745519160398,0.36363636363636365
P02,23,12.0,12.25,12.125,15.992078712774068,10.4,33821,661,33160,0.019544070252210166,0.9804559297477898,0.4000000000000001,9.960000000000003,1.145692802720173,5654.0,3341.0,1.7391304347826086,4.6366088088743815,0.5
P02,23,12.25,12.5,12.375,15.992078712774068,10.4,31091,494,30597,0.01588884243028529,0.9841111575697147,0.3600000000000001,9.950000000000001,0.612783192348126,4626.0,3084.0,1.565217391304348,2.47992825024793,0.4090909090909091
P02,23,12.5,12.75,12.625,15.992078712774068,10.4,27338,180,27158,0.006584241714829175,0.9934157582851708,0.26000000000000006,9.290000000000001,0.5134341214899191,4883.0,3341.0,1.1304347826086958,2.0778634244927527,0.4318181818181818
P02,23,12.75,13.0,12.875,15.992078712774068,10.4,35404,47,35357,0.0013275336120212406,0.9986724663879788,0.10000000000000002,9.480000000000002,0.437507426356996,4626.0,3598.0,0.43478260869565216,1.7705887496006782,0.4090909090909091
P02,23,13.0,13.25,13.125,15.992078712774068,10.4,43133,51,43082,0.0011823893538589942,0.998817610646141,0.08000000000000002,12.950000000000003,1.4785914544045884,3084.0,3341.0,0.34782608695652173,5.9838467571251215,0.2727272727272727
P02,23,13.25,13.5,13.375,15.992078712774068,10.4,25967,1,25966,3.851041706781684e-05,0.9999614895829322,0.010000000000000002,10.460000000000003,,7967.0,3341.0,0.043478260869565216,,0.7045454545454546
P02,23,13.5,13.75,13.625,15.992078712774068,10.4,8170,5,8165,0.0006119951040391676,0.9993880048959608,0.020000000000000004,6.580000000000001,0.48291394368559415,5140.0,3341.0,0.08695652173913043,1.9543485303431487,0.45454545454545453
P02,23,13.75,14.0,13.875,15.992078712774068,10.4,12012,0,12012,0.0,1.0,0.0,7.350000000000001,,,3598.0,0.0,,
P02,23,14.0,14.25,14.125,15.992078712774068,10.4,13888,0,13888,0.0,1.0,0.0,9.790000000000003,,,3598.0,0.0,,
P02,23,14.25,14.5,14.375,15.992078712774068,10.4,9980,0,9980,0.0,1.0,0.0,10.340000000000002,,,3341.0,0.0,,
P02,23,14.5,14.75,14.625,15.992078712774068,10.4,5943,0,5943,0.0,1.0,0.0,7.860000000000001,,,3598.0,0.0,,
P02,23,14.75,15.0,14.875,15.992078712774068,10.4,4364,0,4364,0.0,1.0,0.0,6.570000000000001,,,3855.0,0.0,,
P02,23,15.0,15.25,15.125,15.992078712774068,10.4,3948,0,3948,0.0,1.0,0.0,5.690000000000001,,,4112.0,0.0,,
P02,23,15.25,15.5,15.375,15.992078712774068,10.4,1729,0,1729,0.0,1.0,0.0,3.3700000000000006,,,4112.0,0.0,,
P02,23,15.5,15.75,15.625,15.992078712774068,10.4,1466,0,1466,0.0,1.0,0.0,2.0300000000000002,,,4883.0,0.0,,
P02,23,15.75,16.0,15.875,15.992078712774068,10.4,6424,25,6399,0.003891656288916563,0.9961083437110835,0.10000000000000002,4.080000000000001,0.24392719321087014,4369.0,4369.0,0.43478260869565216,0.9871712295654187,0.38636363636363635
P02,24,0.0,0.25,0.125,15.096489908152924,9.82,4462,4203,259,0.941954280591663,0.058045719408337026,0.45000000000000007,0.5400000000000001,0.2916456751063104,8224.0,7967.0,2.25,1.4345796815351042,1.0
P02,24,0.25,0.5,0.375,15.096489908152924,9.82,4039,3980,59,0.9853924238672939,0.014607576132706135,0.21000000000000005,0.28,0.2091304600445892,8738.0,8738.0,1.05,1.0286945234510874,1.0625
P02,24,0.5,0.75,0.625,15.096489908152924,9.82,4148,4148,0,1.0,0.0,0.18000000000000005,0.18000000000000005,0.20329695091891195,8481.0,8481.0,0.9,1.0,1.03125
P02,24,0.75,1.0,0.875,15.096489908152924,9.82,4416,4416,0,1.0,0.0,0.19000000000000003,0.19000000000000003,0.19607651447052651,8224.0,8224.0,0.95,0.9644833018117157,1.0
P02,24,1.0,1.25,1.125,15.096489908152924,9.82,5180,5180,0,1.0,0.0,0.20000000000000004,0.20000000000000004,0.20185539360999766,7967.0,7967.0,1.0,0.9929091051174236,0.96875
P02,24,1.25,1.5,1.375,15.096489908152924,9.82,5654,5654,0,1.0,0.0,0.17000000000000004,0.17000000000000004,0.19948696738399302,8738.0,8738.0,0.8500000000000001,0.981259022736457,1.0625
P02,24,1.5,1.75,1.625,15.096489908152924,9.82,5831,5831,0,1.0,0.0,0.18000000000000005,0.18000000000000005,0.19617082613531966,9252.0,9252.0,0.9,0.9649472126788825,1.125
P02,24,1.75,2.0,1.875,15.096489908152924,9.82,5583,5583,0,1.0,0.0,0.17000000000000004,0.17000000000000004,0.19112404330233446,8995.0,8995.0,0.8500000000000001,0.9401225273593363,1.09375
P02,24,2.0,2.25,2.125,15.096489908152924,9.82,5821,5821,0,1.0,0.0,0.17000000000000004,0.17000000000000004,0.18786431312610785,8738.0,8738.0,0.8500000000000001,0.9240881984552752,1.0625
P02,24,2.25,2.5,2.375,15.096489908152924,9.82,6238,6238,0,1.0,0.0,0.16000000000000003,0.16000000000000003,0.18750160012682224,8481.0,8481.0,0.8,0.9223040447941104,1.03125
P02,24,2.5,2.75,2.625,15.096489908152924,9.82,5801,5801,0,1.0,0.0,0.16000000000000003,0.16000000000000003,0.1842281198192503,7967.0,7967.0,0.8,0.9062020801912197,0.96875
P02,24,2.75,3.0,2.875,15.096489908152924,9.82,5903,5903,0,1.0,0.0,0.16000000000000003,0.16000000000000003,0.18640944801601128,7710.0,7710.0,0.8,0.9169318436574265,0.9375
P02,24,3.0,3.25,3.125,15.096489908152924,9.82,5460,5460,0,1.0,0.0,0.18000000000000005,0.18000000000000005,0.18189612367158048,6939.0,6939.0,0.9,0.8947311941935248,0.84375
P02,24,3.25,3.5,3.375,15.096489908152924,9.82,5397,5397,0,1.0,0.0,0.16000000000000003,0.16000000000000003,0.17944579185280995,6939.0,6939.0,0.8,0.8826782253334661,0.84375
P02,24,3.5,3.75,3.625,15.096489908152924,9.82,5190,5190,0,1.0,0.0,0.18000000000000005,0.18000000000000005,0.17624131178986244,6682.0,6682.0,0.9,0.8669156669258603,0.8125
P02,24,3.75,4.0,3.875,15.096489908152924,9.82,5070,5070,0,1.0,0.0,0.16000000000000003,0.16000000000000003,0.18014212899860343,6939.0,6939.0,0.8,0.8861034471218205,0.84375
P02,24,4.0,4.25,4.125,15.096489908152924,9.82,5141,5141,0,1.0,0.0,0.17000000000000004,0.17000000000000004,0.17773013196713866,6939.0,6939.0,0.8500000000000001,0.8742390437426137,0.84375
P02,24,4.25,4.5,4.375,15.096489908152924,9.82,4849,4849,0,1.0,0.0,0.17000000000000004,0.17000000000000004,0.17027975901877104,6939.0,6939.0,0.8500000000000001,0.8375913079320589,0.84375
P02,24,4.5,4.75,4.625,15.096489908152924,9.82,4746,4746,0,1.0,0.0,0.17000000000000004,0.17000000000000004,0.16814575230596884,6682.0,6682.0,0.8500000000000001,0.8270943147250462,0.8125
P02,24,4.75,5.0,4.875,15.096489908152924,9.82,4966,4966,0,1.0,0.0,0.17000000000000004,0.17000000000000004,0.17201744070385788,6425.0,6425.0,0.8500000000000001,0.8461388128367435,0.78125
P02,24,5.0,5.25,5.125,15.096489908152924,9.82,4779,4779,0,1.0,0.0,0.15000000000000002,0.15000000000000002,0.17130819509475104,6168.0,6168.0,0.75,0.8426500954413226,0.75
P02,24,5.25,5.5,5.375,15.096489908152924,9.82,4632,4632,0,1.0,0.0,0.17000000000000004,0.17000000000000004,0.16548474074036723,6425.0,6425.0,0.8500000000000001,0.8140050305347339,0.78125
P02,24,5.5,5.75,5.625,15.096489908152924,9.82,4486,4486,0,1.0,0.0,0.15000000000000002,0.15000000000000002,0.1640739140161322,6682.0,6682.0,0.75,0.8070652967224066,0.8125
P02,24,5.75,6.0,5.875,15.096489908152924,9.82,4305,4305,0,1.0,0.0,0.16000000000000003,0.16000000000000003,0.1660626388123521,6939.0,6939.0,0.8,0.8168476608318079,0.84375
P02,24,6.0,6.25,6.125,15.096489908152924,9.82,4170,4170,0,1.0,0.0,0.17000000000000004,0.17000000000000004,0.1640432827024334,6682.0,6682.0,0.8500000000000001,0.8069146239574667,0.8125
P02,24,6.25,6.5,6.375,15.096489908152924,9.82,4199,4199,0,1.0,0.0,0.17000000000000004,0.17000000000000004,0.16399999989080244,6939.0,6939.0,0.8500000000000001,0.8067017195757958,0.84375
P02,24,6.5,6.75,6.625,15.096489908152924,9.82,4065,4065,0,1.0,0.0,0.16000000000000003,0.16000000000000003,0.1608539703972809,7196.0,7196.0,0.8,0.7912266744297602,0.875
P02,24,6.75,7.0,6.875,15.096489908152924,9.82,4198,4198,0,1.0,0.0,0.17000000000000004,0.17000000000000004,0.15785230419697407,7196.0,7196.0,0.8500000000000001,0.7764617397529776,0.875
P02,24,7.0,7.25,7.125,15.096489908152924,9.82,3782,3782,0,1.0,0.0,0.17000000000000004,0.17000000000000004,0.15752142589465476,7196.0,7196.0,0.8500000000000001,0.7748341781942639,0.875
P02,24,7.25,7.5,7.375,15.096489908152924,9.82,3628,3628,0,1.0,0.0,0.18000000000000005,0.18000000000000005,0.15901303490071397,7196.0,7196.0,0.9,0.7821712730169708,0.875
P02,24,7.5,7.75,7.625,15.096489908152924,9.82,3854,3852,2,0.9994810586403736,0.0005189413596263792,0.23000000000000004,0.23000000000000004,0.20968997768700076,6168.0,6168.0,1.15,1.0314467420155198,0.75
P02,24,7.75,8.0,7.875,15.096489908152924,9.82,3826,3614,212,0.9445896497647673,0.055410350235232664,0.19000000000000003,0.3500000000000001,0.1653577876604233,7196.0,6682.0,0.95,0.8133805593886095,0.875
P02,24,8.0,8.25,8.125,15.096489908152924,9.82,7765,4142,3623,0.5334191886670959,0.4665808113329041,0.28,0.9200000000000002,0.3382462780121089,5654.0,2827.0,1.4,1.6638039895985626,0.6875
P02,24,8.25,8.5,8.375,15.096489908152924,9.82,10942,3333,7609,0.3046061049168342,0.6953938950831657,0.20000000000000004,1.1900000000000002,0.16357261381658936,7196.0,2313.0,1.0,0.804599444690308,0.875
P02,24,8.5,8.75,8.625,15.096489908152924,9.82,13103,3078,10025,0.23490803632755858,0.7650919636724414,0.26000000000000006,1.5600000000000003,0.22349407896734,6682.0,2570.0,1.3,1.0993479142561462,0.8125
P02,24,8.75,9.0,8.875,15.096489908152924,9.82,9350,3031,6319,0.3241711229946524,0.6758288770053476,0.28,1.7100000000000004,0.2640340743947717,6168.0,2827.0,1.4,1.298760621845655,0.75
P02,24,9.0,9.25,9.125,15.096489908152924,9.82,10681,2807,7874,0.2628031083231907,0.7371968916768092,0.2700000000000001,1.8500000000000003,0.20117504195893904,6168.0,2313.0,1.35,0.9895625145857733,0.75
P02,24,9.25,9.5,9.375,15.096489908152924,9.82,12558,3465,9093,0.27591973244147155,0.7240802675585285,0.3500000000000001,2.2000000000000006,0.4094534455173915,5397.0,2313.0,1.75,2.014065846372227,0.65625
P02,24,9.5,9.75,9.625,15.096489908152924,9.82,7907,2392,5515,0.302516757303655,0.697483242696345,0.21000000000000005,1.6100000000000003,0.15902152176651763,7196.0,2313.0,1.05,0.7822130191708864,0.875
P02,24,9.75,10.0,9.875,15.096489908152924,9.82,10689,1421,9268,0.13294040602488538,0.8670595939751147,0.17000000000000004,2.5300000000000007,0.16147135913463578,7196.0,2056.0,0.8500000000000001,0.7942635558712391,0.875
P02,24,10.0,10.25,10.125,15.096489908152924,9.82,32662,1004,31658,0.030739085175433226,0.9692609148245668,0.16000000000000003,5.200000000000001,0.17399525833398627,6939.0,2056.0,0.8,0.8558675255458549,0.84375
P02,24,10.25,10.5,10.375,15.096489908152924,9.82,46335,819,45516,0.017675623179022337,0.9823243768209776,0.18000000000000005,5.9700000000000015,0.15406646088148568,6939.0,2313.0,0.9,0.7578395061268647,0.84375
P02,24,10.5,10.75,10.625,15.096489908152924,9.82,25261,627,24634,0.024820870115989074,0.9751791298840109,0.24000000000000005,5.300000000000001,0.4981269730871099,7196.0,2570.0,1.2,2.4502432074635263,0.875
P02,24,10.75,11.0,10.875,15.096489908152924,9.82,37583,918,36665,0.02442593725886704,0.975574062741133,0.28,7.120000000000001,0.7132100683141198,6425.0,2827.0,1.4,3.5082182250662206,0.78125
P02,24,11.0,11.25,11.125,15.096489908152924,9.82,68978,930,68048,0.013482559656702137,0.9865174403432979,0.32000000000000006,11.530000000000003,2.048053761447564,6682.0,2827.0,1.6,10.074198123436004,0.8125
P02,24,11.25,11.5,11.375,15.096489908152924,9.82,100899,506,100393,0.005014915906005015,0.994985084093995,0.38000000000000006,14.860000000000003,1.7752768424584122,5397.0,3084.0,1.9,8.732432210291773,0.65625
P02,24,11.5,11.75,11.625,15.096489908152924,9.82,54741,896,53845,0.016367987431723935,0.983632012568276,0.5200000000000001,13.710000000000003,1.2451398222588874,5654.0,2827.0,2.6,6.124734368276532,0.6875
P02,24,11.75,12.0,11.875,15.096489908152924,9.82,64770,38,64732,0.0005866913694611703,0.9994133086305388,0.11000000000000001,15.510000000000003,1.3713410412906728,6425.0,3084.0,0.5499999999999999,6.745507176040495,0.78125
P02,24,12.0,12.25,12.125,15.096489908152924,9.82,71906,19,71887,0.0002642338608739187,0.9997357661391261,0.06000000000000001,16.850000000000005,0.46988504639917333,8224.0,3341.0,0.3,2.3113236291802233,1.0
P02,24,12.25,12.5,12.375,15.096489908152924,9.82,39853,5,39848,0.00012546106943015582,0.9998745389305699,0.030000000000000006,13.450000000000003,0.08081156451471248,1028.0,3084.0,0.15,0.3975050493843628,0.125
P02,24,12.5,12.75,12.625,15.096489908152924,9.82,19629,1,19628,5.0945030312293034e-05,0.9999490549696877,0.010000000000000002,9.700000000000001,,1542.0,3084.0,0.05,,0.1875
P02,24,12.75,13.0,12.875,15.096489908152924,9.82,26163,6,26157,0.00022933149868134388,0.9997706685013187,0.020000000000000004,9.770000000000001,0.023862640263342703,3598.0,3598.0,0.1,0.11737824967606462,0.4375
P02,24,13.0,13.25,13.125,15.096489908152924,9.82,24700,0,24700,0.0,1.0,0.0,11.740000000000002,,,3341.0,0.0,,
P02,24,13.25,13.5,13.375,15.096489908152924,9.82,21395,0,21395,0.0,1.0,0.0,12.460000000000003,,,3341.0,0.0,,
P02,24,13.5,13.75,13.625,15.096489908152924,9.82,15264,0,15264,0.0,1.0,0.0,11.720000000000002,,,3598.0,0.0,,
P02,24,13.75,14.0,13.875,15.096489908152924,9.82,15526,9,15517,0.0005796728069045472,0.9994203271930955,0.030000000000000006,11.960000000000003,0.5011389542753036,5140.0,3855.0,0.15,2.465058880667573,0.625
P02,24,14.0,14.25,14.125,15.096489908152924,9.82,15812,6,15806,0.0003794586390083481,0.9996205413609917,0.04000000000000001,10.040000000000003,0.08370383218472022,7838.5,3598.0,0.2,0.41173186221620584,0.953125
P02,24,14.25,14.5,14.375,15.096489908152924,9.82,9527,0,9527,0.0,1.0,0.0,8.660000000000002,,,3598.0,0.0,,
P02,24,14.5,14.75,14.625,15.096489908152924,9.82,4361,0,4361,0.0,1.0,0.0,5.560000000000001,,,3598.0,0.0,,
P02,24,14.75,15.0,14.875,15.096489908152924,9.82,2743,0,2743,0.0,1.0,0.0,4.170000000000001,,,4112.0,0.0,,
P02,24,15.0,15.25,15.125,15.096489908152924,9.82,5824,0,5824,0.0,1.0,0.0,5.320000000000001,,,4112.0,0.0,,
P02,25,0.0,0.25,0.125,15.39146944527563,9.95,5720,5111,609,0.8935314685314686,0.10646853146853141,0.4100000000000001,0.4800000000000001,0.3119567201028245,7196.0,6939.0,1.64,1.2887775665857384,0.8235294117647058
P02,25,0.25,0.5,0.375,15.39146944527563,9.95,5313,5313,0,1.0,0.0,0.25000000000000006,0.25000000000000006,0.25622255926952525,8738.0,8738.0,1.0,1.058524677176073,1.0
P02,25,0.5,0.75,0.625,15.39146944527563,9.95,5426,5426,0,1.0,0.0,0.23000000000000004,0.23000000000000004,0.24205629287082334,8738.0,8738.0,0.9199999999999999,1.0,1.0
P02,25,0.75,1.0,0.875,15.39146944527563,9.95,5533,5533,0,1.0,0.0,0.26000000000000006,0.26000000000000006,0.2347764894390657,8995.0,8995.0,1.04,0.9699251635005308,1.0294117647058822
P02,25,1.0,1.25,1.125,15.39146944527563,9.95,5650,5650,0,1.0,0.0,0.23000000000000004,0.23000000000000004,0.2238932668513594,8481.0,8481.0,0.9199999999999999,0.9249636280716037,0.9705882352941176
P02,25,1.25,1.5,1.375,15.39146944527563,9.95,5622,5622,0,1.0,0.0,0.22000000000000003,0.22000000000000003,0.21633226731893884,8738.0,8738.0,0.8799999999999999,0.8937270944423971,1.0
P02,25,1.5,1.75,1.625,15.39146944527563,9.95,5694,5694,0,1.0,0.0,0.21000000000000005,0.21000000000000005,0.21631204300972146,8481.0,8481.0,0.84,0.8936435423521889,0.9705882352941176
P02,25,1.75,2.0,1.875,15.39146944527563,9.95,5509,5508,1,0.9998184788527863,0.0001815211472137035,0.22000000000000003,0.23000000000000004,0.20928353786432377,8224.0,8224.0,0.8799999999999999,0.8646068870269397,0.9411764705882353
P02,25,2.0,2.25,2.125,15.39146944527563,9.95,5181,5181,0,1.0,0.0,0.22000000000000003,0.22000000000000003,0.20712556573669977,7967.0,7967.0,0.8799999999999999,0.8556917206330809,0.9117647058823529
P02,25,2.25,2.5,2.375,15.39146944527563,9.95,5453,5453,0,1.0,0.0,0.22000000000000003,0.22000000000000003,0.20591260275935927,7967.0,7967.0,0.8799999999999999,0.8506806425778294,0.9117647058823529
P02,25,2.5,2.75,2.625,15.39146944527563,9.95,5652,5652,0,1.0,0.0,0.18000000000000005,0.18000000000000005,0.20130822172663265,7453.0,7453.0,0.7200000000000001,0.8316586994665062,0.8529411764705882
P02,25,2.75,3.0,2.875,15.39146944527563,9.95,5815,5815,0,1.0,0.0,0.21000000000000005,0.21000000000000005,0.2024573975977593,7196.0,7196.0,0.84,0.8364062557373936,0.8235294117647058
P02,25,3.0,3.25,3.125,15.39146944527563,9.95,5807,5807,0,1.0,0.0,0.21000000000000005,0.21000000000000005,0.20713811214642078,6939.0,6939.0,0.84,0.855743553244298,0.7941176470588235
P02,25,3.25,3.5,3.375,15.39146944527563,9.95,5980,5978,2,0.9996655518394649,0.0003344481605350724,0.23000000000000004,0.23000000000000004,0.26960923322361025,6682.0,6682.0,0.9199999999999999,1.1138286471547794,0.7647058823529411
P02,25,3.5,3.75,3.625,15.39146944527563,9.95,5514,5513,1,0.9998186434530286,0.00018135654697137849,0.20000000000000004,0.20000000000000004,0.19979687751584996,6682.0,6682.0,0.7999999999999999,0.825414927850995,0.7647058823529411
P02,25,3.75,4.0,3.875,15.39146944527563,9.95,5768,5768,0,1.0,0.0,0.21000000000000005,0.21000000000000005,0.2055480481124292,6168.0,6168.0,0.84,0.8491745687525782,0.7058823529411765
P02,25,4.0,4.25,4.125,15.39146944527563,9.95,5210,5210,0,1.0,0.0,0.22000000000000003,0.22000000000000003,0.19937903019616868,6168.0,6168.0,0.8799999999999999,0.8236886875838012,0.7058823529411765
P02,25,4.25,4.5,4.375,15.39146944527563,9.95,5426,5426,0,1.0,0.0,0.25000000000000006,0.25000000000000006,0.20225231762755,5911.0,5911.0,1.0,0.8355590149250312,0.6764705882352942
P02,25,4.5,4.75,4.625,15.39146944527563,9.95,4866,4866,0,1.0,0.0,0.26000000000000006,0.26000000000000006,0.2207272061198608,5654.0,5654.0,1.04,0.9118837750591137,0.6470588235294118
P02,25,4.75,5.0,4.875,15.39146944527563,9.95,4906,4828,78,0.9841011006930289,0.01589889930697108,0.18000000000000005,0.3400000000000001,0.19057675591866857,5654.0,5654.0,0.7200000000000001,0.787324112331062,0.6470588235294118
P02,25,5.0,5.25,5.125,15.39146944527563,9.95,14913,4671,10242,0.3132166566083283,0.6867833433916717,0.18000000000000005,1.1300000000000001,0.17689827450510365,5654.0,3598.0,0.7200000000000001,0.7308146068299404,0.6470588235294118
P02,25,5.25,5.5,5.375,15.39146944527563,9.95,23482,4548,18934,0.19368026573545694,0.8063197342645431,0.22000000000000003,1.7200000000000004,0.18369438012877784,5654.0,3598.0,0.8799999999999999,0.7588911568880751,0.6470588235294118
P02,25,5.5,5.75,5.625,15.39146944527563,9.95,28532,4107,24425,0.14394364222627226,0.8560563577737277,0.18000000000000005,1.9300000000000004,0.18038347473317995,5654.0,3598.0,0.7200000000000001,0.7452129114009197,0.6470588235294118
P02,25,5.75,6.0,5.875,15.39146944527563,9.95,30341,3744,26597,0.12339738307900201,0.876602616920998,0.19000000000000003,1.8700000000000003,0.17867400469700911,6168.0,3598.0,0.7599999999999999,0.7381506284257644,0.7058823529411765
P02,25,6.0,6.25,6.125,15.39146944527563,9.95,16301,4129,12172,0.2532973437212441,0.746702656278756,0.26000000000000006,1.5200000000000002,0.42361137605997035,5397.0,3084.0,1.04,1.750053142745751,0.6176470588235294
P02,25,6.25,6.5,6.375,15.39146944527563,9.95,6794,3796,2998,0.5587282896673536,0.44127171033264645,0.28,0.7900000000000001,0.18324503746401125,6168.0,3598.0,1.1199999999999999,0.7570348008337154,0.7058823529411765
P02,25,6.5,6.75,6.625,15.39146944527563,9.95,5746,4694,1052,0.8169161155586495,0.1830838844413505,0.4000000000000001,0.5400000000000001,1.0415627437877681,5140.0,4369.0,1.5999999999999999,4.302977342314386,0.5882352941176471
P02,25,6.75,7.0,6.875,15.39146944527563,9.95,5886,5765,121,0.9794427454977914,0.020557254502208577,0.4600000000000001,0.4900000000000001,0.9093899047430908,4883.0,4883.0,1.8399999999999999,3.756935603522604,0.5588235294117647
P02,25,7.0,7.25,7.125,15.39146944527563,9.95,5684,5645,39,0.9931386347642506,0.006861365235749428,0.45000000000000007,0.4900000000000001,0.8083554884862966,5654.0,5654.0,1.7999999999999998,3.33953510937097,0.6470588235294118
P02,25,7.25,7.5,7.375,15.39146944527563,9.95,5071,4467,604,0.8808913429303885,0.11910865706961149,0.33000000000000007,0.4800000000000001,0.6946766872767806,5911.0,5397.0,1.32,2.8698972418267363,0.6764705882352942
P02,25,7.5,7.75,7.625,15.39146944527563,9.95,6143,5076,1067,0.8263063649682566,0.1736936350317434,0.3500000000000001,0.4700000000000001,1.0372072029951764,5911.0,5140.0,1.4000000000000001,4.28498342552365,0.6764705882352942
P02,25,7.75,8.0,7.875,15.39146944527563,9.95,5442,5435,7,0.9987137081955163,0.0012862918044836968,0.4700000000000001,0.4700000000000001,0.8605924703714728,5140.0,5140.0,1.88,3.555340206877992,0.5882352941176471
P02,25,8.0,8.25,8.125,15.39146944527563,9.95,9042,5491,3551,0.6072771510727715,0.39272284892722853,0.45000000000000007,1.8700000000000003,0.6604142634857391,5397.0,3855.0,1.7999999999999998,2.7283499042851913,0.6176470588235294
P02,25,8.25,8.5,8.375,15.39146944527563,9.95,36220,5321,30899,0.14690778575372723,0.8530922142462728,0.5100000000000001,2.9900000000000007,0.4186884285114183,5397.0,3598.0,2.04,1.729715115214365,0.6176470588235294
P02,25,8.5,8.75,8.625,15.39146944527563,9.95,40102,6131,33971,0.15288514288564162,0.8471148571143584,0.6200000000000001,3.8600000000000008,0.8415788661016774,4883.0,4112.0,2.48,3.476789866193636,0.5588235294117647
P02,25,8.75,9.0,8.875,15.39146944527563,9.95,35545,5385,30160,0.151498100998734,0.848501899001266,0.6100000000000001,3.830000000000001,0.7743291272787228,4883.0,3855.0,2.44,3.198963010195129,0.5588235294117647
P02,25,9.0,9.25,9.125,15.39146944527563,9.95,17112,7782,9330,0.4547685834502104,0.5452314165497896,0.9900000000000002,2.9500000000000006,0.9856585562364684,4883.0,3598.0,3.96,4.072022026555941,0.5588235294117647
P02,25,9.25,9.5,9.375,15.39146944527563,9.95,5777,4305,1472,0.7451964687554093,0.25480353124459065,0.6800000000000002,1.1900000000000002,0.9071058402879743,4626.0,3855.0,2.72,3.747499515627399,0.5294117647058824
P02,25,9.5,9.75,9.625,15.39146944527563,9.95,6339,2476,3863,0.3905978861019088,0.6094021138980912,0.4200000000000001,1.12,0.4752031120239916,5140.0,3341.0,1.68,1.9631925548723093,0.5882352941176471
P02,25,9.75,10.0,9.875,15.39146944527563,9.95,11299,3549,7750,0.31409859279582264,0.6859014072041774,0.6700000000000002,1.7300000000000004,0.7811670702843108,4883.0,3341.0,2.68,3.227212401791146,0.5588235294117647
P02,25,10.0,10.25,10.125,15.39146944527563,9.95,5003,2434,2569,0.48650809514291427,0.5134919048570857,0.45000000000000007,1.3400000000000003,0.9160387133886254,5654.0,3855.0,1.7999999999999998,3.7844036299336454,0.6470588235294118
P02,25,10.25,10.5,10.375,15.39146944527563,9.95,4679,2963,1716,0.6332549690104723,0.3667450309895277,0.3400000000000001,1.0000000000000002,0.42593108880119807,5911.0,4369.0,1.36,1.7596365033504915,0.6764705882352942
P02,25,10.5,10.75,10.625,15.39146944527563,9.95,13340,3425,9915,0.25674662668665665,0.7432533733133433,0.5800000000000001,3.3900000000000006,0.6469156312673402,5397.0,3598.0,2.32,2.6725834044421046,0.6176470588235294
P02,25,10.75,11.0,10.875,15.39146944527563,9.95,39699,3249,36450,0.0818408524144185,0.9181591475855815,0.7200000000000002,5.650000000000001,1.0089457807541893,5397.0,3598.0,2.8800000000000003,4.168227848108981,0.6176470588235294
P02,25,11.0,11.25,11.125,15.39146944527563,9.95,35844,1292,34552,0.03604508425398951,0.9639549157460104,0.32000000000000006,5.750000000000001,0.3816468202885855,5654.0,3341.0,1.28,1.5766862152691752,0.6470588235294118
P02,25,11.25,11.5,11.375,15.39146944527563,9.95,26852,1891,24961,0.07042305973484284,0.9295769402651571,0.4600000000000001,5.820000000000001,0.8468632927407014,5140.0,3341.0,1.8399999999999999,3.498621261594887,0.5882352941176471
P02,25,11.5,11.75,11.625,15.39146944527563,9.95,17861,1214,16647,0.06796931862717653,0.9320306813728234,0.7300000000000001,5.000000000000001,3.7492387840710215,4626.0,3598.0,2.92,15.489119244141504,0.5294117647058824
P02,25,11.75,12.0,11.875,15.39146944527563,9.95,15088,346,14742,0.022932131495227995,0.977067868504772,0.31000000000000005,5.880000000000001,1.4975442066238416,4497.5,3084.0,1.24,6.186760066688398,0.5147058823529411
P02,25,12.0,12.25,12.125,15.39146944527563,9.95,16803,384,16419,0.022853061953222637,0.9771469380467773,0.29000000000000004,6.440000000000001,1.3044022901807626,5397.0,2827.0,1.16,5.388838582589029,0.6176470588235294
P02,25,12.25,12.5,12.375,15.39146944527563,9.95,24969,711,24258,0.028475309383635707,0.9715246906163643,0.31000000000000005,7.810000000000001,1.7602342635461152,4626.0,3341.0,1.24,7.272003725536226,0.5294117647058824
P02,25,12.5,12.75,12.625,15.39146944527563,9.95,24825,94,24731,0.0037865055387714,0.9962134944612286,0.13000000000000003,8.360000000000001,0.9899606889080863,5911.0,3855.0,0.52,4.089795299956909,0.6764705882352942
P02,25,12.75,13.0,12.875,15.39146944527563,9.95,25265,500,24765,0.019790223629527013,0.980209776370473,0.3400000000000001,8.600000000000001,0.9841542052053058,4754.5,4112.0,1.36,4.065807145656458,0.5441176470588235
P02,25,13.0,13.25,13.125,15.39146944527563,9.95,17836,531,17305,0.02977124915900426,0.9702287508409957,0.38000000000000006,9.400000000000002,0.6820326186422027,3341.0,3341.0,1.5199999999999998,2.8176611752299237,0.38235294117647056
P02,25,13.25,13.5,13.375,15.39146944527563,9.95,12039,85,11954,0.007060387075338483,0.9929396129246615,0.09000000000000002,8.280000000000001,0.9844462560147207,3341.0,3084.0,0.36000000000000004,4.067013686523258,0.38235294117647056
P02,25,13.5,13.75,13.625,15.39146944527563,9.95,14313,5,14308,0.0003493327744008943,0.9996506672255991,0.04000000000000001,9.230000000000002,0.8565794934359476,7710.0,3341.0,0.16,3.5387615140130775,0.8823529411764706
P02,25,13.75,14.0,13.875,15.39146944527563,9.95,10165,0,10165,0.0,1.0,0.0,9.000000000000002,,,3341.0,0.0,,
P02,25,14.0,14.25,14.125,15.39146944527563,9.95,8887,0,8887,0.0,1.0,0.0,9.050000000000002,,,3341.0,0.0,,
P02,25,14.25,14.5,14.375,15.39146944527563,9.95,6030,0,6030,0.0,1.0,0.0,7.460000000000002,,,3598.0,0.0,,
P02,25,14.5,14.75,14.625,15.39146944527563,9.95,6260,0,6260,0.0,1.0,0.0,7.670000000000002,,,4112.0,0.0,,
P02,25,14.75,15.0,14.875,15.39146944527563,9.95,5824,0,5824,0.0,1.0,0.0,7.280000000000001,,,3855.0,0.0,,
P02,25,15.0,15.25,15.125,15.39146944527563,9.95,2785,0,2785,0.0,1.0,0.0,3.8400000000000007,,,3598.0,0.0,,
P02,25,15.25,15.5,15.375,15.39146944527563,9.95,4622,0,4622,0.0,1.0,0.0,4.1000000000000005,,,4369.0,0.0,,
P02,26,0.0,0.25,0.125,15.599674568992006,9.2,1931,1913,18,0.9906784049715174,0.009321595028482621,0.4100000000000001,0.4300000000000001,0.4034644864150336,6682.0,6682.0,1.1388888888888888,1.5212948460821394,0.8666666666666667
P02,26,0.25,0.5,0.375,15.599674568992006,9.2,3821,3821,0,1.0,0.0,0.38000000000000006,0.38000000000000006,0.2831713262675333,6939.0,6939.0,1.0555555555555554,1.0677199449120849,0.9
P02,26,0.5,0.75,0.625,15.599674568992006,9.2,4305,4305,0,1.0,0.0,0.3600000000000001,0.3600000000000001,0.2652112359770982,7710.0,7710.0,1.0,1.0,1.0
P02,26,0.75,1.0,0.875,15.599674568992006,9.2,4556,4556,0,1.0,0.0,0.3600000000000001,0.3600000000000001,0.2517940627607996,7967.0,7967.0,1.0,0.9494094842291777,1.0333333333333334
P02,26,1.0,1.25,1.125,15.599674568992006,9.2,4001,4001,0,1.0,0.0,0.3500000000000001,0.3500000000000001,0.247080958343179,7967.0,7967.0,0.9722222222222222,0.9316383502112074,1.0333333333333334
P02,26,1.25,1.5,1.375,15.599674568992006,9.2,4313,4313,0,1.0,0.0,0.31000000000000005,0.31000000000000005,0.25061603492193346,7710.0,7710.0,0.861111111111111,0.9449676368295908,1.0
P02,26,1.5,1.75,1.625,15.599674568992006,9.2,4192,4192,0,1.0,0.0,0.30000000000000004,0.30000000000000004,0.23792278149877089,7710.0,7710.0,0.8333333333333333,0.8971067180551741,1.0
P02,26,1.75,2.0,1.875,15.599674568992006,9.2,4239,4239,0,1.0,0.0,0.3400000000000001,0.3400000000000001,0.23712739164946758,7710.0,7710.0,0.9444444444444444,0.8941076375434721,1.0
P02,26,2.0,2.25,2.125,15.599674568992006,9.2,4390,4390,0,1.0,0.0,0.30000000000000004,0.30000000000000004,0.23194815934048235,7710.0,7710.0,0.8333333333333333,0.8745789313410227,1.0
P02,26,2.25,2.5,2.375,15.599674568992006,9.2,4451,4451,0,1.0,0.0,0.30000000000000004,0.30000000000000004,0.24159884126460313,7967.0,7967.0,0.8333333333333333,0.91096759296226,1.0333333333333334
P02,26,2.5,2.75,2.625,15.599674568992006,9.2,4445,4445,0,1.0,0.0,0.32000000000000006,0.32000000000000006,0.23815624966592766,7710.0,7710.0,0.8888888888888888,0.8979870282965431,1.0
P02,26,2.75,3.0,2.875,15.599674568992006,9.2,4450,4450,0,1.0,0.0,0.30000000000000004,0.30000000000000004,0.23801890553703514,7967.0,7967.0,0.8333333333333333,0.8974691613653533,1.0333333333333334
P02,26,3.0,3.25,3.125,15.599674568992006,9.2,4322,4322,0,1.0,0.0,0.32000000000000006,0.32000000000000006,0.24201188031917228,7710.0,7710.0,0.8888888888888888,0.9125249894769569,1.0
P02,26,3.25,3.5,3.375,15.599674568992006,9.2,4581,4581,0,1.0,0.0,0.32000000000000006,0.32000000000000006,0.24824383186242915,7710.0,7710.0,0.8888888888888888,0.9360230570467449,1.0
P02,26,3.5,3.75,3.625,15.599674568992006,9.2,4507,4507,0,1.0,0.0,0.31000000000000005,0.31000000000000005,0.2418615302692677,7453.0,7453.0,0.861111111111111,0.9119580826890501,0.9666666666666667
P02,26,3.75,4.0,3.875,15.599674568992006,9.2,4608,4608,0,1.0,0.0,0.31000000000000005,0.31000000000000005,0.24043845253118531,7710.0,7710.0,0.861111111111111,0.9065922552087796,1.0
P02,26,4.0,4.25,4.125,15.599674568992006,9.2,4450,4449,1,0.9997752808988764,0.00022471910112364935,0.31000000000000005,0.31000000000000005,0.24665846732118102,7967.0,7967.0,0.861111111111111,0.9300453143036546,1.0333333333333334
P02,26,4.25,4.5,4.375,15.599674568992006,9.2,4728,4727,1,0.9997884940778342,0.0002115059221657889,0.3500000000000001,0.3500000000000001,0.25319004527240296,7710.0,7710.0,0.9722222222222222,0.9546731470090003,1.0
P02,26,4.5,4.75,4.625,15.599674568992006,9.2,5196,5196,0,1.0,0.0,0.3400000000000001,0.3400000000000001,0.25530373543581597,7967.0,7967.0,0.9444444444444444,0.9626429834136522,1.0333333333333334
P02,26,4.75,5.0,4.875,15.599674568992006,9.2,5202,5202,0,1.0,0.0,0.3500000000000001,0.3500000000000001,0.2544900779754315,7710.0,7710.0,0.9722222222222222,0.9595750234255063,1.0
P02,26,5.0,5.25,5.125,15.599674568992006,9.2,4894,4893,1,0.9997956681651001,0.0002043318348998735,0.33000000000000007,0.33000000000000007,0.24276325731683995,7453.0,7453.0,0.9166666666666666,0.9153581160407671,0.9666666666666667
P02,26,5.25,5.5,5.375,15.599674568992006,9.2,4860,4859,1,0.9997942386831276,0.0002057613168724437,0.30000000000000004,0.30000000000000004,0.23577892062545194,7710.0,7710.0,0.8333333333333333,0.8890231205958866,1.0
P02,26,5.5,5.75,5.625,15.599674568992006,9.2,5263,5260,3,0.999429982899487,0.0005700171005129651,0.26000000000000006,0.28,0.23264995155013962,7196.0,7196.0,0.7222222222222222,0.8772250945289122,0.9333333333333333
P02,26,5.75,6.0,5.875,15.599674568992006,9.2,5004,4925,79,0.9842126298960832,0.015787370103916842,0.30000000000000004,0.31000000000000005,0.23606270159222087,7453.0,7196.0,0.8333333333333333,0.8900931392386617,0.9666666666666667
P02,26,6.0,6.25,6.125,15.599674568992006,9.2,4671,4668,3,0.9993577392421323,0.0006422607578676631,0.29000000000000004,0.30000000000000004,0.22440809598039851,7453.0,7453.0,0.8055555555555555,0.8461485244153714,0.9666666666666667
P02,26,6.25,6.5,6.375,15.599674568992006,9.2,4846,4821,25,0.9948411060668593,0.005158893933140729,0.32000000000000006,0.33000000000000007,0.22800877180198717,7710.0,7710.0,0.8888888888888888,0.8597251581817461,1.0
P02,26,6.5,6.75,6.625,15.599674568992006,9.2,5373,4738,635,0.8818164898566908,0.11818351014330919,0.26000000000000006,0.39000000000000007,0.223662133824413,7453.0,7196.0,0.7222222222222222,0.843335814941592,0.9666666666666667
P02,26,6.75,7.0,6.875,15.599674568992006,9.2,7675,5304,2371,0.6910749185667753,0.3089250814332247,0.4300000000000001,0.6700000000000002,1.0386040312849412,6939.0,5911.0,1.1944444444444444,3.9161388749556134,0.9
P02,26,7.0,7.25,7.125,15.599674568992006,9.2,4664,4291,373,0.9200257289879932,0.07997427101200683,0.31000000000000005,0.4700000000000001,0.2210147054837705,7710.0,7196.0,0.861111111111111,0.8333534764072205,1.0
P02,26,7.25,7.5,7.375,15.599674568992006,9.2,5164,4611,553,0.8929124709527498,0.10708752904725016,0.28,0.4100000000000001,0.2371075549711089,7710.0,7196.0,0.7777777777777777,0.8940328417744106,1.0
P02,26,7.5,7.75,7.625,15.599674568992006,9.2,3941,3780,161,0.9591474245115453,0.04085257548845467,0.2700000000000001,0.4700000000000001,0.2089738020523786,7710.0,7710.0,0.75,0.7879522950167318,1.0
P02,26,7.75,8.0,7.875,15.599674568992006,9.2,7281,5010,2271,0.6880922950144212,0.31190770498557885,0.39000000000000007,1.0000000000000002,0.348057333316706,7196.0,5654.0,1.0833333333333333,1.312377780807001,0.9333333333333333
P02,26,8.0,8.25,8.125,15.599674568992006,9.2,6632,3992,2640,0.6019300361881785,0.39806996381182147,0.38000000000000006,1.2200000000000002,0.36262086009494715,7710.0,5397.0,1.0555555555555554,1.3672907136040817,1.0
P02,26,8.25,8.5,8.375,15.599674568992006,9.2,6463,4240,2223,0.6560420857187065,0.3439579142812935,0.4300000000000001,1.4900000000000002,0.5373663177307447,7196.0,5397.0,1.1944444444444444,2.026182321239014,0.9333333333333333
P02,26,8.5,8.75,8.625,15.599674568992006,9.2,32604,3941,28663,0.12087473929579193,0.879125260704208,0.4000000000000001,4.590000000000001,0.24501836666366736,7453.0,3084.0,1.111111111111111,0.9238611846928891,0.9666666666666667
P02,26,8.75,9.0,8.875,15.599674568992006,9.2,57316,4268,53048,0.07446437294996161,0.9255356270500383,0.5300000000000001,7.020000000000001,2.9501934766317754,7196.0,3341.0,1.472222222222222,11.12393849288698,0.9333333333333333
P02,26,9.0,9.25,9.125,15.599674568992006,9.2,43076,4778,38298,0.1109202340050144,0.8890797659949856,0.7100000000000002,8.570000000000002,0.5988255588310053,6425.0,3084.0,1.972222222222222,2.257919264335828,0.8333333333333334
P02,26,9.25,9.5,9.375,15.599674568992006,9.2,40375,5018,35357,0.12428482972136223,0.8757151702786378,0.7300000000000001,10.080000000000002,0.7199265236435066,6682.0,2570.0,2.0277777777777777,2.714540057064831,0.8666666666666667
P02,26,9.5,9.75,9.625,15.599674568992006,9.2,34669,4281,30388,0.12348207332198795,0.8765179266780121,0.9900000000000002,9.990000000000002,1.3563517243673995,6939.0,2570.0,2.75,5.11423175330522,0.9
P02,26,9.75,10.0,9.875,15.599674568992006,9.2,34175,3634,30541,0.10633504023408924,0.8936649597659108,0.8300000000000002,10.090000000000002,1.1411073201500876,6939.0,2313.0,2.3055555555555554,4.302635655484165,0.9
P02,26,10.0,10.25,10.125,15.599674568992006,9.2,41356,2490,38866,0.06020891769029887,0.9397910823097011,0.4600000000000001,10.450000000000003,1.8038712802209995,6682.0,2313.0,1.2777777777777777,6.801639732853435,0.8666666666666667
P02,26,10.25,10.5,10.375,15.599674568992006,9.2,48903,2357,46546,0.048197452099053226,0.9518025479009468,0.3500000000000001,13.240000000000002,0.25807828251094056,6939.0,2570.0,0.9722222222222222,0.9731046332185804,0.9
P02,26,10.5,10.75,10.625,15.599674568992006,9.2,72052,2515,69537,0.03490534613889968,0.9650946538611003,0.45000000000000007,17.500000000000004,1.5545844400699318,6425.0,2827.0,1.2499999999999998,5.8616839303300665,0.8333333333333334
P02,26,10.75,11.0,10.875,15.599674568992006,9.2,90337,2587,87750,0.02863721398762412,0.9713627860123759,0.6700000000000002,22.400000000000006,2.0995559269445656,6425.0,2827.0,1.861111111111111,7.916542145016316,0.8333333333333334
P02,26,11.0,11.25,11.125,15.599674568992006,9.2,79031,1958,77073,0.02477508825650694,0.975224911743493,0.9200000000000002,24.540000000000006,1.9597663243855332,5911.0,2827.0,2.5555555555555554,7.389454361408598,0.7666666666666667
P02,26,11.25,11.5,11.375,15.599674568992006,9.2,56837,1110,55727,0.019529531819061526,0.9804704681809385,0.4200000000000001,22.830000000000005,0.3110320693988412,6425.0,2570.0,1.1666666666666665,1.1727710866130112,0.8333333333333334
P02,26,11.5,11.75,11.625,15.599674568992006,9.2,48283,787,47496,0.016299732825217985,0.983700267174782,0.4200000000000001,21.680000000000003,0.8352121432525355,6425.0,2827.0,1.1666666666666665,3.14923362947058,0.8333333333333334
P02,26,11.75,12.0,11.875,15.599674568992006,9.2,41968,435,41533,0.010365040030499428,0.9896349599695006,0.38000000000000006,20.820000000000004,1.2207149134982487,5654.0,2827.0,1.0555555555555554,4.602802400135343,0.7333333333333333
P02,26,12.0,12.25,12.125,15.599674568992006,9.2,36406,638,35768,0.01752458385980333,0.9824754161401966,0.16000000000000003,16.480000000000004,0.3343271347783441,6425.0,3084.0,0.4444444444444444,1.2606069782323033,0.8333333333333334
P02,26,12.25,12.5,12.375,15.599674568992006,9.2,28097,184,27913,0.006548741858561412,0.9934512581414386,0.11000000000000001,13.180000000000003,0.5316114321763963,6425.0,2827.0,0.3055555555555555,2.004483068818029,0.8333333333333334
P02,26,12.5,12.75,12.625,15.599674568992006,9.2,20117,215,19902,0.010687478252224486,0.9893125217477755,0.10000000000000002,11.850000000000001,0.11956984229262697,6168.0,2570.0,0.27777777777777773,0.4508475738296102,0.8
P02,26,12.75,13.0,12.875,15.599674568992006,9.2,21043,23,21020,0.001093000047521741,0.9989069999524782,0.06000000000000001,13.720000000000002,0.22696686426431475,5140.0,2570.0,0.16666666666666666,0.8557965631739449,0.6666666666666666
P02,26,13.0,13.25,13.125,15.599674568992006,9.2,23205,1,23204,4.309416074121957e-05,0.9999569058392588,0.010000000000000002,14.850000000000003,,771.0,2827.0,0.027777777777777776,,0.1
P02,26,13.25,13.5,13.375,15.599674568992006,9.2,29512,0,29512,0.0,1.0,0.0,17.020000000000003,,,3084.0,0.0,,
P02,26,13.5,13.75,13.625,15.599674568992006,9.2,27213,0,27213,0.0,1.0,0.0,15.720000000000002,,,3084.0,0.0,,
P02,26,13.75,14.0,13.875,15.599674568992006,9.2,18323,0,18323,0.0,1.0,0.0,13.830000000000002,,,3084.0,0.0,,
P02,26,14.0,14.25,14.125,15.599674568992006,9.2,14120,1,14119,7.082152974504249e-05,0.999929178470255,0.010000000000000002,11.460000000000003,,257.0,3341.0,0.027777777777777776,,0.03333333333333333
P02,26,14.25,14.5,14.375,15.599674568992006,9.2,9641,0,9641,0.0,1.0,0.0,8.330000000000002,,,3341.0,0.0,,
P02,26,14.5,14.75,14.625,15.599674568992006,9.2,6839,0,6839,0.0,1.0,0.0,7.320000000000001,,,3598.0,0.0,,
P02,26,14.75,15.0,14.875,15.599674568992006,9.2,5811,0,5811,0.0,1.0,0.0,6.860000000000001,,,3598.0,0.0,,
P02,26,15.0,15.25,15.125,15.599674568992006,9.2,4304,0,4304,0.0,1.0,0.0,5.320000000000001,,,3598.0,0.0,,
P02,26,15.25,15.5,15.375,15.599674568992006,9.2,4038,0,4038,0.0,1.0,0.0,3.8500000000000005,,,3855.0,0.0,,
P02,26,15.5,15.75,15.625,15.599674568992006,9.2,6809,0,6809,0.0,1.0,0.0,4.080000000000001,,,4112.0,0.0,,
P02,27,0.0,0.25,0.125,15.202841564848827,11.93,1586,1372,214,0.8650693568726355,0.13493064312736447,0.26000000000000006,0.29000000000000004,0.23193303309998797,7453.0,7196.0,1.1818181818181819,1.08469144255309,0.9354838709677419
P02,27,0.25,0.5,0.375,15.202841564848827,11.93,2436,2434,2,0.9991789819376026,0.0008210180623974273,0.24000000000000005,0.24000000000000005,0.2186265069786468,7967.0,7967.0,1.090909090909091,1.0224602251149706,1.0
P02,27,0.5,0.75,0.625,15.202841564848827,11.93,2675,2672,3,0.9988785046728972,0.0011214953271028172,0.22000000000000003,0.24000000000000005,0.2138239724230479,7967.0,7967.0,1.0,1.0,1.0
P02,27,0.75,1.0,0.875,15.202841564848827,11.93,2666,2666,0,1.0,0.0,0.20000000000000004,0.20000000000000004,0.1994968621701436,7967.0,7967.0,0.9090909090909092,0.9329957717530459,1.0
P02,27,1.0,1.25,1.125,15.202841564848827,11.93,2631,2631,0,1.0,0.0,0.20000000000000004,0.20000000000000004,0.19460595448300905,7710.0,7710.0,0.9090909090909092,0.9101222481171743,0.967741935483871
P02,27,1.25,1.5,1.375,15.202841564848827,11.93,2618,2618,0,1.0,0.0,0.20000000000000004,0.20000000000000004,0.19985181884297165,8224.0,8224.0,0.9090909090909092,0.9346558132760132,1.032258064516129
P02,27,1.5,1.75,1.625,15.202841564848827,11.93,2661,2661,0,1.0,0.0,0.18000000000000005,0.18000000000000005,0.19453791403874757,7710.0,7710.0,0.8181818181818183,0.9098040403713802,0.967741935483871
P02,27,1.75,2.0,1.875,15.202841564848827,11.93,2667,2667,0,1.0,0.0,0.20000000000000004,0.20000000000000004,0.1867752563018291,7710.0,7710.0,0.9090909090909092,0.8735000766532235,0.967741935483871
P02,27,2.0,2.25,2.125,15.202841564848827,11.93,2570,2570,0,1.0,0.0,0.20000000000000004,0.20000000000000004,0.18361957872085427,7453.0,7453.0,0.9090909090909092,0.8587417801665632,0.9354838709677419
P02,27,2.25,2.5,2.375,15.202841564848827,11.93,2539,2539,0,1.0,0.0,0.18000000000000005,0.18000000000000005,0.17617916938089423,7453.0,7453.0,0.8181818181818183,0.8239448897354038,0.9354838709677419
P02,27,2.5,2.75,2.625,15.202841564848827,11.93,2734,2734,0,1.0,0.0,0.20000000000000004,0.20000000000000004,0.18870928875304258,7710.0,7710.0,0.9090909090909092,0.8825450514953662,0.967741935483871
P02,27,2.75,3.0,2.875,15.202841564848827,11.93,2836,2836,0,1.0,0.0,0.21000000000000005,0.21000000000000005,0.1846327435305656,6939.0,6939.0,0.9545454545454546,0.8634800927057522,0.8709677419354839
P02,27,3.0,3.25,3.125,15.202841564848827,11.93,3256,3256,0,1.0,0.0,0.28,0.28,0.3323762273533616,6168.0,6168.0,1.2727272727272727,1.5544385579730957,0.7741935483870968
P02,27,3.25,3.5,3.375,15.202841564848827,11.93,3448,3447,1,0.9997099767981439,0.0002900232018561155,0.30000000000000004,0.30000000000000004,0.4653821187407959,5654.0,5654.0,1.3636363636363638,2.176473074871341,0.7096774193548387
P02,27,3.5,3.75,3.625,15.202841564848827,11.93,2658,2658,0,1.0,0.0,0.19000000000000003,0.19000000000000003,0.16139731207944244,6168.0,6168.0,0.8636363636363636,0.7548139259152851,0.7741935483870968
P02,27,3.75,4.0,3.875,15.202841564848827,11.93,3412,3380,32,0.9906213364595545,0.009378663540445475,0.22000000000000003,0.23000000000000004,0.20793291841699812,5911.0,5911.0,1.0,0.9724490479748715,0.7419354838709677
P02,27,4.0,4.25,4.125,15.202841564848827,11.93,4083,3876,207,0.9493019838354151,0.050698016164584914,0.26000000000000006,0.31000000000000005,0.22500555562056013,5397.0,5140.0,1.1818181818181819,1.052293403170855,0.6774193548387096
P02,27,4.25,4.5,4.375,15.202841564848827,11.93,3228,3199,29,0.9910161090458488,0.008983890954151197,0.24000000000000005,0.25000000000000006,0.17837768317880207,5654.0,5654.0,1.090909090909091,0.8342267761534435,0.7096774193548387
P02,27,4.5,4.75,4.625,15.202841564848827,11.93,3638,3409,229,0.9370533260032985,0.06294667399670151,0.20000000000000004,0.21000000000000005,0.24054022509747183,5654.0,5397.0,0.9090909090909092,1.1249450768857954,0.7096774193548387
P02,27,4.75,5.0,4.875,15.202841564848827,11.93,3402,3402,0,1.0,0.0,0.19000000000000003,0.19000000000000003,0.16314655909912607,5911.0,5911.0,0.8636363636363636,0.7629947065820233,0.7419354838709677
P02,27,5.0,5.25,5.125,15.202841564848827,11.93,3678,3671,7,0.9980967917346384,0.0019032082653616111,0.18000000000000005,0.18000000000000005,0.18661723564756777,5911.0,5911.0,0.8181818181818183,0.8727610544918136,0.7419354838709677
P02,27,5.25,5.5,5.375,15.202841564848827,11.93,4154,4154,0,1.0,0.0,0.2700000000000001,0.2700000000000001,0.23268530099689466,5911.0,5911.0,1.2272727272727275,1.088209606996403,0.7419354838709677
P02,27,5.5,5.75,5.625,15.202841564848827,11.93,3757,3689,68,0.9819004524886877,0.018099547511312264,0.29000000000000004,0.29000000000000004,0.29484029522806643,5911.0,5654.0,1.3181818181818181,1.3788926091258318,0.7419354838709677
P02,27,5.75,6.0,5.875,15.202841564848827,11.93,3914,3849,65,0.9833929483903935,0.016607051609606516,0.24000000000000005,0.26000000000000006,0.31681427082085806,5654.0,5654.0,1.090909090909091,1.4816592696820972,0.7096774193548387
P02,27,6.0,6.25,6.125,15.202841564848827,11.93,3470,3382,88,0.9746397694524496,0.025360230547550433,0.22000000000000003,0.33000000000000007,0.17065637888938887,6682.0,6682.0,1.0,0.7981162119266378,0.8387096774193549
P02,27,6.25,6.5,6.375,15.202841564848827,11.93,5210,4465,745,0.8570057581573897,0.14299424184261034,0.3600000000000001,0.4800000000000001,2.9351967815072433,5140.0,4369.0,1.6363636363636367,13.7271642101008,0.6451612903225806
P02,27,6.5,6.75,6.625,15.202841564848827,11.93,7159,6819,340,0.9525073334264562,0.047492666573543785,0.7200000000000002,0.7500000000000001,2.6904968480080393,4112.0,4112.0,3.2727272727272734,12.582765241518041,0.5161290322580645
P02,27,6.75,7.0,6.875,15.202841564848827,11.93,4568,4394,174,0.9619089316987741,0.03809106830122588,0.5400000000000001,0.6300000000000001,2.4586198002971558,5140.0,4883.0,2.454545454545455,11.498335628302748,0.6451612903225806
P02,27,7.0,7.25,7.125,15.202841564848827,11.93,4198,3948,250,0.9404478323010957,0.05955216769890426,0.44000000000000006,0.5500000000000002,2.1584712638267223,5654.0,5654.0,2.0,10.094617733301742,0.7096774193548387
P02,27,7.25,7.5,7.375,15.202841564848827,11.93,5563,4955,608,0.8907064533525076,0.10929354664749236,0.5700000000000001,0.7500000000000001,1.693377594454845,4883.0,4626.0,2.590909090909091,7.919493662312661,0.6129032258064516
P02,27,7.5,7.75,7.625,15.202841564848827,11.93,6201,5783,418,0.9325915174971778,0.06740848250282216,0.6100000000000001,0.9100000000000001,0.7646023421993079,4883.0,4369.0,2.772727272727273,3.575849487477261,0.6129032258064516
P02,27,7.75,8.0,7.875,15.202841564848827,11.93,4358,3041,1317,0.6977971546581,0.3022028453419,0.33000000000000007,0.6300000000000001,0.3536961972956763,5654.0,4112.0,1.5000000000000002,1.6541466014666169,0.7096774193548387
P02,27,8.0,8.25,8.125,15.202841564848827,11.93,5456,3256,2200,0.5967741935483871,0.4032258064516129,0.4000000000000001,0.8800000000000001,2.062463187120818,5911.0,3598.0,1.8181818181818183,9.64561252767422,0.7419354838709677
P02,27,8.25,8.5,8.375,15.202841564848827,11.93,7881,5588,2293,0.7090470752442584,0.29095292475574164,0.7600000000000001,1.2200000000000002,1.6301742371421672,4883.0,3855.0,3.4545454545454546,7.623907734334338,0.6129032258064516
P02,27,8.5,8.75,8.625,15.202841564848827,11.93,6145,4344,1801,0.7069161920260374,0.2930838079739626,0.56,0.8700000000000002,1.7800788188710857,5140.0,4369.0,2.5454545454545454,8.324973101468824,0.6451612903225806
P02,27,8.75,9.0,8.875,15.202841564848827,11.93,3309,3113,196,0.9407676035055909,0.059232396494409145,0.4900000000000001,0.6300000000000001,1.437665677779655,5397.0,5397.0,2.2272727272727275,6.723594466457917,0.6774193548387096
P02,27,9.0,9.25,9.125,15.202841564848827,11.93,4211,3931,280,0.933507480408454,0.066492519591546,0.4700000000000001,0.5400000000000001,1.0553305167628564,5397.0,5140.0,2.1363636363636367,4.9355107605750534,0.6774193548387096
P02,27,9.25,9.5,9.375,15.202841564848827,11.93,3967,3161,806,0.796823796319637,0.20317620368036304,0.3400000000000001,0.6000000000000001,0.5491320422808608,5654.0,4883.0,1.5454545454545456,2.5681500350877884,0.7096774193548387
P02,27,9.5,9.75,9.625,15.202841564848827,11.93,5080,3998,1082,0.787007874015748,0.212992125984252,0.5200000000000001,0.7900000000000001,1.1314515404241976,5397.0,4626.0,2.3636363636363638,5.2915093083465665,0.6774193548387096
P02,27,9.75,10.0,9.875,15.202841564848827,11.93,7100,3045,4055,0.4288732394366197,0.5711267605633803,0.6400000000000001,1.7400000000000004,1.632332310662636,5397.0,3598.0,2.909090909090909,7.63400049192374,0.6774193548387096
P02,27,10.0,10.25,10.125,15.202841564848827,11.93,8904,4281,4623,0.4807951482479784,0.5192048517520216,0.7100000000000002,2.0200000000000005,2.0055296056890533,4883.0,3341.0,3.2272727272727275,9.379348737012235,0.6129032258064516
P02,27,10.25,10.5,10.375,15.202841564848827,11.93,8132,3276,4856,0.4028529267092966,0.5971470732907034,0.7600000000000001,2.0400000000000005,2.2176344363800826,5397.0,3855.0,3.4545454545454546,10.371308751071757,0.6774193548387096
P02,27,10.5,10.75,10.625,15.202841564848827,11.93,6459,2639,3820,0.4085771791298963,0.5914228208701038,0.5700000000000001,1.8000000000000003,0.6217476751614993,5654.0,3855.0,2.590909090909091,2.9077547672315234,0.7096774193548387
P02,27,10.75,11.0,10.875,15.202841564848827,11.93,4651,2325,2326,0.4998924962373683,0.5001075037626317,0.4800000000000001,1.3900000000000003,0.8298679989490174,5397.0,3855.0,2.181818181818182,3.881080262165996,0.6774193548387096
P02,27,11.0,11.25,11.125,15.202841564848827,11.93,6969,1907,5062,0.27364040751901275,0.7263595924809872,0.37000000000000005,1.8500000000000003,0.6617603649104007,5911.0,3084.0,1.6818181818181819,3.094883877665113,0.7419354838709677
P02,27,11.25,11.5,11.375,15.202841564848827,11.93,8255,2243,6012,0.27171411265899453,0.7282858873410054,0.38000000000000006,2.4400000000000004,0.7006896344737007,5397.0,3084.0,1.7272727272727273,3.276946109145309,0.6774193548387096
P02,27,11.5,11.75,11.625,15.202841564848827,11.93,7987,1913,6074,0.23951421059221234,0.7604857894077877,0.3500000000000001,2.6300000000000003,0.6728397983305351,5911.0,2570.0,1.590909090909091,3.1466995524680015,0.7419354838709677
P02,27,11.75,12.0,11.875,15.202841564848827,11.93,19525,1658,17867,0.08491677336747759,0.9150832266325224,0.5500000000000002,4.48,0.791080964580796,5654.0,2570.0,2.5000000000000004,3.6996832282942194,0.7096774193548387
P02,27,12.0,12.25,12.125,15.202841564848827,11.93,28188,104,28084,0.0036895132680573295,0.9963104867319427,0.24000000000000005,6.960000000000002,0.9031717448717808,5268.5,2570.0,1.090909090909091,4.223903122914897,0.6612903225806451
P02,27,12.25,12.5,12.375,15.202841564848827,11.93,35070,328,34742,0.009352723125178215,0.9906472768748218,0.28,9.200000000000001,0.8049210988711512,5397.0,3341.0,1.2727272727272727,3.764409994584823,0.6774193548387096
P02,27,12.5,12.75,12.625,15.202841564848827,11.93,32495,434,32061,0.013355900907831975,0.986644099092168,0.22000000000000003,9.780000000000001,0.7875433582629104,4883.0,3084.0,1.0,3.6831387488432137,0.6129032258064516
P02,27,12.75,13.0,12.875,15.202841564848827,11.93,17651,959,16692,0.05433119936547504,0.945668800634525,0.3600000000000001,8.180000000000001,0.5670159488406229,5654.0,3084.0,1.6363636363636367,2.6517884894533217,0.7096774193548387
P02,27,13.0,13.25,13.125,15.202841564848827,11.93,11896,686,11210,0.05766644250168124,0.9423335574983187,0.24000000000000005,7.710000000000002,0.5575982566297463,5911.0,3084.0,1.090909090909091,2.6077443530351476,0.7419354838709677
P02,27,13.25,13.5,13.375,15.202841564848827,11.93,15351,145,15206,0.009445638720604521,0.9905543612793954,0.15000000000000002,10.100000000000001,0.9612251920132729,6168.0,3084.0,0.6818181818181819,4.495404238919955,0.7741935483870968
P02,27,13.5,13.75,13.625,15.202841564848827,11.93,14797,0,14797,0.0,1.0,0.0,9.990000000000002,,,3341.0,0.0,,
P02,27,13.75,14.0,13.875,15.202841564848827,11.93,14901,0,14901,0.0,1.0,0.0,9.370000000000001,,,3855.0,0.0,,
P02,27,14.0,14.25,14.125,15.202841564848827,11.93,11109,1,11108,9.001710324961742e-05,0.9999099828967504,0.010000000000000002,8.46,,3855.0,4112.0,0.045454545454545456,,0.4838709677419355
P02,27,14.25,14.5,14.375,15.202841564848827,11.93,5198,0,5198,0.0,1.0,0.0,6.6400000000000015,,,3855.0,0.0,,
P02,27,14.5,14.75,14.625,15.202841564848827,11.93,3388,0,3388,0.0,1.0,0.0,4.680000000000001,,,3983.5,0.0,,
P02,27,14.75,15.0,14.875,15.202841564848827,11.93,3368,0,3368,0.0,1.0,0.0,3.650000000000001,,,4626.0,0.0,,
P02,27,15.0,15.25,15.125,15.202841564848827,11.93,3972,0,3972,0.0,1.0,0.0,3.460000000000001,,,4369.0,0.0,,
P02,28,0.0,0.25,0.125,16.26646043309517,12.16,2236,2161,75,0.9664579606440071,0.03354203935599287,0.44000000000000006,0.4600000000000001,0.3430014576528313,7196.0,7196.0,1.3333333333333333,1.0658373334302549,0.8484848484848485
P02,28,0.25,0.5,0.375,16.26646043309517,12.16,2843,2841,2,0.9992965177629265,0.000703482237073505,0.33000000000000007,0.33000000000000007,0.3422528305044887,8481.0,8481.0,1.0,1.0635110612068563,1.0
P02,28,0.5,0.75,0.625,16.26646043309517,12.16,2669,2666,3,0.9988759835144249,0.0011240164855751411,0.32000000000000006,0.32000000000000006,0.3135988680046005,8481.0,8481.0,0.9696969696969697,0.9744721889172732,1.0
P02,28,0.75,1.0,0.875,16.26646043309517,12.16,2759,2759,0,1.0,0.0,0.32000000000000006,0.32000000000000006,0.3218140769651284,8481.0,8481.0,0.9696969696969697,1.0,1.0
P02,28,1.0,1.25,1.125,16.26646043309517,12.16,2747,2746,1,0.9996359665089188,0.00036403349108116156,0.3400000000000001,0.3400000000000001,0.301711470415841,8224.0,8224.0,1.0303030303030303,0.9375334766618499,0.9696969696969697
P02,28,1.25,1.5,1.375,16.26646043309517,12.16,2783,2783,0,1.0,0.0,0.31000000000000005,0.31000000000000005,0.29451264808978367,7967.0,7967.0,0.9393939393939393,0.915163969417338,0.9393939393939394
P02,28,1.5,1.75,1.625,16.26646043309517,12.16,2877,2877,0,1.0,0.0,0.31000000000000005,0.31000000000000005,0.2866848415923857,8224.0,8224.0,0.9393939393939393,0.8908399666539469,0.9696969696969697
P02,28,1.75,2.0,1.875,16.26646043309517,12.16,2932,2932,0,1.0,0.0,0.26000000000000006,0.26000000000000006,0.27997964099372213,8224.0,8224.0,0.787878787878788,0.8700043317995084,0.9696969696969697
P02,28,2.0,2.25,2.125,16.26646043309517,12.16,2872,2872,0,1.0,0.0,0.28,0.28,0.27433847692989405,7967.0,7967.0,0.8484848484848484,0.8524750673340532,0.9393939393939394
P02,28,2.25,2.5,2.375,16.26646043309517,12.16,3214,3214,0,1.0,0.0,0.29000000000000004,0.29000000000000004,0.2735538115477098,8224.0,8224.0,0.8787878787878787,0.8500368104697668,0.9696969696969697
P02,28,2.5,2.75,2.625,16.26646043309517,12.16,3091,3091,0,1.0,0.0,0.31000000000000005,0.31000000000000005,0.2643302815226164,7967.0,7967.0,0.9393939393939393,0.8213757583738609,0.9393939393939394
P02,28,2.75,3.0,2.875,16.26646043309517,12.16,3173,3173,0,1.0,0.0,0.2700000000000001,0.2700000000000001,0.27320870958272,7967.0,7967.0,0.8181818181818182,0.8489644460528826,0.9393939393939394
P02,28,3.0,3.25,3.125,16.26646043309517,12.16,3109,3109,0,1.0,0.0,0.28,0.28,0.25554842990739596,7710.0,7710.0,0.8484848484848484,0.7940871708203338,0.9090909090909091
P02,28,3.25,3.5,3.375,16.26646043309517,12.16,2989,2989,0,1.0,0.0,0.26000000000000006,0.26000000000000006,0.2558882567408374,7967.0,7967.0,0.787878787878788,0.7951431433764325,0.9393939393939394
P02,28,3.5,3.75,3.625,16.26646043309517,12.16,3314,3313,1,0.9996982498491249,0.0003017501508750797,0.2700000000000001,0.28,0.2566367081078851,7967.0,7967.0,0.8181818181818182,0.7974688693798005,0.9393939393939394
P02,28,3.75,4.0,3.875,16.26646043309517,12.16,2948,2948,0,1.0,0.0,0.2700000000000001,0.2700000000000001,0.24266633414058625,7710.0,7710.0,0.8181818181818182,0.7540575490949746,0.9090909090909091
P02,28,4.0,4.25,4.125,16.26646043309517,12.16,3152,3152,0,1.0,0.0,0.29000000000000004,0.29000000000000004,0.23473431713194634,7710.0,7710.0,0.8787878787878787,0.7294097242283842,0.9090909090909091
P02,28,4.25,4.5,4.375,16.26646043309517,12.16,3136,3136,0,1.0,0.0,0.25000000000000006,0.25000000000000006,0.23126823042205283,7710.0,7710.0,0.7575757575757576,0.7186392609143475,0.9090909090909091
P02,28,4.5,4.75,4.625,16.26646043309517,12.16,2873,2873,0,1.0,0.0,0.2700000000000001,0.2700000000000001,0.2370932280724302,7453.0,7453.0,0.8181818181818182,0.736739766974586,0.8787878787878788
P02,28,4.75,5.0,4.875,16.26646043309517,12.16,3212,3212,0,1.0,0.0,0.25000000000000006,0.25000000000000006,0.23795285559294735,7967.0,7967.0,0.7575757575757576,0.7394109600082279,0.9393939393939394
P02,28,5.0,5.25,5.125,16.26646043309517,12.16,2992,2992,0,1.0,0.0,0.25000000000000006,0.25000000000000006,0.23320162893163274,7710.0,7710.0,0.7575757575757576,0.7246470730268966,0.9090909090909091
P02,28,5.25,5.5,5.375,16.26646043309517,12.16,2904,2904,0,1.0,0.0,0.2700000000000001,0.2700000000000001,0.22486451312050015,7710.0,7710.0,0.8181818181818182,0.6987404505144327,0.9090909090909091
P02,28,5.5,5.75,5.625,16.26646043309517,12.16,3040,3040,0,1.0,0.0,0.2700000000000001,0.2700000000000001,0.22472305172554374,7710.0,7710.0,0.8181818181818182,0.698300875601208,0.9090909090909091
P02,28,5.75,6.0,5.875,16.26646043309517,12.16,2993,2993,0,1.0,0.0,0.28,0.28,0.2305172375499298,7967.0,7967.0,0.8484848484848484,0.7163056374780912,0.9393939393939394
P02,28,6.0,6.25,6.125,16.26646043309517,12.16,3013,3013,0,1.0,0.0,0.2700000000000001,0.2700000000000001,0.22383608178794495,7710.0,7710.0,0.8181818181818182,0.6955447191708761,0.9090909090909091
P02,28,6.25,6.5,6.375,16.26646043309517,12.16,2737,2737,0,1.0,0.0,0.2700000000000001,0.2700000000000001,0.21876608377374113,7710.0,7710.0,0.8181818181818182,0.6797902871024702,0.9090909090909091
P02,28,6.5,6.75,6.625,16.26646043309517,12.16,2913,2913,0,1.0,0.0,0.25000000000000006,0.25000000000000006,0.21841748969287308,7453.0,7453.0,0.7575757575757576,0.6787070713396439,0.8787878787878788
P02,28,6.75,7.0,6.875,16.26646043309517,12.16,2768,2768,0,1.0,0.0,0.24000000000000005,0.24000000000000005,0.21387738495008685,7453.0,7453.0,0.7272727272727273,0.6645992212865892,0.8787878787878788
P02,28,7.0,7.25,7.125,16.26646043309517,12.16,2918,2918,0,1.0,0.0,0.26000000000000006,0.26000000000000006,0.22059238412624754,7453.0,7453.0,0.787878787878788,0.6854653040865916,0.8787878787878788
P02,28,7.25,7.5,7.375,16.26646043309517,12.16,2770,2766,4,0.9985559566787003,0.0014440433212996595,0.2700000000000001,0.28,0.23015320100024414,7710.0,7710.0,0.8181818181818182,0.7151744360306009,0.9090909090909091
P02,28,7.5,7.75,7.625,16.26646043309517,12.16,2782,2782,0,1.0,0.0,0.26000000000000006,0.26000000000000006,0.22400233341127146,7710.0,7710.0,0.787878787878788,0.6960613268497394,0.9090909090909091
P02,28,7.75,8.0,7.875,16.26646043309517,12.16,2853,2850,3,0.9989484752891693,0.001051524710830698,0.30000000000000004,0.31000000000000005,0.23022086751005397,7453.0,7453.0,0.9090909090909091,0.7153847018786582,0.8787878787878788
P02,28,8.0,8.25,8.125,16.26646043309517,12.16,2643,2640,3,0.9988649262202043,0.0011350737797957144,0.2700000000000001,0.28,0.22361674396401895,7453.0,7453.0,0.8181818181818182,0.6948631522674191,0.8787878787878788
P02,28,8.25,8.5,8.375,16.26646043309517,12.16,4442,4439,3,0.9993246285457001,0.0006753714542998557,0.5000000000000001,0.5000000000000001,0.5620155094404228,6425.0,6425.0,1.5151515151515151,1.7463981524379446,0.7575757575757576
P02,28,8.5,8.75,8.625,16.26646043309517,12.16,3220,3210,10,0.9968944099378882,0.0031055900621117516,0.44000000000000006,0.4700000000000001,0.7806527340494024,6553.5,6425.0,1.3333333333333333,2.4257880245990404,0.7727272727272727
P02,28,8.75,9.0,8.875,16.26646043309517,12.16,2421,2421,0,1.0,0.0,0.24000000000000005,0.24000000000000005,0.21003809170872847,7710.0,7710.0,0.7272727272727273,0.6526690618679433,0.9090909090909091
P02,28,9.0,9.25,9.125,16.26646043309517,12.16,3051,2999,52,0.9829564077351688,0.01704359226483121,0.4100000000000001,0.4300000000000001,0.5880909796356703,6939.0,6682.0,1.2424242424242424,1.827424658304787,0.8181818181818182
P02,28,9.25,9.5,9.375,16.26646043309517,12.16,3205,3054,151,0.9528861154446178,0.047113884555382235,0.45000000000000007,0.5500000000000002,0.43638155140618906,6425.0,6425.0,1.3636363636363635,1.3560051677089162,0.7575757575757576
P02,28,9.5,9.75,9.625,16.26646043309517,12.16,3508,3460,48,0.9863169897377423,0.013683010262257711,0.5500000000000002,0.56,0.7448628700220398,5654.0,5654.0,1.6666666666666667,2.3145751641645953,0.6666666666666666
P02,28,9.75,10.0,9.875,16.26646043309517,12.16,3306,2868,438,0.867513611615245,0.13248638838475502,0.7100000000000002,0.8300000000000002,0.6720697371483976,5911.0,5397.0,2.151515151515152,2.0883789282506204,0.696969696969697
P02,28,10.0,10.25,10.125,16.26646043309517,12.16,3984,3772,212,0.9467871485943775,0.053212851405622486,0.5400000000000001,0.6800000000000002,0.6131746871193515,5654.0,5654.0,1.6363636363636365,1.9053693763240653,0.6666666666666666
P02,28,10.25,10.5,10.375,16.26646043309517,12.16,2599,2513,86,0.9669103501346672,0.033089649865332804,0.30000000000000004,0.44000000000000006,0.34187597646869405,6682.0,6425.0,0.9090909090909091,1.062340030904675,0.7878787878787878
P02,28,10.5,10.75,10.625,16.26646043309517,12.16,4362,3917,445,0.8979825767996332,0.10201742320036677,0.6700000000000002,0.8000000000000002,1.1431050673282275,5397.0,4883.0,2.0303030303030303,3.5520667029493977,0.6363636363636364
P02,28,10.75,11.0,10.875,16.26646043309517,12.16,3373,2355,1018,0.6981915209012748,0.3018084790987252,0.39000000000000007,0.8100000000000002,1.8154122883060497,5911.0,4626.0,1.1818181818181819,5.64118358471549,0.696969696969697
P02,28,11.0,11.25,11.125,16.26646043309517,12.16,3389,1646,1743,0.48568899380348185,0.5143110061965182,0.20000000000000004,1.0100000000000002,0.19235707681169414,6939.0,4369.0,0.6060606060606061,0.5977273543336572,0.8181818181818182
P02,28,11.25,11.5,11.375,16.26646043309517,12.16,4491,1769,2722,0.39389890892896906,0.6061010910710309,0.29000000000000004,1.2000000000000002,0.3113533714038068,6682.0,4369.0,0.8787878787878787,0.9674945681059964,0.7878787878787878
P02,28,11.5,11.75,11.625,16.26646043309517,12.16,2837,1188,1649,0.4187522030313712,0.5812477969686288,0.20000000000000004,1.2400000000000002,0.18201286945739426,7067.5,3855.0,0.6060606060606061,0.5655839271354095,0.8333333333333334
P02,28,11.75,12.0,11.875,16.26646043309517,12.16,5635,1444,4191,0.25625554569653947,0.7437444543034606,0.3600000000000001,2.0400000000000005,0.5551742206824994,6168.0,3598.0,1.090909090909091,1.7251396393783538,0.7272727272727273
P02,28,12.0,12.25,12.125,16.26646043309517,12.16,5542,719,4823,0.12973655719956695,0.870263442800433,0.21000000000000005,2.5000000000000004,0.20488744274143522,6939.0,2827.0,0.6363636363636364,0.6366640162967038,0.8181818181818182
P02,28,12.25,12.5,12.375,16.26646043309517,12.16,9668,278,9390,0.0287546545304096,0.9712453454695904,0.18000000000000005,3.630000000000001,0.3223670275017828,6682.0,2570.0,0.5454545454545455,1.0017182297986122,0.7878787878787878
P02,28,12.5,12.75,12.625,16.26646043309517,12.16,9093,29,9064,0.0031892664687121963,0.9968107335312878,0.07,4.010000000000001,0.364876778479037,6682.0,2570.0,0.2121212121212121,1.1338123612242568,0.7878787878787878
P02,28,12.75,13.0,12.875,16.26646043309517,12.16,6249,4,6245,0.0006401024163866218,0.9993598975836134,0.020000000000000004,4.000000000000001,0.29707393137450655,7196.0,2313.0,0.06060606060606061,0.9231228608023175,0.8484848484848485
P02,28,13.0,13.25,13.125,16.26646043309517,12.16,13372,6,13366,0.0004486987735566856,0.9995513012264433,0.04000000000000001,5.820000000000001,0.6397888353102381,5011.5,2313.0,0.12121212121212122,1.9880697617201042,0.5909090909090909
P02,28,13.25,13.5,13.375,16.26646043309517,12.16,15429,18,15411,0.00116663426015944,0.9988333657398406,0.04000000000000001,6.810000000000001,0.049771020892885966,6682.0,2313.0,0.12121212121212122,0.15465768732757804,0.7878787878787878
P02,28,13.5,13.75,13.625,16.26646043309517,12.16,11652,11,11641,0.0009440439409543426,0.9990559560590456,0.05000000000000001,6.870000000000001,0.3397905874318049,7196.0,2056.0,0.15151515151515152,1.055859925818672,0.8484848484848485
P02,28,13.75,14.0,13.875,16.26646043309517,12.16,9634,2,9632,0.00020759809009757111,0.9997924019099025,0.010000000000000002,6.560000000000001,0.030083217850060084,6425.0,2313.0,0.030303030303030304,0.09348011787974049,0.7575757575757576
P02,28,14.0,14.25,14.125,16.26646043309517,12.16,10443,3,10440,0.0002872737719046251,0.9997127262280954,0.010000000000000002,7.860000000000001,0.025328763778142457,11051.0,2827.0,0.030303030303030304,0.07870620209347481,1.303030303030303
P02,28,14.25,14.5,14.375,16.26646043309517,12.16,6859,9,6850,0.0013121446274967196,0.9986878553725033,0.04000000000000001,8.180000000000001,0.5516746017266466,10280.0,2570.0,0.12121212121212122,1.7142649784907504,1.2121212121212122
P02,28,14.5,14.75,14.625,16.26646043309517,12.16,5295,0,5295,0.0,1.0,0.0,6.900000000000001,,,2570.0,0.0,,
P02,28,14.75,15.0,14.875,16.26646043309517,12.16,3830,4,3826,0.0010443864229765013,0.9989556135770234,0.020000000000000004,6.110000000000001,0.9737457345757266,642.5,2827.0,0.06060606060606061,3.0258021767060272,0.07575757575757576
P02,28,15.0,15.25,15.125,16.26646043309517,12.16,2974,1,2973,0.0003362474781439139,0.9996637525218561,0.010000000000000002,5.290000000000001,,257.0,2570.0,0.030303030303030304,,0.030303030303030304
P02,28,15.25,15.5,15.375,16.26646043309517,12.16,3238,0,3238,0.0,1.0,0.0,5.230000000000001,,,2827.0,0.0,,
P02,28,15.5,15.75,15.625,16.26646043309517,12.16,2403,0,2403,0.0,1.0,0.0,4.19,,,3084.0,0.0,,
P02,28,15.75,16.0,15.875,16.26646043309517,12.16,1639,0,1639,0.0,1.0,0.0,3.1200000000000006,,,2827.0,0.0,,
P02,28,16.0,16.25,16.125,16.26646043309517,12.16,1467,4,1463,0.0027266530334014998,0.9972733469665985,0.010000000000000002,2.3800000000000003,0.03543776997885942,9637.5,3341.0,0.030303030303030304,0.1101187689272506,1.1363636363636365
P02,28,16.25,16.5,16.375,16.26646043309517,12.16,1406,0,1406,0.0,1.0,0.0,2.3500000000000005,,,3341.0,0.0,,
P02,29,0.0,0.25,0.125,15.831603617881026,11.37,3856,3856,0,1.0,0.0,0.44000000000000006,0.44000000000000006,0.4249338122187303,5911.0,5911.0,1.1282051282051282,1.0112106359757838,0.7666666666666667
P02,29,0.25,0.5,0.375,15.831603617881026,11.37,5412,5412,0,1.0,0.0,0.39000000000000007,0.39000000000000007,0.44030276540974567,6682.0,6682.0,1.0,1.0477839763024155,0.8666666666666667
P02,29,0.5,0.75,0.625,15.831603617881026,11.37,5686,5686,0,1.0,0.0,0.3500000000000001,0.3500000000000001,0.42022284685394323,7710.0,7710.0,0.8974358974358975,1.0,1.0
P02,29,0.75,1.0,0.875,15.831603617881026,11.37,5529,5529,0,1.0,0.0,0.37000000000000005,0.37000000000000005,0.4134005320486014,8481.0,8481.0,0.9487179487179487,0.983765007408764,1.1
P02,29,1.0,1.25,1.125,15.831603617881026,11.37,5339,5339,0,1.0,0.0,0.39000000000000007,0.39000000000000007,0.4095901613462532,8481.0,8481.0,1.0,0.9746975073171459,1.1
P02,29,1.25,1.5,1.375,15.831603617881026,11.37,5412,5412,0,1.0,0.0,0.39000000000000007,0.39000000000000007,0.3981657930107357,8224.0,8224.0,1.0,0.9475110551262484,1.0666666666666667
P02,29,1.5,1.75,1.625,15.831603617881026,11.37,5472,5472,0,1.0,0.0,0.3600000000000001,0.3600000000000001,0.3906303877620158,8224.0,8224.0,0.9230769230769231,0.9295791285184147,1.0666666666666667
P02,29,1.75,2.0,1.875,15.831603617881026,11.37,5567,5567,0,1.0,0.0,0.3600000000000001,0.3600000000000001,0.38418445959362635,8224.0,8224.0,0.9230769230769231,0.9142398193479405,1.0666666666666667
P02,29,2.0,2.25,2.125,15.831603617881026,11.37,5819,5818,1,0.9998281491665234,0.00017185083347659447,0.3600000000000001,0.37000000000000005,0.37656918338145134,8224.0,8224.0,0.9230769230769231,0.8961178246273112,1.0666666666666667
P02,29,2.25,2.5,2.375,15.831603617881026,11.37,5488,5488,0,1.0,0.0,0.3600000000000001,0.3600000000000001,0.372799674289477,7967.0,7967.0,0.9230769230769231,0.8871475624909345,1.0333333333333334
P02,29,2.5,2.75,2.625,15.831603617881026,11.37,5620,5620,0,1.0,0.0,0.3400000000000001,0.3400000000000001,0.3650292439987514,8481.0,8481.0,0.8717948717948718,0.868656349200415,1.1
P02,29,2.75,3.0,2.875,15.831603617881026,11.37,5595,5595,0,1.0,0.0,0.33000000000000007,0.33000000000000007,0.36358781597787526,7967.0,7967.0,0.8461538461538461,0.8652261977184867,1.0333333333333334
P02,29,3.0,3.25,3.125,15.831603617881026,11.37,5815,5812,3,0.9994840928632847,0.0005159071367153434,0.3400000000000001,0.3500000000000001,0.35865303316539865,8352.5,8224.0,0.8717948717948718,0.853482945657297,1.0833333333333333
P02,29,3.25,3.5,3.375,15.831603617881026,11.37,5308,5308,0,1.0,0.0,0.31000000000000005,0.31000000000000005,0.35925019097168587,8481.0,8481.0,0.7948717948717948,0.8549039959660983,1.1
P02,29,3.5,3.75,3.625,15.831603617881026,11.37,5511,5510,1,0.9998185447287243,0.00018145527127566563,0.37000000000000005,0.37000000000000005,0.3442124339893703,8224.0,8224.0,0.9487179487179487,0.8191187998614653,1.0666666666666667
P02,29,3.75,4.0,3.875,15.831603617881026,11.37,5480,5480,0,1.0,0.0,0.33000000000000007,0.33000000000000007,0.3519355735647305,7967.0,7967.0,0.8461538461538461,0.8374974759215142,1.0333333333333334
P02,29,4.0,4.25,4.125,15.831603617881026,11.37,5220,5218,2,0.9996168582375479,0.0003831417624521327,0.3600000000000001,0.37000000000000005,0.33906540655244066,8481.0,8481.0,0.9230769230769231,0.8068704714436661,1.1
P02,29,4.25,4.5,4.375,15.831603617881026,11.37,5225,5224,1,0.9998086124401914,0.0001913875598086312,0.3600000000000001,0.3600000000000001,0.33800754400829164,8481.0,8481.0,0.9230769230769231,0.8043530867939049,1.1
P02,29,4.5,4.75,4.625,15.831603617881026,11.37,5095,5093,2,0.9996074582924436,0.00039254170755642637,0.32000000000000006,0.32000000000000006,0.3312071330783497,8224.0,8224.0,0.8205128205128205,0.7881702186303718,1.0666666666666667
P02,29,4.75,5.0,4.875,15.831603617881026,11.37,5116,5084,32,0.9937451133698202,0.006254886630179812,0.31000000000000005,0.3400000000000001,0.3298337423414631,8224.0,8224.0,0.7948717948717948,0.7849019747755489,1.0666666666666667
P02,29,5.0,5.25,5.125,15.831603617881026,11.37,4939,4939,0,1.0,0.0,0.30000000000000004,0.30000000000000004,0.3255330940441977,8481.0,8481.0,0.7692307692307692,0.7746677661182548,1.1
P02,29,5.25,5.5,5.375,15.831603617881026,11.37,4765,4765,0,1.0,0.0,0.33000000000000007,0.33000000000000007,0.3287454933762797,8224.0,8224.0,0.8461538461538461,0.7823122798712124,1.0666666666666667
P02,29,5.5,5.75,5.625,15.831603617881026,11.37,5417,5373,44,0.9918774229278198,0.008122577072180226,0.37000000000000005,0.38000000000000006,0.3228154265394469,7967.0,7967.0,0.9487179487179487,0.7682005606221781,1.0333333333333334
P02,29,5.75,6.0,5.875,15.831603617881026,11.37,4952,4952,0,1.0,0.0,0.33000000000000007,0.33000000000000007,0.3042196565977062,7967.0,7967.0,0.8461538461538461,0.7239483975592688,1.0333333333333334
P02,29,6.0,6.25,6.125,15.831603617881026,11.37,5132,5069,63,0.9877240841777085,0.012275915822291483,0.3400000000000001,0.3600000000000001,0.3191002973422576,7710.0,7710.0,0.8717948717948718,0.7593597057638497,1.0
P02,29,6.25,6.5,6.375,15.831603617881026,11.37,5515,5466,49,0.9911151405258386,0.0088848594741614,0.4200000000000001,0.45000000000000007,0.3577834519914706,7196.0,7196.0,1.0769230769230769,0.851413612253751,0.9333333333333333
P02,29,6.5,6.75,6.625,15.831603617881026,11.37,4689,4665,24,0.9948816378758797,0.0051183621241203126,0.37000000000000005,0.37000000000000005,0.33971895564314486,7453.0,7453.0,0.9487179487179487,0.8084257155137995,0.9666666666666667
P02,29,6.75,7.0,6.875,15.831603617881026,11.37,4414,4407,7,0.9984141368373357,0.0015858631626642916,0.32000000000000006,0.33000000000000007,0.2920736203565721,7710.0,7710.0,0.8205128205128205,0.6950445996528315,1.0
P02,29,7.0,7.25,7.125,15.831603617881026,11.37,4223,4223,0,1.0,0.0,0.31000000000000005,0.31000000000000005,0.28313159269435784,7710.0,7710.0,0.7948717948717948,0.6737653481100846,1.0
P02,29,7.25,7.5,7.375,15.831603617881026,11.37,5154,5150,4,0.9992239037640668,0.0007760962359332213,0.4200000000000001,0.4300000000000001,0.29537086515687605,7710.0,7710.0,1.0769230769230769,0.7028910192965735,1.0
P02,29,7.5,7.75,7.625,15.831603617881026,11.37,7182,7065,117,0.9837092731829574,0.016290726817042578,0.7300000000000001,0.8000000000000002,0.681590639504023,6168.0,6168.0,1.8717948717948718,1.6219742562948352,0.8
P02,29,7.75,8.0,7.875,15.831603617881026,11.37,8080,7734,346,0.9571782178217821,0.04282178217821786,0.8800000000000001,1.12,0.871137847194872,5911.0,5654.0,2.2564102564102564,2.073037802958041,0.7666666666666667
P02,29,8.0,8.25,8.125,15.831603617881026,11.37,9963,9122,841,0.9155876743952625,0.08441232560473755,1.2100000000000002,1.4800000000000002,1.1673397505703755,5140.0,4626.0,3.1025641025641026,2.7779064353826235,0.6666666666666666
P02,29,8.25,8.5,8.375,15.831603617881026,11.37,12923,8624,4299,0.6673373055791999,0.3326626944208001,1.1900000000000002,1.6300000000000003,1.9062115945331597,5140.0,4369.0,3.051282051282051,4.536192186608314,0.6666666666666666
P02,29,8.5,8.75,8.625,15.831603617881026,11.37,8929,8458,471,0.9472505319744652,0.05274946802553482,1.2700000000000002,1.5400000000000003,1.3398584406251022,5140.0,4883.0,3.2564102564102564,3.188447393225139,0.6666666666666666
P02,29,8.75,9.0,8.875,15.831603617881026,11.37,10328,9403,925,0.9104376452362509,0.08956235476374907,1.5300000000000002,1.8400000000000003,1.5723145989375018,5140.0,4626.0,3.923076923076923,3.7416209297253915,0.6666666666666666
P02,29,9.0,9.25,9.125,15.831603617881026,11.37,16135,12634,3501,0.783018283235203,0.21698171676479705,1.7000000000000004,2.1100000000000003,1.7728782937915173,4369.0,4112.0,4.3589743589743595,4.218900297935767,0.5666666666666667
P02,29,9.25,9.5,9.375,15.831603617881026,11.37,9937,7524,2413,0.7571701720841301,0.24282982791586993,1.3500000000000003,1.9900000000000004,2.2695577168474834,5140.0,4112.0,3.4615384615384617,5.400843228393798,0.6666666666666666
P02,29,9.5,9.75,9.625,15.831603617881026,11.37,10685,9063,1622,0.8481984089845578,0.15180159101544222,1.6200000000000003,2.2500000000000004,1.3843646194398294,5140.0,4369.0,4.153846153846154,3.2943582906166755,0.6666666666666666
P02,29,9.75,10.0,9.875,15.831603617881026,11.37,12409,5477,6932,0.4413731968732372,0.5586268031267628,0.9700000000000002,1.9500000000000004,1.4607061280646485,5654.0,3598.0,2.4871794871794872,3.4760273959410535,0.7333333333333333
P02,29,10.0,10.25,10.125,15.831603617881026,11.37,8536,6435,2101,0.7538659793814433,0.24613402061855671,1.0100000000000002,1.5300000000000002,1.2386817005051645,5397.0,4883.0,2.58974358974359,2.9476781421541625,0.7
P02,29,10.25,10.5,10.375,15.831603617881026,11.37,6223,4639,1584,0.7454603888799615,0.25453961112003853,0.7300000000000001,1.4300000000000004,0.5891453976133474,6168.0,5397.0,1.8717948717948718,1.4019832620336241,0.8
P02,29,10.5,10.75,10.625,15.831603617881026,11.37,11790,7615,4175,0.6458863443596268,0.3541136556403732,1.2200000000000002,2.2500000000000004,1.12377322138064,5397.0,3855.0,3.128205128205128,2.6742316125691983,0.7
P02,29,10.75,11.0,10.875,15.831603617881026,11.37,13233,5446,7787,0.41154689034988284,0.5884531096501171,1.0200000000000002,2.7700000000000005,1.5868812163532346,5654.0,3855.0,2.6153846153846154,3.7762849598341486,0.7333333333333333
P02,29,11.0,11.25,11.125,15.831603617881026,11.37,13594,3224,10370,0.23716345446520523,0.7628365455347947,0.8500000000000002,3.960000000000001,1.7303829983685934,5397.0,3598.0,2.1794871794871797,4.117774679133575,0.7
P02,29,11.25,11.5,11.375,15.831603617881026,11.37,27415,3741,23674,0.13645814335217946,0.8635418566478206,0.8000000000000002,6.460000000000001,0.6639766562086122,6939.0,3084.0,2.051282051282051,1.5800584408476734,0.9
P02,29,11.5,11.75,11.625,15.831603617881026,11.37,30650,2324,28326,0.07582381729200653,0.9241761827079935,0.7000000000000002,8.630000000000003,1.081192796636066,6425.0,3084.0,1.794871794871795,2.572903412393129,0.8333333333333334
P02,29,11.75,12.0,11.875,15.831603617881026,11.37,43326,2260,41066,0.0521626736832387,0.9478373263167613,0.6200000000000001,10.540000000000003,1.3387033262629986,6682.0,2570.0,1.5897435897435896,3.1856985794213406,0.8666666666666667
P02,29,12.0,12.25,12.125,15.831603617881026,11.37,59016,3419,55597,0.057933441778500745,0.9420665582214992,0.4800000000000001,13.860000000000003,0.39957600260970116,6425.0,2313.0,1.2307692307692308,0.9508669164496468,0.8333333333333334
P02,29,12.25,12.5,12.375,15.831603617881026,11.37,45212,2360,42852,0.05219853136335486,0.9478014686366452,0.5400000000000001,14.730000000000002,0.6997819993353167,6168.0,2570.0,1.3846153846153848,1.66526404876444,0.8
P02,29,12.5,12.75,12.625,15.831603617881026,11.37,56449,1267,55182,0.022445038884656945,0.977554961115343,0.33000000000000007,17.300000000000004,0.21629393186160806,6425.0,2570.0,0.8461538461538461,0.5147124519309758,0.8333333333333334
P02,29,12.75,13.0,12.875,15.831603617881026,11.37,68329,1104,67225,0.01615712215896618,0.9838428778410339,0.26000000000000006,20.610000000000003,0.17807187945472938,6682.0,2570.0,0.6666666666666667,0.42375582571935166,0.8666666666666667
P02,29,13.0,13.25,13.125,15.831603617881026,11.37,63668,332,63336,0.005214550480618207,0.9947854495193817,0.4300000000000001,23.420000000000005,1.5041537903338926,6425.0,2570.0,1.1025641025641026,3.5794193523625597,0.8333333333333334
P02,29,13.25,13.5,13.375,15.831603617881026,11.37,63041,36,63005,0.0005710569312035025,0.9994289430687965,0.12000000000000002,25.440000000000005,1.6917317944983985,4626.0,2570.0,0.3076923076923077,4.0257968055849025,0.6
P02,29,13.5,13.75,13.625,15.831603617881026,11.37,48377,25,48352,0.0005167745002790582,0.9994832254997209,0.12000000000000002,25.880000000000006,2.553246941302641,3598.0,2570.0,0.3076923076923077,6.075935567087509,0.4666666666666667
P02,29,13.75,14.0,13.875,15.831603617881026,11.37,33721,37,33684,0.0010972391091604637,0.9989027608908395,0.09000000000000002,24.270000000000003,1.2729555271118251,5397.0,2570.0,0.23076923076923078,3.029239215911233,0.7
P02,29,14.0,14.25,14.125,15.831603617881026,11.37,29233,55,29178,0.0018814353641432627,0.9981185646358567,0.17000000000000004,23.130000000000006,0.9927136613550146,2570.0,2827.0,0.4358974358974359,2.362350521365279,0.3333333333333333
P02,29,14.25,14.5,14.375,15.831603617881026,11.37,24602,32,24570,0.0013007072595723926,0.9986992927404276,0.12000000000000002,22.320000000000004,0.2345677210699961,2698.5,2827.0,0.3076923076923077,0.5581984007440812,0.35
P02,29,14.5,14.75,14.625,15.831603617881026,11.37,20765,53,20712,0.002552371779436552,0.9974476282205634,0.16000000000000003,20.740000000000006,1.6366639835583154,2570.0,3084.0,0.41025641025641024,3.894752500515924,0.3333333333333333
P02,29,14.75,15.0,14.875,15.831603617881026,11.37,16574,16,16558,0.0009653674429829854,0.999034632557017,0.08000000000000002,18.620000000000005,0.8395639951377992,1542.0,2827.0,0.20512820512820512,1.997901830953057,0.2
P02,29,15.0,15.25,15.125,15.831603617881026,11.37,9572,2,9570,0.0002089427496865859,0.9997910572503134,0.010000000000000002,15.160000000000004,0.008845903100915854,2441.5,2827.0,0.02564102564102564,0.021050504909816154,0.31666666666666665
P02,29,15.25,15.5,15.375,15.831603617881026,11.37,3946,0,3946,0.0,1.0,0.0,9.480000000000002,,,3084.0,0.0,,
P02,29,15.5,15.75,15.625,15.831603617881026,11.37,3178,0,3178,0.0,1.0,0.0,6.190000000000001,,,3341.0,0.0,,
P02,29,15.75,16.0,15.875,15.831603617881026,11.37,5993,0,5993,0.0,1.0,0.0,6.480000000000001,,,3598.0,0.0,,
P02,30,0.0,0.25,0.125,14.854839769061547,9.49,80959,80922,37,0.9995429785446954,0.0004570214553045737,0.4700000000000001,0.4700000000000001,0.3103445665656689,14906.0,14906.0,2.238095238095238,1.624573493274845,0.8285714285714286
P02,30,0.25,0.5,0.375,14.854839769061547,9.49,56221,56220,1,0.9999822130520624,1.778694793763691e-05,0.21000000000000005,0.22000000000000003,0.21292498669407167,19789.0,19789.0,1.0,1.114607203428815,1.1
P02,30,0.5,0.75,0.625,14.854839769061547,9.49,81621,81621,0,1.0,0.0,0.21000000000000005,0.21000000000000005,0.19103141092131856,18247.0,18247.0,1.0,1.0,1.0142857142857142
P02,30,0.75,1.0,0.875,14.854839769061547,9.49,89593,89593,0,1.0,0.0,0.20000000000000004,0.20000000000000004,0.18409073802794762,17990.0,17990.0,0.9523809523809523,0.9636673735492136,1.0
P02,30,1.0,1.25,1.125,14.854839769061547,9.49,87467,87467,0,1.0,0.0,0.16000000000000003,0.16000000000000003,0.17580102415741647,16448.0,16448.0,0.7619047619047619,0.9202728666953356,0.9142857142857143
P02,30,1.25,1.5,1.375,14.854839769061547,9.49,74987,74987,0,1.0,0.0,0.18000000000000005,0.18000000000000005,0.17742547776468096,14392.0,14392.0,0.8571428571428572,0.9287764609442078,0.8
P02,30,1.5,1.75,1.625,14.854839769061547,9.49,63375,63374,1,0.9999842209072979,1.5779092702117303e-05,0.16000000000000003,0.16000000000000003,0.17530829954450963,13107.0,13107.0,0.7619047619047619,0.9176935808567894,0.7285714285714285
P02,30,1.75,2.0,1.875,14.854839769061547,9.49,46056,46056,0,1.0,0.0,0.17000000000000004,0.17000000000000004,0.17728437648107082,11565.0,11565.0,0.8095238095238095,0.9280378322394853,0.6428571428571429
P02,30,2.0,2.25,2.125,14.854839769061547,9.49,34262,34262,0,1.0,0.0,0.16000000000000003,0.16000000000000003,0.1814634955539347,10794.0,10794.0,0.7619047619047619,0.9499144390902046,0.6
P02,30,2.25,2.5,2.375,14.854839769061547,9.49,25520,25520,0,1.0,0.0,0.15000000000000002,0.15000000000000002,0.1758237756401519,9252.0,9252.0,0.7142857142857142,0.9203919648197,0.5142857142857142
P02,30,2.5,2.75,2.625,14.854839769061547,9.49,21990,21990,0,1.0,0.0,0.18000000000000005,0.18000000000000005,0.1908412952521549,8738.0,8738.0,0.8571428571428572,0.9990047936711206,0.4857142857142857
P02,30,2.75,3.0,2.875,14.854839769061547,9.49,19452,19287,165,0.9915175817396669,0.008482418260333136,0.2700000000000001,0.30000000000000004,0.3290328125862985,7967.0,7967.0,1.2857142857142858,1.7224016249443896,0.44285714285714284
P02,30,3.0,3.25,3.125,14.854839769061547,9.49,15078,11851,3227,0.7859795728876509,0.21402042711234914,0.26000000000000006,0.3400000000000001,0.16982196492197837,6682.0,5654.0,1.2380952380952381,0.8889740388920864,0.37142857142857144
P02,30,3.25,3.5,3.375,14.854839769061547,9.49,15138,13280,1858,0.8772625181662043,0.12273748183379574,0.30000000000000004,0.4200000000000001,0.2372066593448944,6939.0,6425.0,1.4285714285714284,1.2417154760093059,0.38571428571428573
P02,30,3.5,3.75,3.625,14.854839769061547,9.49,14520,13852,668,0.9539944903581267,0.04600550964187333,0.4100000000000001,0.4900000000000001,0.6154246877601027,6425.0,6168.0,1.9523809523809523,3.2215889773937856,0.35714285714285715
P02,30,3.75,4.0,3.875,14.854839769061547,9.49,13775,13165,610,0.9557168784029038,0.04428312159709624,0.31000000000000005,0.3600000000000001,0.27379736970028684,6168.0,5911.0,1.476190476190476,1.433258375571846,0.34285714285714286
P02,30,4.0,4.25,4.125,14.854839769061547,9.49,11377,8442,2935,0.7420233805045267,0.25797661949547335,0.3500000000000001,0.45000000000000007,0.23477616996947212,5654.0,4112.0,1.6666666666666667,1.2289924931045555,0.3142857142857143
P02,30,4.25,4.5,4.375,14.854839769061547,9.49,7633,7177,456,0.940259399973798,0.05974060002620196,0.32000000000000006,0.4100000000000001,0.30945758998402706,5140.0,4883.0,1.5238095238095237,1.6199304004066928,0.2857142857142857
P02,30,4.5,4.75,4.625,14.854839769061547,9.49,7170,6717,453,0.9368200836820084,0.06317991631799158,0.2700000000000001,0.28,0.3378937687717534,4883.0,4883.0,1.2857142857142858,1.7687864374876239,0.2714285714285714
P02,30,4.75,5.0,4.875,14.854839769061547,9.49,6629,6628,1,0.9998491476844169,0.0001508523155830943,0.26000000000000006,0.2700000000000001,0.3398134041800461,4883.0,4883.0,1.2380952380952381,1.7788352320760872,0.2714285714285714
P02,30,5.0,5.25,5.125,14.854839769061547,9.49,6201,6201,0,1.0,0.0,0.25000000000000006,0.25000000000000006,0.3551295537787716,5397.0,5397.0,1.1904761904761905,1.8590113116268678,0.3
P02,30,5.25,5.5,5.375,14.854839769061547,9.49,8786,7711,1075,0.8776462554063282,0.12235374459367176,0.3400000000000001,0.4900000000000001,0.36627585214331077,5140.0,4626.0,1.619047619047619,1.9173592990640234,0.2857142857142857
P02,30,5.5,5.75,5.625,14.854839769061547,9.49,14927,8073,6854,0.5408320493066255,0.45916795069337446,0.44000000000000006,1.3200000000000003,0.3456142356707417,4883.0,3341.0,2.095238095238095,1.8092010837583785,0.2714285714285714
P02,30,5.75,6.0,5.875,14.854839769061547,9.49,29504,7721,21783,0.26169332971800435,0.7383066702819956,0.4000000000000001,1.7100000000000004,0.37555825157112144,4626.0,2827.0,1.9047619047619047,1.9659502579175592,0.2571428571428571
P02,30,6.0,6.25,6.125,14.854839769061547,9.49,28929,6270,22659,0.2167375298143731,0.7832624701856269,0.4100000000000001,1.9900000000000004,0.38676161906443507,4369.0,2827.0,1.9523809523809523,2.0245969874751815,0.24285714285714285
P02,30,6.25,6.5,6.375,14.854839769061547,9.49,21119,5342,15777,0.25294758274539514,0.7470524172546049,0.38000000000000006,1.9200000000000004,0.4813555793812141,4626.0,2313.0,1.8095238095238093,2.5197718901813135,0.2571428571428571
P02,30,6.5,6.75,6.625,14.854839769061547,9.49,21420,7560,13860,0.35294117647058826,0.6470588235294117,0.5300000000000001,1.9900000000000004,1.0834940693124726,4112.0,2313.0,2.5238095238095237,5.671811060217416,0.22857142857142856
P02,30,6.75,7.0,6.875,14.854839769061547,9.49,23845,11151,12694,0.4676452086391277,0.5323547913608724,1.1400000000000001,2.2700000000000005,1.6629899117193847,3855.0,2827.0,5.428571428571428,8.705321830054073,0.21428571428571427
P02,30,7.0,7.25,7.125,14.854839769061547,9.49,23350,14386,8964,0.6161027837259101,0.3838972162740899,1.1500000000000001,2.2900000000000005,2.3535636809412512,4112.0,3341.0,5.476190476190475,12.3202968014021,0.22857142857142856
P02,30,7.25,7.5,7.375,14.854839769061547,9.49,11924,4198,7726,0.3520630660852063,0.6479369339147937,0.4000000000000001,1.3400000000000003,2.152479230915334,4626.0,2827.0,1.9047619047619047,11.26767174327101,0.2571428571428571
P02,30,7.5,7.75,7.625,14.854839769061547,9.49,15453,5169,10284,0.33449815569792274,0.6655018443020773,0.56,1.3100000000000003,2.135671790829162,4369.0,2827.0,2.6666666666666665,11.179689143942909,0.24285714285714285
P02,30,7.75,8.0,7.875,14.854839769061547,9.49,16814,8115,8699,0.48263351968597595,0.5173664803140241,0.8000000000000002,1.5300000000000002,1.6984307232836313,4112.0,3084.0,3.8095238095238093,8.890845307022182,0.22857142857142856
P02,30,8.0,8.25,8.125,14.854839769061547,9.49,13699,6200,7499,0.4525877801299365,0.5474122198700635,0.8100000000000002,2.4000000000000004,1.685482303842795,4883.0,3084.0,3.857142857142857,8.823063682113547,0.2714285714285714
P02,30,8.25,8.5,8.375,14.854839769061547,9.49,31068,8448,22620,0.2719196601004249,0.7280803398995751,1.0600000000000003,4.110000000000001,1.3169170004111128,4369.0,2827.0,5.0476190476190474,6.8937196980318625,0.24285714285714285
P02,30,8.5,8.75,8.625,14.854839769061547,9.49,51824,7353,44471,0.14188406915714727,0.8581159308428528,1.0100000000000002,5.100000000000001,1.0877180416456893,4883.0,3341.0,4.809523809523809,5.693922462278705,0.2714285714285714
P02,30,8.75,9.0,8.875,14.854839769061547,9.49,47962,7190,40772,0.14991034569033818,0.8500896543096619,0.9700000000000002,5.270000000000001,1.5183931577622112,5140.0,3598.0,4.619047619047619,7.948395242642071,0.2857142857142857
P02,30,9.0,9.25,9.125,14.854839769061547,9.49,44314,5052,39262,0.11400460351130569,0.8859953964886943,0.7400000000000001,6.030000000000001,1.3741696193749056,4883.0,3341.0,3.5238095238095233,7.1934223421555235,0.2714285714285714
P02,30,9.25,9.5,9.375,14.854839769061547,9.49,49906,4788,45118,0.09594036789163628,0.9040596321083637,0.6100000000000001,5.780000000000001,1.1070625993683356,4369.0,3341.0,2.9047619047619047,5.795186215864307,0.24285714285714285
P02,30,9.5,9.75,9.625,14.854839769061547,9.49,28781,3106,25675,0.10791841840102846,0.8920815815989716,0.7000000000000002,4.720000000000001,2.10017118332602,4883.0,3084.0,3.3333333333333335,10.99385265070901,0.2714285714285714
P02,30,9.75,10.0,9.875,14.854839769061547,9.49,12976,4684,8292,0.36097410604192354,0.6390258939580764,0.6800000000000002,3.0800000000000005,1.9231892261903851,4369.0,2827.0,3.238095238095238,10.067397905481117,0.24285714285714285
P02,30,10.0,10.25,10.125,14.854839769061547,9.49,20142,5091,15051,0.252755436401549,0.747244563598451,0.8100000000000002,3.4700000000000006,1.1125868507622432,5654.0,2570.0,3.857142857142857,5.824104242314852,0.3142857142857143
P02,30,10.25,10.5,10.375,14.854839769061547,9.49,37239,7518,29721,0.20188512043825022,0.7981148795617498,1.2000000000000002,5.580000000000001,0.8248404699400156,5397.0,2570.0,5.7142857142857135,4.31782640332248,0.3
P02,30,10.5,10.75,10.625,14.854839769061547,9.49,40333,2366,37967,0.058661641831750676,0.9413383581682493,0.5900000000000001,7.520000000000001,0.97004069595767,6168.0,2827.0,2.8095238095238093,5.077912010801236,0.34285714285714286
P02,30,10.75,11.0,10.875,14.854839769061547,9.49,72546,2287,70259,0.031524825627877485,0.9684751743721225,0.6000000000000001,11.480000000000002,0.6066595840336491,5140.0,2570.0,2.8571428571428568,3.1757059276681896,0.2857142857142857
P02,30,11.0,11.25,11.125,14.854839769061547,9.49,105162,1297,103865,0.012333352351609896,0.9876666476483901,0.45000000000000007,15.060000000000002,0.876136169056737,5397.0,3084.0,2.142857142857143,4.586346113611636,0.3
P02,30,11.25,11.5,11.375,14.854839769061547,9.49,86738,453,86285,0.005222624455256058,0.994777375544744,0.30000000000000004,13.170000000000002,0.7979517926429526,5654.0,3855.0,1.4285714285714284,4.177071136074112,0.3142857142857143
P02,30,11.5,11.75,11.625,14.854839769061547,9.49,62418,120,62298,0.001922522349322311,0.9980774776506777,0.08000000000000002,13.140000000000002,1.1480679614668041,6168.0,3855.0,0.38095238095238093,6.00983867485367,0.34285714285714286
P02,30,11.75,12.0,11.875,14.854839769061547,9.49,43291,9,43282,0.0002078954055115382,0.9997921045944884,0.030000000000000006,12.030000000000003,3.4543499108404436,3598.0,3341.0,0.14285714285714285,18.08262784732931,0.2
P02,30,12.0,12.25,12.125,14.854839769061547,9.49,21189,23,21166,0.0010854688753598565,0.9989145311246401,0.07,8.580000000000002,0.7826258417377973,5397.0,3084.0,0.3333333333333333,4.096843749220608,0.3
P02,30,12.25,12.5,12.375,14.854839769061547,9.49,23230,196,23034,0.008437365475678003,0.991562634524322,0.11000000000000001,8.370000000000001,0.21208349756416284,6296.5,3084.0,0.5238095238095237,1.1102022255989887,0.35
P02,30,12.5,12.75,12.625,14.854839769061547,9.49,35396,30,35366,0.0008475533958639394,0.999152446604136,0.13000000000000003,10.760000000000002,0.7298854781640375,7838.5,3341.0,0.6190476190476191,3.8207615943571733,0.4357142857142857
P02,30,12.75,13.0,12.875,14.854839769061547,9.49,41888,21,41867,0.000501336898395722,0.9994986631016043,0.07,11.010000000000002,3.835178483423568,6425.0,3855.0,0.3333333333333333,20.076166871861663,0.35714285714285715
P02,30,13.0,13.25,13.125,14.854839769061547,9.49,36267,1,36266,2.7573275980919292e-05,0.9999724267240191,0.010000000000000002,10.700000000000003,,514.0,3855.0,0.047619047619047616,,0.02857142857142857
P02,30,13.25,13.5,13.375,14.854839769061547,9.49,24755,23,24732,0.0009291052312664108,0.9990708947687336,0.020000000000000004,9.680000000000001,0.05738667603584673,5140.0,4112.0,0.09523809523809523,0.30040439820382725,0.2857142857142857
P02,30,13.5,13.75,13.625,14.854839769061547,9.49,21331,280,21051,0.013126435703905115,0.9868735642960949,0.10000000000000002,9.290000000000001,3.3468040946463975,5525.5,4369.0,0.47619047619047616,17.51965333085913,0.30714285714285716
P02,30,13.75,14.0,13.875,14.854839769061547,9.49,17307,333,16974,0.01924076963078523,0.9807592303692148,0.09000000000000002,9.310000000000002,0.14699741119720813,5654.0,4369.0,0.4285714285714286,0.7694934068081243,0.3142857142857143
P02,30,14.0,14.25,14.125,14.854839769061547,9.49,12216,121,12095,0.009905042567125082,0.9900949574328749,0.07,7.770000000000001,0.14286357121001003,5140.0,4626.0,0.3333333333333333,0.7478538242532913,0.2857142857142857
P02,30,14.25,14.5,14.375,14.854839769061547,9.49,8374,0,8374,0.0,1.0,0.0,5.690000000000001,,,4626.0,0.0,,
P02,30,14.5,14.75,14.625,14.854839769061547,9.49,5511,0,5511,0.0,1.0,0.0,4.080000000000001,,,5140.0,0.0,,
P02,30,14.75,15.0,14.875,14.854839769061547,9.49,11752,0,11752,0.0,1.0,0.0,3.980000000000001,,,5140.0,0.0,,
P02,31,0.0,0.25,0.125,17.957347816785404,13.37,5558,5412,146,0.9737315581144297,0.026268441885570315,0.5800000000000001,0.6400000000000001,0.5027002075514307,6682.0,6682.0,1.487179487179487,1.1680448201597118,0.8125
P02,31,0.25,0.5,0.375,17.957347816785404,13.37,6412,6374,38,0.9940736119775421,0.005926388022457929,0.44000000000000006,0.4900000000000001,0.4586693793861752,7710.0,7710.0,1.1282051282051282,1.0657373613737369,0.9375
P02,31,0.5,0.75,0.625,17.957347816785404,13.37,6528,6528,0,1.0,0.0,0.39000000000000007,0.39000000000000007,0.43037749825618365,8224.0,8224.0,1.0,1.0,1.0
P02,31,0.75,1.0,0.875,17.957347816785404,13.37,6633,6633,0,1.0,0.0,0.3600000000000001,0.3600000000000001,0.4170851231748765,8481.0,8481.0,0.9230769230769231,0.969114614181351,1.03125
P02,31,1.0,1.25,1.125,17.957347816785404,13.37,6328,6328,0,1.0,0.0,0.3600000000000001,0.3600000000000001,0.3771740292999328,8481.0,8481.0,0.9230769230769231,0.8763795291997787,1.03125
P02,31,1.25,1.5,1.375,17.957347816785404,13.37,6755,6755,0,1.0,0.0,0.3500000000000001,0.3500000000000001,0.3685438913979751,8481.0,8481.0,0.8974358974358975,0.8563270451899837,1.03125
P02,31,1.5,1.75,1.625,17.957347816785404,13.37,6349,6349,0,1.0,0.0,0.3500000000000001,0.3500000000000001,0.354798534799761,8481.0,8481.0,0.8974358974358975,0.8243891379947702,1.03125
P02,31,1.75,2.0,1.875,17.957347816785404,13.37,6514,6514,0,1.0,0.0,0.32000000000000006,0.32000000000000006,0.35216473383490376,8481.0,8481.0,0.8205128205128205,0.8182693920147204,1.03125
P02,31,2.0,2.25,2.125,17.957347816785404,13.37,6683,6683,0,1.0,0.0,0.30000000000000004,0.30000000000000004,0.3404060799885069,7967.0,7967.0,0.7692307692307692,0.7909476712137005,0.96875
P02,31,2.25,2.5,2.375,17.957347816785404,13.37,6633,6633,0,1.0,0.0,0.33000000000000007,0.33000000000000007,0.3296149248029967,7967.0,7967.0,0.8461538461538461,0.7658739737522064,0.96875
P02,31,2.5,2.75,2.625,17.957347816785404,13.37,6845,6845,0,1.0,0.0,0.31000000000000005,0.31000000000000005,0.3353902200541032,8224.0,8224.0,0.7948717948717948,0.7792931122399458,1.0
P02,31,2.75,3.0,2.875,17.957347816785404,13.37,6910,6910,0,1.0,0.0,0.38000000000000006,0.38000000000000006,0.32695037795885934,7967.0,7967.0,0.9743589743589743,0.7596827884441139,0.96875
P02,31,3.0,3.25,3.125,17.957347816785404,13.37,6827,6827,0,1.0,0.0,0.30000000000000004,0.30000000000000004,0.32341459486937857,7967.0,7967.0,0.7692307692307692,0.7514672495188514,0.96875
P02,31,3.25,3.5,3.375,17.957347816785404,13.37,7235,7235,0,1.0,0.0,0.31000000000000005,0.31000000000000005,0.3269473926684851,7967.0,7967.0,0.7948717948717948,0.7596758519978862,0.96875
P02,31,3.5,3.75,3.625,17.957347816785404,13.37,6913,6912,1,0.9998553450021698,0.00014465499783022917,0.30000000000000004,0.30000000000000004,0.31595482158549887,8224.0,8224.0,0.7692307692307692,0.7341341563294875,1.0
P02,31,3.75,4.0,3.875,17.957347816785404,13.37,6952,6952,0,1.0,0.0,0.32000000000000006,0.32000000000000006,0.31645552563301865,8224.0,8224.0,0.8205128205128205,0.7352975629888704,1.0
P02,31,4.0,4.25,4.125,17.957347816785404,13.37,6831,6831,0,1.0,0.0,0.3500000000000001,0.3500000000000001,0.3090097086515451,8224.0,8224.0,0.8974358974358975,0.7179968978480515,1.0
P02,31,4.25,4.5,4.375,17.957347816785404,13.37,6865,6865,0,1.0,0.0,0.31000000000000005,0.31000000000000005,0.30339578062345596,7967.0,7967.0,0.7948717948717948,0.7049527028080325,0.96875
P02,31,4.5,4.75,4.625,17.957347816785404,13.37,7191,7191,0,1.0,0.0,0.32000000000000006,0.32000000000000006,0.3021340765568004,7967.0,7967.0,0.8205128205128205,0.7020210809835464,0.96875
P02,31,4.75,5.0,4.875,17.957347816785404,13.37,6800,6799,1,0.9998529411764706,0.00014705882352938904,0.3400000000000001,0.3400000000000001,0.2990476550039242,7967.0,7967.0,0.8717948717948718,0.6948496522602005,0.96875
P02,31,5.0,5.25,5.125,17.957347816785404,13.37,7019,7019,0,1.0,0.0,0.31000000000000005,0.31000000000000005,0.30320966316386155,7967.0,7967.0,0.7948717948717948,0.7045202511572177,0.96875
P02,31,5.25,5.5,5.375,17.957347816785404,13.37,7024,7024,0,1.0,0.0,0.3400000000000001,0.3400000000000001,0.29467134170729387,7710.0,7710.0,0.8717948717948718,0.6846811064733913,0.9375
P02,31,5.5,5.75,5.625,17.957347816785404,13.37,7143,7143,0,1.0,0.0,0.28,0.28,0.3013149513536846,7710.0,7710.0,0.7179487179487178,0.7001178095382808,0.9375
P02,31,5.75,6.0,5.875,17.957347816785404,13.37,6927,6927,0,1.0,0.0,0.33000000000000007,0.33000000000000007,0.2995905528339375,7710.0,7710.0,0.8461538461538461,0.696111097926419,0.9375
P02,31,6.0,6.25,6.125,17.957347816785404,13.37,7316,7316,0,1.0,0.0,0.31000000000000005,0.31000000000000005,0.3044318475986268,7710.0,7710.0,0.7948717948717948,0.7073600474749093,0.9375
P02,31,6.25,6.5,6.375,17.957347816785404,13.37,6921,6921,0,1.0,0.0,0.33000000000000007,0.33000000000000007,0.3016289106762205,7710.0,7710.0,0.8461538461538461,0.7008473070696528,0.9375
P02,31,6.5,6.75,6.625,17.957347816785404,13.37,7598,7598,0,1.0,0.0,0.3600000000000001,0.3600000000000001,0.3242230714464238,7710.0,7710.0,0.9230769230769231,0.7533457784389762,0.9375
P02,31,6.75,7.0,6.875,17.957347816785404,13.37,7469,7469,0,1.0,0.0,0.39000000000000007,0.39000000000000007,0.37129637757428724,7453.0,7453.0,1.0,0.8627225611903897,0.90625
P02,31,7.0,7.25,7.125,17.957347816785404,13.37,7903,7903,0,1.0,0.0,0.4000000000000001,0.4000000000000001,0.46734676633758176,7196.0,7196.0,1.0256410256410255,1.085899630513192,0.875
P02,31,7.25,7.5,7.375,17.957347816785404,13.37,6751,6751,0,1.0,0.0,0.39000000000000007,0.39000000000000007,0.5098412901366136,7453.0,7453.0,1.0,1.1846374222685985,0.90625
P02,31,7.5,7.75,7.625,17.957347816785404,13.37,6388,6388,0,1.0,0.0,0.29000000000000004,0.29000000000000004,0.29795502564486676,7710.0,7710.0,0.7435897435897435,0.6923108825441149,0.9375
P02,31,7.75,8.0,7.875,17.957347816785404,13.37,6313,6311,2,0.9996831934104229,0.00031680658957711216,0.39000000000000007,0.4000000000000001,0.3012324682109915,7453.0,7453.0,1.0,0.6999261565289406,0.90625
P02,31,8.0,8.25,8.125,17.957347816785404,13.37,8120,7864,256,0.9684729064039409,0.0315270935960591,0.5300000000000001,0.6000000000000001,3.695039979481891,6682.0,6682.0,1.358974358974359,8.585578926532088,0.8125
P02,31,8.25,8.5,8.375,17.957347816785404,13.37,7378,7250,128,0.9826511249661155,0.017348875033884492,0.5800000000000001,0.6300000000000001,3.3616990267683735,6682.0,6682.0,1.487179487179487,7.811047372107988,0.8125
P02,31,8.5,8.75,8.625,17.957347816785404,13.37,6169,6054,115,0.9813584049278651,0.01864159507213492,0.4800000000000001,0.5000000000000001,3.4119887958246946,6939.0,6682.0,1.2307692307692308,7.927897740122316,0.84375
P02,31,8.75,9.0,8.875,17.957347816785404,13.37,5300,5299,1,0.999811320754717,0.00018867924528298552,0.32000000000000006,0.32000000000000006,0.278001798326746,7453.0,7453.0,0.8205128205128205,0.6459487297852744,0.90625
P02,31,9.0,9.25,9.125,17.957347816785404,13.37,5055,5043,12,0.997626112759644,0.002373887240356032,0.37000000000000005,0.37000000000000005,0.28355704924926933,7196.0,7196.0,0.9487179487179487,0.6588565861323936,0.875
P02,31,9.25,9.5,9.375,17.957347816785404,13.37,5327,5263,64,0.9879857330580064,0.01201426694199359,0.4100000000000001,0.4100000000000001,0.2934799822432212,7196.0,7196.0,1.0512820512820513,0.6819129332559256,0.875
P02,31,9.5,9.75,9.625,17.957347816785404,13.37,5292,5144,148,0.9720332577475435,0.027966742252456545,0.3600000000000001,0.4000000000000001,0.2908735977046446,7453.0,7196.0,0.9230769230769231,0.6758568904815305,0.90625
P02,31,9.75,10.0,9.875,17.957347816785404,13.37,4986,4479,507,0.898315282791817,0.10168471720818295,0.4000000000000001,0.4800000000000001,0.28959022756833763,7196.0,6939.0,1.0256410256410255,0.6728749266439531,0.875
P02,31,10.0,10.25,10.125,17.957347816785404,13.37,5145,4723,422,0.9179786200194363,0.08202137998056369,0.4900000000000001,0.56,0.6572607524606711,6682.0,6425.0,1.2564102564102564,1.5271726684684486,0.8125
P02,31,10.25,10.5,10.375,17.957347816785404,13.37,4762,4698,64,0.9865602687946241,0.013439731205375893,0.4600000000000001,0.5400000000000001,0.46115953413840743,6682.0,6682.0,1.1794871794871795,1.0715233394100467,0.8125
P02,31,10.5,10.75,10.625,17.957347816785404,13.37,5938,4843,1095,0.8155944762546312,0.18440552374536878,0.6200000000000001,0.8500000000000002,0.5598668978838014,6425.0,5911.0,1.5897435897435896,1.3008740005048747,0.78125
P02,31,10.75,11.0,10.875,17.957347816785404,13.37,7567,5853,1714,0.7734901546187393,0.22650984538126073,0.6300000000000001,0.9400000000000002,1.0299361003077707,5397.0,4883.0,1.6153846153846154,2.3930993243859087,0.65625
P02,31,11.0,11.25,11.125,17.957347816785404,13.37,8299,4240,4059,0.510904928304615,0.489095071695385,0.5400000000000001,1.3000000000000003,0.7180328937625888,6168.0,4883.0,1.3846153846153848,1.6683792639530084,0.75
P02,31,11.25,11.5,11.375,17.957347816785404,13.37,8247,2488,5759,0.3016854613798957,0.6983145386201043,0.5000000000000001,1.5600000000000003,0.8304861702384578,6425.0,4883.0,1.2820512820512822,1.9296691244394664,0.78125
P02,31,11.5,11.75,11.625,17.957347816785404,13.37,9860,2689,7171,0.2727180527383367,0.7272819472616633,0.4800000000000001,2.0800000000000005,0.48307887221450807,5911.0,4369.0,1.2307692307692308,1.1224538322097726,0.71875
P02,31,11.75,12.0,11.875,17.957347816785404,13.37,12141,2021,10120,0.1664607528210197,0.8335392471789803,0.5000000000000001,2.6200000000000006,1.1092529023295954,6425.0,2570.0,1.2820512820512822,2.5773952096103985,0.78125
P02,31,12.0,12.25,12.125,17.957347816785404,13.37,14751,1942,12809,0.131652091383635,0.868347908616365,0.4700000000000001,4.390000000000001,0.6974752111721583,6168.0,3084.0,1.205128205128205,1.6206126342529734,0.75
P02,31,12.25,12.5,12.375,17.957347816785404,13.37,31315,1666,29649,0.05320134121028261,0.9467986587897174,0.44000000000000006,6.380000000000002,0.32193942037000967,6682.0,3341.0,1.1282051282051282,0.7480396202739534,0.8125
P02,31,12.5,12.75,12.625,17.957347816785404,13.37,31136,1207,29929,0.03876541623843782,0.9612345837615621,0.29000000000000004,8.96,0.3248242603736892,6939.0,3341.0,0.7435897435897435,0.7547426658917388,0.84375
P02,31,12.75,13.0,12.875,17.957347816785404,13.37,40580,782,39798,0.019270576638738296,0.9807294233612617,0.5400000000000001,10.360000000000001,1.2562978871030555,5397.0,3341.0,1.3846153846153848,2.919060341661357,0.65625
P02,31,13.0,13.25,13.125,17.957347816785404,13.37,47368,594,46774,0.01254011146765749,0.9874598885323425,0.5000000000000001,13.030000000000003,1.2200098273692626,6425.0,2827.0,1.2820512820512822,2.8347435270490084,0.78125
P02,31,13.25,13.5,13.375,17.957347816785404,13.37,38769,231,38538,0.005958368799814285,0.9940416312001857,0.26000000000000006,12.080000000000002,1.4915621922843159,6425.0,2570.0,0.6666666666666667,3.465706730319015,0.78125
P02,31,13.5,13.75,13.625,17.957347816785404,13.37,21966,31,21935,0.0014112719657652737,0.9985887280342347,0.11000000000000001,8.680000000000001,1.305683577784337,5654.0,2570.0,0.28205128205128205,3.033810046005529,0.6875
P02,31,13.75,14.0,13.875,17.957347816785404,13.37,13619,112,13507,0.008223804978339085,0.9917761950216609,0.13000000000000003,5.960000000000001,0.2788330252846364,6939.0,3084.0,0.33333333333333337,0.6478801201606039,0.84375
P02,31,14.0,14.25,14.125,17.957347816785404,13.37,11699,123,11576,0.010513719121292418,0.9894862808787076,0.10000000000000002,8.270000000000001,0.15687249823723026,6425.0,2827.0,0.2564102564102564,0.364499767931295,0.78125
P02,31,14.25,14.5,14.375,17.957347816785404,13.37,27974,39,27935,0.0013941517123042826,0.9986058482876957,0.08000000000000002,14.450000000000003,0.3539160165921488,4112.0,2570.0,0.20512820512820512,0.8223385702694872,0.5
P02,31,14.5,14.75,14.625,17.957347816785404,13.37,42068,223,41845,0.0053009413330797756,0.9946990586669202,0.18000000000000005,16.810000000000002,0.3316825570092139,5911.0,2827.0,0.46153846153846156,0.7706782030964331,0.71875
P02,31,14.75,15.0,14.875,17.957347816785404,13.37,30572,2,30570,6.541933795629989e-05,0.9999345806620437,0.010000000000000002,17.380000000000003,0.008845903054854573,1028.0,2827.0,0.02564102564102564,0.020553823307902168,0.125
P02,31,15.0,15.25,15.125,17.957347816785404,13.37,22248,0,22248,0.0,1.0,0.0,16.610000000000003,,,2827.0,0.0,,
P02,31,15.25,15.5,15.375,17.957347816785404,13.37,19615,13,19602,0.000662758093295947,0.999337241906704,0.07,15.300000000000002,0.7469080896851795,7967.0,2827.0,0.17948717948717946,1.7354719814849149,0.96875
P02,31,15.5,15.75,15.625,17.957347816785404,13.37,21306,1,21305,4.693513564254201e-05,0.9999530648643574,0.010000000000000002,14.820000000000002,,23130.0,3341.0,0.02564102564102564,,2.8125
P02,31,15.75,16.0,15.875,17.957347816785404,13.37,21217,0,21217,0.0,1.0,0.0,16.230000000000004,,,3341.0,0.0,,
P02,31,16.0,16.25,16.125,17.957347816785404,13.37,14366,0,14366,0.0,1.0,0.0,15.170000000000003,,,3084.0,0.0,,
P02,31,16.25,16.5,16.375,17.957347816785404,13.37,9181,0,9181,0.0,1.0,0.0,11.830000000000002,,,3084.0,0.0,,
P02,31,16.5,16.75,16.625,17.957347816785404,13.37,4501,0,4501,0.0,1.0,0.0,6.530000000000001,,,3341.0,0.0,,
P02,31,16.75,17.0,16.875,17.957347816785404,13.37,2016,0,2016,0.0,1.0,0.0,4.510000000000001,,,3084.0,0.0,,
P02,31,17.0,17.25,17.125,17.957347816785404,13.37,1713,0,1713,0.0,1.0,0.0,4.510000000000001,,,2827.0,0.0,,
P02,31,17.25,17.5,17.375,17.957347816785404,13.37,1555,0,1555,0.0,1.0,0.0,4.660000000000001,,,3084.0,0.0,,
P02,31,17.5,17.75,17.625,17.957347816785404,13.37,1288,0,1288,0.0,1.0,0.0,3.8600000000000008,,,3084.0,0.0,,
P02,31,17.75,18.0,17.875,17.957347816785404,13.37,4767,0,4767,0.0,1.0,0.0,6.7200000000000015,,,3084.0,0.0,,
P02,32,0.0,0.25,0.125,17.590340833540886,11.62,12756,12756,0,1.0,0.0,0.5100000000000001,0.5100000000000001,0.4568916718926399,7967.0,7967.0,1.1590909090909092,1.081407222304546,0.8857142857142857
P02,32,0.25,0.5,0.375,17.590340833540886,11.62,14753,14753,0,1.0,0.0,0.4600000000000001,0.4600000000000001,0.4315738642673109,8995.0,8995.0,1.0454545454545454,1.0214830396081684,1.0
P02,32,0.5,0.75,0.625,17.590340833540886,11.62,15321,15321,0,1.0,0.0,0.44000000000000006,0.44000000000000006,0.4224973372371006,8995.0,8995.0,1.0,1.0,1.0
P02,32,0.75,1.0,0.875,17.590340833540886,11.62,15946,15946,0,1.0,0.0,0.39000000000000007,0.39000000000000007,0.41040376442013327,8995.0,8995.0,0.8863636363636364,0.9713759786131373,1.0
P02,32,1.0,1.25,1.125,17.590340833540886,11.62,16658,16658,0,1.0,0.0,0.3600000000000001,0.3600000000000001,0.4070104416919867,8995.0,8995.0,0.8181818181818183,0.9633443949105345,1.0
P02,32,1.25,1.5,1.375,17.590340833540886,11.62,18785,18785,0,1.0,0.0,0.4100000000000001,0.4100000000000001,0.39655945327958847,8995.0,8995.0,0.9318181818181819,0.9386081717647463,1.0
P02,32,1.5,1.75,1.625,17.590340833540886,11.62,17956,17956,0,1.0,0.0,0.4000000000000001,0.4000000000000001,0.3775208600631028,8738.0,8738.0,0.9090909090909092,0.8935461286735696,0.9714285714285714
P02,32,1.75,2.0,1.875,17.590340833540886,11.62,18037,18037,0,1.0,0.0,0.38000000000000006,0.38000000000000006,0.37505199612195095,8738.0,8738.0,0.8636363636363636,0.8877026268960273,0.9714285714285714
P02,32,2.0,2.25,2.125,17.590340833540886,11.62,17395,17395,0,1.0,0.0,0.3600000000000001,0.3600000000000001,0.374186450284914,8481.0,8481.0,0.8181818181818183,0.8856539847845831,0.9428571428571428
P02,32,2.25,2.5,2.375,17.590340833540886,11.62,16429,16428,1,0.9999391320226428,6.086797735715965e-05,0.38000000000000006,0.38000000000000006,0.36891415011769485,8481.0,8481.0,0.8636363636363636,0.8731750891737917,0.9428571428571428
P02,32,2.5,2.75,2.625,17.590340833540886,11.62,15147,15147,0,1.0,0.0,0.3600000000000001,0.3600000000000001,0.36898373695711945,8481.0,8481.0,0.8181818181818183,0.8733397927903391,0.9428571428571428
P02,32,2.75,3.0,2.875,17.590340833540886,11.62,14108,14108,0,1.0,0.0,0.3600000000000001,0.3600000000000001,0.36368227884144794,8224.0,8224.0,0.8181818181818183,0.860791883848853,0.9142857142857143
P02,32,3.0,3.25,3.125,17.590340833540886,11.62,13653,13653,0,1.0,0.0,0.33000000000000007,0.33000000000000007,0.3683682937365768,7967.0,7967.0,0.7500000000000001,0.8718831132652862,0.8857142857142857
P02,32,3.25,3.5,3.375,17.590340833540886,11.62,12235,12235,0,1.0,0.0,0.32000000000000006,0.32000000000000006,0.3621728856402155,7710.0,7710.0,0.7272727272727273,0.8572193330462774,0.8571428571428571
P02,32,3.5,3.75,3.625,17.590340833540886,11.62,11658,11658,0,1.0,0.0,0.31000000000000005,0.31000000000000005,0.35641240132518087,7453.0,7453.0,0.7045454545454546,0.8435849647146211,0.8285714285714286
P02,32,3.75,4.0,3.875,17.590340833540886,11.62,10169,10169,0,1.0,0.0,0.3500000000000001,0.3500000000000001,0.345691764707133,6682.0,6682.0,0.7954545454545455,0.8182105169413998,0.7428571428571429
P02,32,4.0,4.25,4.125,17.590340833540886,11.62,9716,9716,0,1.0,0.0,0.3500000000000001,0.3500000000000001,0.3408306030866378,6939.0,6939.0,0.7954545454545455,0.8067047364498954,0.7714285714285715
P02,32,4.25,4.5,4.375,17.590340833540886,11.62,9372,9372,0,1.0,0.0,0.32000000000000006,0.32000000000000006,0.34105409843306406,6682.0,6682.0,0.7272727272727273,0.8072337228522424,0.7428571428571429
P02,32,4.5,4.75,4.625,17.590340833540886,11.62,8541,8541,0,1.0,0.0,0.30000000000000004,0.30000000000000004,0.33186895017719126,6425.0,6425.0,0.6818181818181819,0.7854935899653973,0.7142857142857143
P02,32,4.75,5.0,4.875,17.590340833540886,11.62,8427,8427,0,1.0,0.0,0.3500000000000001,0.3500000000000001,0.3346130591439499,6682.0,6682.0,0.7954545454545455,0.7919885633650016,0.7428571428571429
P02,32,5.0,5.25,5.125,17.590340833540886,11.62,7904,7904,0,1.0,0.0,0.3500000000000001,0.3500000000000001,0.3148405151217384,6682.0,6682.0,0.7954545454545455,0.7451893476551157,0.7428571428571429
P02,32,5.25,5.5,5.375,17.590340833540886,11.62,7516,7516,0,1.0,0.0,0.29000000000000004,0.29000000000000004,0.31856239563703276,6939.0,6939.0,0.6590909090909091,0.7539985878260322,0.7714285714285715
P02,32,5.5,5.75,5.625,17.590340833540886,11.62,7140,7140,0,1.0,0.0,0.3400000000000001,0.3400000000000001,0.3116222071211863,7196.0,7196.0,0.7727272727272728,0.7375720026048532,0.8
P02,32,5.75,6.0,5.875,17.590340833540886,11.62,6911,6911,0,1.0,0.0,0.31000000000000005,0.31000000000000005,0.3095197871033105,7196.0,7196.0,0.7045454545454546,0.732595829188887,0.8
P02,32,6.0,6.25,6.125,17.590340833540886,11.62,6422,6422,0,1.0,0.0,0.3400000000000001,0.3400000000000001,0.3036577018507434,7196.0,7196.0,0.7727272727272728,0.7187209837498556,0.8
P02,32,6.25,6.5,6.375,17.590340833540886,11.62,6647,6615,32,0.995185798104408,0.004814201895592007,0.3500000000000001,0.3500000000000001,0.29049956915789704,6939.0,6939.0,0.7954545454545455,0.6875772781376657,0.7714285714285715
P02,32,6.5,6.75,6.625,17.590340833540886,11.62,6127,6127,0,1.0,0.0,0.31000000000000005,0.31000000000000005,0.3026957219490492,7196.0,7196.0,0.7045454545454546,0.7164440938930223,0.8
P02,32,6.75,7.0,6.875,17.590340833540886,11.62,5774,5774,0,1.0,0.0,0.30000000000000004,0.30000000000000004,0.2765437577821901,6939.0,6939.0,0.6818181818181819,0.6545455637439839,0.7714285714285715
P02,32,7.0,7.25,7.125,17.590340833540886,11.62,5701,5701,0,1.0,0.0,0.32000000000000006,0.32000000000000006,0.27895877863844476,7196.0,7196.0,0.7272727272727273,0.6602616254641537,0.8
P02,32,7.25,7.5,7.375,17.590340833540886,11.62,5138,5138,0,1.0,0.0,0.32000000000000006,0.32000000000000006,0.2781846508960413,7196.0,7196.0,0.7272727272727273,0.6584293589048759,0.8
P02,32,7.5,7.75,7.625,17.590340833540886,11.62,5158,5158,0,1.0,0.0,0.30000000000000004,0.30000000000000004,0.2696488447189704,7196.0,7196.0,0.6818181818181819,0.6382261400327988,0.8
P02,32,7.75,8.0,7.875,17.590340833540886,11.62,4840,4840,0,1.0,0.0,0.33000000000000007,0.33000000000000007,0.2544672871781368,7196.0,7196.0,0.7500000000000001,0.6022932329993189,0.8
P02,32,8.0,8.25,8.125,17.590340833540886,11.62,4845,4845,0,1.0,0.0,0.33000000000000007,0.33000000000000007,0.26490451090392114,7196.0,7196.0,0.7500000000000001,0.6269968767998645,0.8
P02,32,8.25,8.5,8.375,17.590340833540886,11.62,4679,4679,0,1.0,0.0,0.38000000000000006,0.38000000000000006,0.2799721306848997,6939.0,6939.0,0.8636363636363636,0.6626601069624791,0.7714285714285715
P02,32,8.5,8.75,8.625,17.590340833540886,11.62,5404,5393,11,0.9979644707623982,0.002035529237601752,0.4300000000000001,0.44000000000000006,0.550412330520965,6682.0,6682.0,0.9772727272727274,1.3027592886628776,0.7428571428571429
P02,32,8.75,9.0,8.875,17.590340833540886,11.62,4486,4484,2,0.9995541685242978,0.0004458314757022075,0.4200000000000001,0.4200000000000001,0.3303646771319879,6939.0,6939.0,0.9545454545454546,0.781933157951694,0.7714285714285715
P02,32,9.0,9.25,9.125,17.590340833540886,11.62,5181,5181,0,1.0,0.0,0.45000000000000007,0.45000000000000007,0.41738711051141747,6168.0,6168.0,1.0227272727272727,0.9879047125856433,0.6857142857142857
P02,32,9.25,9.5,9.375,17.590340833540886,11.62,3921,3899,22,0.9943891864320327,0.005610813567967332,0.3500000000000001,0.4000000000000001,0.2514619219538642,6939.0,6939.0,0.7954545454545455,0.5951798976966017,0.7714285714285715
P02,32,9.5,9.75,9.625,17.590340833540886,11.62,7503,6105,1398,0.8136745301879248,0.1863254698120752,0.7600000000000001,1.0200000000000002,0.8727061351241384,5911.0,5140.0,1.7272727272727273,2.065589669348344,0.6571428571428571
P02,32,9.75,10.0,9.875,17.590340833540886,11.62,7359,5217,2142,0.7089278434569914,0.29107215654300855,0.9200000000000002,1.4500000000000002,0.8856338964571664,5911.0,5140.0,2.090909090909091,2.096188113867707,0.6571428571428571
P02,32,10.0,10.25,10.125,17.590340833540886,11.62,11040,8878,2162,0.8041666666666667,0.1958333333333333,1.4800000000000002,2.1200000000000006,1.4293922303018771,5140.0,4369.0,3.3636363636363638,3.3831981987136617,0.5714285714285714
P02,32,10.25,10.5,10.375,17.590340833540886,11.62,7957,6612,1345,0.8309664446399396,0.16903355536006037,1.0000000000000002,1.3300000000000003,1.055616227590661,5654.0,4626.0,2.272727272727273,2.4985156935989434,0.6285714285714286
P02,32,10.5,10.75,10.625,17.590340833540886,11.62,6581,5122,1459,0.7783011700349491,0.22169882996505086,0.9500000000000002,1.4400000000000004,1.2536603577577263,5397.0,4626.0,2.159090909090909,2.9672621511793973,0.6
P02,32,10.75,11.0,10.875,17.590340833540886,11.62,10700,7893,2807,0.7376635514018691,0.2623364485981309,1.1500000000000001,1.9400000000000004,1.4799931078789534,5140.0,4369.0,2.6136363636363638,3.5029643442424785,0.5714285714285714
P02,32,11.0,11.25,11.125,17.590340833540886,11.62,11097,3226,7871,0.2907092006848698,0.7092907993151303,0.6900000000000002,4.3100000000000005,0.6190928613116593,5911.0,2313.0,1.5681818181818183,1.4653177824981927,0.6571428571428571
P02,32,11.25,11.5,11.375,17.590340833540886,11.62,42144,7776,34368,0.1845102505694761,0.8154897494305239,1.4300000000000004,8.720000000000002,1.135540341891663,5397.0,2570.0,3.2500000000000004,2.687686387131976,0.6
P02,32,11.5,11.75,11.625,17.590340833540886,11.62,64781,5948,58833,0.09181704512125469,0.9081829548787453,1.2100000000000002,11.610000000000003,1.8550557558279568,5654.0,2570.0,2.75,4.3906921827223755,0.6285714285714286
P02,32,11.75,12.0,11.875,17.590340833540886,11.62,51707,4041,47666,0.07815189432765389,0.9218481056723461,0.8400000000000002,11.920000000000002,0.755413793907457,5911.0,2056.0,1.9090909090909092,1.7879729109003297,0.6571428571428571
P02,32,12.0,12.25,12.125,17.590340833540886,11.62,28045,2285,25760,0.08147619896594759,0.9185238010340524,0.7600000000000001,11.870000000000003,0.7558925467847827,6168.0,2056.0,1.7272727272727273,1.7891060609468044,0.6857142857142857
P02,32,12.25,12.5,12.375,17.590340833540886,11.62,54691,5583,49108,0.10208260957013036,0.8979173904298696,1.1400000000000001,16.790000000000003,0.9379104412774283,5911.0,2570.0,2.590909090909091,2.219920360707703,0.6571428571428571
P02,32,12.5,12.75,12.625,17.590340833540886,11.62,84217,3365,80852,0.03995630335917926,0.9600436966408208,1.0200000000000002,22.140000000000004,1.7538099807486938,5911.0,2827.0,2.3181818181818183,4.151055701836237,0.6571428571428571
P02,32,12.75,13.0,12.875,17.590340833540886,11.62,89001,2249,86752,0.02526937899574162,0.9747306210042583,0.6800000000000002,25.350000000000005,2.3327176663089486,5654.0,2570.0,1.5454545454545456,5.521260042876565,0.6285714285714286
P02,32,13.0,13.25,13.125,17.590340833540886,11.62,68987,1522,67465,0.022062127647237886,0.9779378723527621,0.4100000000000001,23.860000000000003,0.36769115382467604,5654.0,2570.0,0.9318181818181819,0.8702804051480496,0.6285714285714286
P02,32,13.25,13.5,13.375,17.590340833540886,11.62,60577,1299,59278,0.021443782293609787,0.9785562177063902,0.44000000000000006,22.470000000000006,0.42056809862428823,5911.0,2827.0,1.0,0.9954337259841008,0.6571428571428571
P02,32,13.5,13.75,13.625,17.590340833540886,11.62,51889,95,51794,0.001830831197363603,0.9981691688026364,0.14,21.960000000000004,0.4331476055239942,6682.0,2827.0,0.3181818181818182,1.025207894460449,0.7428571428571429
P02,32,13.75,14.0,13.875,17.590340833540886,11.62,39453,119,39334,0.0030162471801890856,0.9969837528198109,0.22000000000000003,21.240000000000006,1.3860610758425622,6682.0,2827.0,0.5,3.280638606876523,0.7428571428571429
P02,32,14.0,14.25,14.125,17.590340833540886,11.62,32470,52,32418,0.0016014782876501387,0.9983985217123499,0.10000000000000002,20.100000000000005,1.1896842386060358,6168.0,2570.0,0.2272727272727273,2.8158384296239927,0.6857142857142857
P02,32,14.25,14.5,14.375,17.590340833540886,11.62,19021,0,19021,0.0,1.0,0.0,17.180000000000003,,,2827.0,0.0,,
P02,32,14.5,14.75,14.625,17.590340833540886,11.62,14003,78,13925,0.005570234949653646,0.9944297650503463,0.07,15.340000000000003,0.2755227833151841,7581.5,3084.0,0.1590909090909091,0.6521290408998812,0.8428571428571429
P02,32,14.75,15.0,14.875,17.590340833540886,11.62,18430,0,18430,0.0,1.0,0.0,17.330000000000002,,,3084.0,0.0,,
P02,32,15.0,15.25,15.125,17.590340833540886,11.62,15314,1,15313,6.52997257411519e-05,0.9999347002742589,0.010000000000000002,16.960000000000004,,771.0,2827.0,0.022727272727272728,,0.08571428571428572
P02,32,15.25,15.5,15.375,17.590340833540886,11.62,14236,0,14236,0.0,1.0,0.0,15.090000000000003,,,2827.0,0.0,,
P02,32,15.5,15.75,15.625,17.590340833540886,11.62,9901,15,9886,0.001514998485001515,0.9984850015149985,0.020000000000000004,14.000000000000004,0.0563034213124668,7967.0,3084.0,0.045454545454545456,0.1332633755295598,0.8857142857142857
P02,32,15.75,16.0,15.875,17.590340833540886,11.62,5328,0,5328,0.0,1.0,0.0,10.390000000000002,,,3084.0,0.0,,
P02,32,16.0,16.25,16.125,17.590340833540886,11.62,4211,0,4211,0.0,1.0,0.0,7.510000000000002,,,3084.0,0.0,,
P02,32,16.25,16.5,16.375,17.590340833540886,11.62,6409,0,6409,0.0,1.0,0.0,7.850000000000001,,,3341.0,0.0,,
P02,32,16.5,16.75,16.625,17.590340833540886,11.62,6244,0,6244,0.0,1.0,0.0,7.170000000000002,,,3341.0,0.0,,
P02,32,16.75,17.0,16.875,17.590340833540886,11.62,3487,0,3487,0.0,1.0,0.0,5.690000000000001,,,3341.0,0.0,,
P02,32,17.0,17.25,17.125,17.590340833540886,11.62,3587,0,3587,0.0,1.0,0.0,5.6800000000000015,,,3598.0,0.0,,
P02,32,17.25,17.5,17.375,17.590340833540886,11.62,3290,0,3290,0.0,1.0,0.0,5.300000000000001,,,3598.0,0.0,,
P02,32,17.5,17.75,17.625,17.590340833540886,11.62,7215,0,7215,0.0,1.0,0.0,8.110000000000001,,,3598.0,0.0,,
P02,33,0.0,0.25,0.125,17.369699484175513,12.22,8428,7912,516,0.9387755102040817,0.061224489795918324,0.45000000000000007,0.4900000000000001,0.3995403565695161,8995.0,8738.0,1.2857142857142856,1.2370239630264332,0.9459459459459459
P02,33,0.25,0.5,0.375,17.369699484175513,12.22,9058,9053,5,0.9994480017663944,0.0005519982336056328,0.3400000000000001,0.3600000000000001,0.3406678726394151,9766.0,9766.0,0.9714285714285714,1.0547478244913455,1.027027027027027
P02,33,0.5,0.75,0.625,17.369699484175513,12.22,9480,9477,3,0.9996835443037975,0.00031645569620253333,0.3500000000000001,0.3500000000000001,0.3229851389394455,9509.0,9509.0,1.0,1.0,1.0
P02,33,0.75,1.0,0.875,17.369699484175513,12.22,9767,9766,1,0.9998976144158902,0.0001023855841097987,0.37000000000000005,0.37000000000000005,0.31212817871672927,9252.0,9252.0,1.057142857142857,0.9663855734713795,0.972972972972973
P02,33,1.0,1.25,1.125,17.369699484175513,12.22,9989,9982,7,0.9992992291520673,0.0007007708479327412,0.3400000000000001,0.3600000000000001,0.3030562653797729,9509.0,9509.0,0.9714285714285714,0.9382978621706526,1.0
P02,33,1.25,1.5,1.375,17.369699484175513,12.22,10511,10502,9,0.9991437541623062,0.0008562458376938364,0.3400000000000001,0.3500000000000001,0.29175280602206677,9252.0,9252.0,0.9714285714285714,0.9033010217747687,0.972972972972973
P02,33,1.5,1.75,1.625,17.369699484175513,12.22,10662,10655,7,0.9993434627649597,0.0006565372350403331,0.31000000000000005,0.32000000000000006,0.2822256191515897,8738.0,8738.0,0.8857142857142857,0.8738037300363298,0.918918918918919
P02,33,1.75,2.0,1.875,17.369699484175513,12.22,11529,11518,11,0.999045884291786,0.0009541157082140206,0.30000000000000004,0.32000000000000006,0.27902867204769005,9252.0,9252.0,0.8571428571428571,0.863905605576495,0.972972972972973
P02,33,2.0,2.25,2.125,17.369699484175513,12.22,11052,11032,20,0.9981903727832067,0.0018096272167933414,0.29000000000000004,0.31000000000000005,0.26855446067674005,8738.0,8738.0,0.8285714285714285,0.8314762145359562,0.918918918918919
P02,33,2.25,2.5,2.375,17.369699484175513,12.22,11488,11403,85,0.9926009749303621,0.0073990250696378546,0.31000000000000005,0.3400000000000001,0.26448440450860405,8481.0,8481.0,0.8857142857142857,0.8188748416631967,0.8918918918918919
P02,33,2.5,2.75,2.625,17.369699484175513,12.22,11192,11134,58,0.9948177269478199,0.005182273052180109,0.31000000000000005,0.3400000000000001,0.2666571772422575,8481.0,8481.0,0.8857142857142857,0.8256020017448896,0.8918918918918919
P02,33,2.75,3.0,2.875,17.369699484175513,12.22,11124,10981,143,0.9871449119021934,0.012855088097806555,0.3400000000000001,0.3600000000000001,0.2718915222320757,8481.0,8481.0,0.9714285714285714,0.8418081498265186,0.8918918918918919
P02,33,3.0,3.25,3.125,17.369699484175513,12.22,10656,10623,33,0.9969031531531531,0.003096846846846857,0.3500000000000001,0.39000000000000007,0.2660159770948934,8224.0,8224.0,1.0,0.8236167706303263,0.8648648648648649
P02,33,3.25,3.5,3.375,17.369699484175513,12.22,11016,10945,71,0.9935548293391431,0.006445170660856925,0.37000000000000005,0.4000000000000001,0.27810969028580074,8224.0,7967.0,1.057142857142857,0.8610603298932022,0.8648648648648649
P02,33,3.5,3.75,3.625,17.369699484175513,12.22,10493,10480,13,0.9987610788144478,0.0012389211855522442,0.31000000000000005,0.33000000000000007,0.26292460836163023,7967.0,7967.0,0.8857142857142857,0.8140455292307561,0.8378378378378378
P02,33,3.75,4.0,3.875,17.369699484175513,12.22,10307,10292,15,0.9985446783739207,0.001455321626079309,0.31000000000000005,0.3500000000000001,0.2578297881365662,7453.0,7453.0,0.8857142857142857,0.7982713662404917,0.7837837837837838
P02,33,4.0,4.25,4.125,17.369699484175513,12.22,9418,9400,18,0.9980887661923975,0.001911233807602497,0.2700000000000001,0.29000000000000004,0.2518059768257468,7453.0,7453.0,0.7714285714285715,0.7796209375223184,0.7837837837837838
P02,33,4.25,4.5,4.375,17.369699484175513,12.22,9604,9539,65,0.9932319866722199,0.006768013327780098,0.29000000000000004,0.31000000000000005,0.2540261799029784,7453.0,7453.0,0.8285714285714285,0.7864949475294718,0.7837837837837838
P02,33,4.5,4.75,4.625,17.369699484175513,12.22,8680,8598,82,0.990552995391705,0.009447004608294951,0.2700000000000001,0.30000000000000004,0.2439811461901734,7196.0,7196.0,0.7714285714285715,0.7553943410254423,0.7567567567567568
P02,33,4.75,5.0,4.875,17.369699484175513,12.22,9046,9023,23,0.9974574397523768,0.0025425602476232267,0.29000000000000004,0.31000000000000005,0.23648467183867342,7196.0,7196.0,0.8285714285714285,0.7321843742259933,0.7567567567567568
P02,33,5.0,5.25,5.125,17.369699484175513,12.22,7919,7907,12,0.9984846571536811,0.0015153428463189345,0.26000000000000006,0.2700000000000001,0.22315128947443777,7196.0,7196.0,0.7428571428571429,0.6909026533145695,0.7567567567567568
P02,33,5.25,5.5,5.375,17.369699484175513,12.22,8270,8262,8,0.9990326481257558,0.0009673518742442377,0.29000000000000004,0.30000000000000004,0.23067097759715544,6939.0,6939.0,0.8285714285714285,0.7141844926815735,0.7297297297297297
P02,33,5.5,5.75,5.625,17.369699484175513,12.22,7978,7971,7,0.999122587114565,0.0008774128854349694,0.31000000000000005,0.31000000000000005,0.22800657893533602,6939.0,6939.0,0.8857142857142857,0.70593520087029,0.7297297297297297
P02,33,5.75,6.0,5.875,17.369699484175513,12.22,7684,7684,0,1.0,0.0,0.30000000000000004,0.30000000000000004,0.23267713071772386,6939.0,6939.0,0.8571428571428571,0.7203957788328678,0.7297297297297297
P02,33,6.0,6.25,6.125,17.369699484175513,12.22,7267,7264,3,0.999587174900234,0.0004128250997660343,0.30000000000000004,0.31000000000000005,0.22718912606977493,6682.0,6682.0,0.8571428571428571,0.7034042705982494,0.7027027027027027
P02,33,6.25,6.5,6.375,17.369699484175513,12.22,7710,7700,10,0.9987029831387808,0.0012970168612191912,0.32000000000000006,0.33000000000000007,0.2891183124678861,6425.0,6425.0,0.9142857142857143,0.895144319696056,0.6756756756756757
P02,33,6.5,6.75,6.625,17.369699484175513,12.22,6637,6635,2,0.9996986590326955,0.00030134096730449755,0.28,0.28,0.20202747300073884,6425.0,6425.0,0.7999999999999998,0.6255008315989911,0.6756756756756757
P02,33,6.75,7.0,6.875,17.369699484175513,12.22,6981,6940,41,0.9941269159146254,0.005873084085374569,0.29000000000000004,0.3400000000000001,0.2574331755448228,6425.0,6425.0,0.8285714285714285,0.7970434069819149,0.6756756756756757
P02,33,7.0,7.25,7.125,17.369699484175513,12.22,6614,6235,379,0.9426973087390385,0.05730269126096155,0.31000000000000005,0.44000000000000006,0.23059097328413192,6425.0,6425.0,0.8857142857142857,0.7139367899133092,0.6756756756756757
P02,33,7.25,7.5,7.375,17.369699484175513,12.22,7572,7016,556,0.9265715795034337,0.07342842049656628,0.3600000000000001,0.4100000000000001,0.3364921560513966,6425.0,6168.0,1.0285714285714287,1.0418193145241998,0.6756756756756757
P02,33,7.5,7.75,7.625,17.369699484175513,12.22,10242,9715,527,0.9485452060144502,0.05145479398554975,0.6200000000000001,0.7200000000000002,0.6020728301309642,5911.0,5911.0,1.7714285714285714,1.8640883357913354,0.6216216216216216
P02,33,7.75,8.0,7.875,17.369699484175513,12.22,6235,6077,158,0.9746591820368885,0.025340817963111495,0.5900000000000001,0.6800000000000002,0.4823454960271577,6425.0,6425.0,1.6857142857142855,1.4933984195402552,0.6756756756756757
P02,33,8.0,8.25,8.125,17.369699484175513,12.22,5507,5220,287,0.9478845106228436,0.052115489377156377,0.3500000000000001,0.5300000000000001,0.22184371087779262,6168.0,6168.0,1.0,0.6868542360996513,0.6486486486486487
P02,33,8.25,8.5,8.375,17.369699484175513,12.22,8347,7785,562,0.932670420510363,0.06732957948963703,0.6000000000000001,0.7300000000000001,4.8373260374922245,5654.0,5397.0,1.7142857142857142,14.976930682866943,0.5945945945945946
P02,33,8.5,8.75,8.625,17.369699484175513,12.22,8716,7676,1040,0.8806792106470858,0.11932078935291424,0.6500000000000001,0.8700000000000002,5.203451186163618,5654.0,5397.0,1.857142857142857,16.1104972298406,0.5945945945945946
P02,33,8.75,9.0,8.875,17.369699484175513,12.22,6260,5100,1160,0.8146964856230032,0.18530351437699677,0.6000000000000001,0.9100000000000001,5.277321944046965,6168.0,5397.0,1.7142857142857142,16.339209789576035,0.6486486486486487
P02,33,9.0,9.25,9.125,17.369699484175513,12.22,7973,5306,2667,0.6654960491659351,0.3345039508340649,0.4300000000000001,0.7700000000000001,0.3449764095045069,6425.0,5140.0,1.2285714285714286,1.0680875616669918,0.6756756756756757
P02,33,9.25,9.5,9.375,17.369699484175513,12.22,8356,6412,1944,0.7673528003829584,0.2326471996170416,0.6300000000000001,0.9100000000000001,0.9437256626072158,5654.0,5140.0,1.7999999999999998,2.9218857118505044,0.5945945945945946
P02,33,9.5,9.75,9.625,17.369699484175513,12.22,7440,6335,1105,0.8514784946236559,0.14852150537634412,0.7700000000000001,1.0400000000000003,1.0572686009852232,5654.0,5140.0,2.1999999999999997,3.2734280111365863,0.5945945945945946
P02,33,9.75,10.0,9.875,17.369699484175513,12.22,9109,7973,1136,0.8752881765287078,0.12471182347129217,0.8500000000000002,1.0600000000000003,0.8853394818660365,5397.0,5140.0,2.4285714285714284,2.741115225217911,0.5675675675675675
P02,33,10.0,10.25,10.125,17.369699484175513,12.22,6742,4935,1807,0.7319786413527143,0.2680213586472857,0.5500000000000002,0.9900000000000002,0.4633644292897472,6168.0,5397.0,1.5714285714285714,1.4346308031733328,0.6486486486486487
P02,33,10.25,10.5,10.375,17.369699484175513,12.22,8086,4379,3707,0.5415533020034627,0.45844669799653726,0.4200000000000001,1.5600000000000003,0.37752017745510524,6168.0,3598.0,1.2,1.1688468970886123,0.6486486486486487
P02,33,10.5,10.75,10.625,17.369699484175513,12.22,11520,4089,7431,0.35494791666666664,0.6450520833333333,0.3600000000000001,2.0200000000000005,0.40376761254909915,6168.0,2313.0,1.0285714285714287,1.2501120450151704,0.6486486486486487
P02,33,10.75,11.0,10.875,17.369699484175513,12.22,19663,3251,16412,0.1653359100849311,0.8346640899150689,0.3400000000000001,2.9900000000000007,0.2292116388200579,6425.0,2570.0,0.9714285714285714,0.7096662080883894,0.6756756756756757
P02,33,11.0,11.25,11.125,17.369699484175513,12.22,20692,3272,17420,0.15812874540885366,0.8418712545911463,0.5200000000000001,4.420000000000001,0.39086447548554526,6682.0,2827.0,1.4857142857142858,1.2101624141871927,0.7027027027027027
P02,33,11.25,11.5,11.375,17.369699484175513,12.22,28248,1206,27042,0.042693288020390824,0.9573067119796091,0.3500000000000001,4.830000000000001,0.5403839497994947,5654.0,2827.0,1.0,1.6730923025557776,0.5945945945945946
P02,33,11.5,11.75,11.625,17.369699484175513,12.22,19522,491,19031,0.025151111566437866,0.9748488884335621,0.29000000000000004,4.760000000000001,1.1054071565362569,4369.0,2570.0,0.8285714285714285,3.4224706442097412,0.4594594594594595
P02,33,11.75,12.0,11.875,17.369699484175513,12.22,27151,244,26907,0.008986777650915252,0.9910132223490847,0.3500000000000001,5.950000000000001,0.703639517028999,5654.0,2570.0,1.0,2.1785507510948356,0.5945945945945946
P02,33,12.0,12.25,12.125,17.369699484175513,12.22,30101,47,30054,0.0015614099199362148,0.9984385900800637,0.18000000000000005,7.3900000000000015,0.8726016591520641,7453.0,2313.0,0.5142857142857143,2.701677427070918,0.7837837837837838
P02,33,12.25,12.5,12.375,17.369699484175513,12.22,42850,43,42807,0.0010035005834305717,0.9989964994165694,0.15000000000000002,8.140000000000002,0.749184869370394,6682.0,2827.0,0.42857142857142855,2.3195645218551495,0.7027027027027027
P02,33,12.5,12.75,12.625,17.369699484175513,12.22,41661,81,41580,0.0019442644199611147,0.9980557355800389,0.19000000000000003,10.260000000000002,0.8566708821923951,5654.0,2827.0,0.5428571428571428,2.6523538668229776,0.5945945945945946
P02,33,12.75,13.0,12.875,17.369699484175513,12.22,45645,29,45616,0.0006353379340563041,0.9993646620659437,0.11000000000000001,13.760000000000003,0.721026879463869,6939.0,2827.0,0.3142857142857142,2.2323840713892715,0.7297297297297297
P02,33,13.0,13.25,13.125,17.369699484175513,12.22,74585,15,74570,0.00020111282429442916,0.9997988871757055,0.07,19.790000000000003,0.9714032459909218,3084.0,2827.0,0.19999999999999996,3.0075787671860783,0.32432432432432434
P02,33,13.25,13.5,13.375,17.369699484175513,12.22,102377,6,102371,5.860691366224836e-05,0.9999413930863378,0.05000000000000001,22.260000000000005,1.2443152877824277,3341.0,3084.0,0.14285714285714285,3.852546565666344,0.35135135135135137
P02,33,13.5,13.75,13.625,17.369699484175513,12.22,68427,24,68403,0.0003507387434784515,0.9996492612565215,0.08000000000000002,20.960000000000004,0.275712248163969,6939.0,3084.0,0.22857142857142856,0.8536375669459534,0.7297297297297297
P02,33,13.75,14.0,13.875,17.369699484175513,12.22,45554,1,45553,2.195196909162752e-05,0.9999780480309084,0.010000000000000002,18.750000000000004,,514.0,3084.0,0.02857142857142857,,0.05405405405405406
P02,33,14.0,14.25,14.125,17.369699484175513,12.22,32727,167,32560,0.005102820301280288,0.9948971796987197,0.12000000000000002,16.370000000000005,0.31150102654517803,6425.0,3084.0,0.34285714285714286,0.9644438365431403,0.6756756756756757
P02,33,14.25,14.5,14.375,17.369699484175513,12.22,22306,11,22295,0.0004931408589617143,0.9995068591410383,0.05000000000000001,13.300000000000002,0.23449058806541975,7710.0,3084.0,0.14285714285714285,0.7260104561943419,0.8108108108108109
P02,33,14.5,14.75,14.625,17.369699484175513,12.22,9739,0,9739,0.0,1.0,0.0,9.550000000000002,,,2827.0,0.0,,
P02,33,14.75,15.0,14.875,17.369699484175513,12.22,7600,0,7600,0.0,1.0,0.0,9.000000000000002,,,3341.0,0.0,,
P02,33,15.0,15.25,15.125,17.369699484175513,12.22,11158,0,11158,0.0,1.0,0.0,9.630000000000003,,,3598.0,0.0,,
P02,33,15.25,15.5,15.375,17.369699484175513,12.22,7349,0,7349,0.0,1.0,0.0,8.610000000000001,,,3341.0,0.0,,
P02,33,15.5,15.75,15.625,17.369699484175513,12.22,4447,0,4447,0.0,1.0,0.0,5.140000000000001,,,3598.0,0.0,,
P02,33,15.75,16.0,15.875,17.369699484175513,12.22,3106,0,3106,0.0,1.0,0.0,3.830000000000001,,,3855.0,0.0,,
P02,33,16.0,16.25,16.125,17.369699484175513,12.22,3482,0,3482,0.0,1.0,0.0,4.910000000000001,,,3341.0,0.0,,
P02,33,16.25,16.5,16.375,17.369699484175513,12.22,5487,0,5487,0.0,1.0,0.0,6.500000000000001,,,3084.0,0.0,,
P02,33,16.5,16.75,16.625,17.369699484175513,12.22,6278,0,6278,0.0,1.0,0.0,5.570000000000001,,,3855.0,0.0,,
P02,33,16.75,17.0,16.875,17.369699484175513,12.22,4656,0,4656,0.0,1.0,0.0,4.5600000000000005,,,3598.0,0.0,,
P02,33,17.0,17.25,17.125,17.369699484175513,12.22,2874,0,2874,0.0,1.0,0.0,3.3000000000000007,,,3855.0,0.0,,
P02,33,17.25,17.5,17.375,17.369699484175513,12.22,6923,0,6923,0.0,1.0,0.0,4.420000000000001,,,4369.0,0.0,,
P02,37,0.0,0.25,0.125,16.834597682352378,11.67,3127,3056,71,0.9772945314998401,0.022705468500159864,0.4200000000000001,0.4700000000000001,0.47700969606360766,8481.0,8481.0,1.024390243902439,1.287875534744111,0.9428571428571428
P02,37,0.25,0.5,0.375,16.834597682352378,11.67,7663,7658,5,0.9993475140284483,0.0006524859715516529,0.4600000000000001,0.5000000000000001,0.36401689521303254,8995.0,8995.0,1.121951219512195,0.9828069690136053,1.0
P02,37,0.5,0.75,0.625,16.834597682352378,11.67,10080,10075,5,0.9995039682539683,0.0004960317460317443,0.4100000000000001,0.4100000000000001,0.38185691031407976,8995.0,8995.0,1.0,1.030973115693023,1.0
P02,37,0.75,1.0,0.875,16.834597682352378,11.67,11011,11011,0,1.0,0.0,0.3600000000000001,0.3600000000000001,0.37038493487523627,9252.0,9252.0,0.8780487804878049,1.0,1.0285714285714285
P02,37,1.0,1.25,1.125,16.834597682352378,11.67,11690,11690,0,1.0,0.0,0.32000000000000006,0.32000000000000006,0.35180818595910035,9252.0,9252.0,0.7804878048780488,0.9498447502396569,1.0285714285714285
P02,37,1.25,1.5,1.375,16.834597682352378,11.67,12578,12578,0,1.0,0.0,0.3400000000000001,0.3400000000000001,0.34300546617516897,9252.0,9252.0,0.8292682926829269,0.9260783414171798,1.0285714285714285
P02,37,1.5,1.75,1.625,16.834597682352378,11.67,13278,13278,0,1.0,0.0,0.32000000000000006,0.32000000000000006,0.3269319487053678,9252.0,9252.0,0.7804878048780488,0.8826815507911909,1.0285714285714285
P02,37,1.75,2.0,1.875,16.834597682352378,11.67,13467,13467,0,1.0,0.0,0.3400000000000001,0.3400000000000001,0.3315122888977114,9252.0,9252.0,0.8292682926829269,0.8950479830109206,1.0285714285714285
P02,37,2.0,2.25,2.125,16.834597682352378,11.67,13365,13365,0,1.0,0.0,0.32000000000000006,0.32000000000000006,0.32256472254562285,8738.0,8738.0,0.7804878048780488,0.8708905038329336,0.9714285714285714
P02,37,2.25,2.5,2.375,16.834597682352378,11.67,12650,12650,0,1.0,0.0,0.3400000000000001,0.3400000000000001,0.30967482408911684,8224.0,8224.0,0.8292682926829269,0.8360891465346193,0.9142857142857143
P02,37,2.5,2.75,2.625,16.834597682352378,11.67,11428,11428,0,1.0,0.0,0.31000000000000005,0.31000000000000005,0.3001337201273904,7710.0,7710.0,0.7560975609756098,0.8103291788271305,0.8571428571428571
P02,37,2.75,3.0,2.875,16.834597682352378,11.67,11306,11306,0,1.0,0.0,0.28,0.28,0.29765541980023386,7453.0,7453.0,0.6829268292682926,0.8036380310675939,0.8285714285714286
P02,37,3.0,3.25,3.125,16.834597682352378,11.67,10871,10871,0,1.0,0.0,0.2700000000000001,0.2700000000000001,0.29600084451058895,7196.0,7196.0,0.6585365853658537,0.7991708534535739,0.8
P02,37,3.25,3.5,3.375,16.834597682352378,11.67,10665,10665,0,1.0,0.0,0.28,0.28,0.2887559517045292,7196.0,7196.0,0.6829268292682926,0.7796104120752004,0.8
P02,37,3.5,3.75,3.625,16.834597682352378,11.67,10493,10493,0,1.0,0.0,0.31000000000000005,0.31000000000000005,0.28456668842305516,6939.0,6939.0,0.7560975609756098,0.7682998459937662,0.7714285714285715
P02,37,3.75,4.0,3.875,16.834597682352378,11.67,9746,9746,0,1.0,0.0,0.28,0.28,0.27610731569670943,6682.0,6682.0,0.6829268292682926,0.7454604377732476,0.7428571428571429
P02,37,4.0,4.25,4.125,16.834597682352378,11.67,9318,9318,0,1.0,0.0,0.32000000000000006,0.32000000000000006,0.2714468638142794,6682.0,6682.0,0.7804878048780488,0.732877712495828,0.7428571428571429
P02,37,4.25,4.5,4.375,16.834597682352378,11.67,8999,8999,0,1.0,0.0,0.28,0.28,0.275233900595588,6425.0,6425.0,0.6829268292682926,0.7431023097316315,0.7142857142857143
P02,37,4.5,4.75,4.625,16.834597682352378,11.67,8722,8722,0,1.0,0.0,0.28,0.28,0.2696392033845128,6682.0,6682.0,0.6829268292682926,0.7279972212566919,0.7428571428571429
P02,37,4.75,5.0,4.875,16.834597682352378,11.67,8702,8702,0,1.0,0.0,0.30000000000000004,0.30000000000000004,0.2694619638697701,6425.0,6425.0,0.7317073170731707,0.7275186933845947,0.7142857142857143
P02,37,5.0,5.25,5.125,16.834597682352378,11.67,8282,8282,0,1.0,0.0,0.29000000000000004,0.29000000000000004,0.26314786669252477,6939.0,6939.0,0.7073170731707317,0.7104713013804566,0.7714285714285715
P02,37,5.25,5.5,5.375,16.834597682352378,11.67,8378,8378,0,1.0,0.0,0.2700000000000001,0.2700000000000001,0.27482494430522025,6682.0,6682.0,0.6585365853658537,0.7419981711669636,0.7428571428571429
P02,37,5.5,5.75,5.625,16.834597682352378,11.67,7854,7854,0,1.0,0.0,0.2700000000000001,0.2700000000000001,0.2578836919428651,6682.0,6682.0,0.6585365853658537,0.696258588459417,0.7428571428571429
P02,37,5.75,6.0,5.875,16.834597682352378,11.67,7476,7476,0,1.0,0.0,0.29000000000000004,0.29000000000000004,0.2561347295670193,6682.0,6682.0,0.7073170731707317,0.6915365757338322,0.7428571428571429
P02,37,6.0,6.25,6.125,16.834597682352378,11.67,7779,7779,0,1.0,0.0,0.31000000000000005,0.31000000000000005,0.25586129070674996,6682.0,6682.0,0.7560975609756098,0.6907983198424,0.7428571428571429
P02,37,6.25,6.5,6.375,16.834597682352378,11.67,8515,8502,13,0.9984732824427481,0.0015267175572518665,0.29000000000000004,0.29000000000000004,0.286691819442297,6682.0,6682.0,0.7073170731707317,0.7740374741182948,0.7428571428571429
P02,37,6.5,6.75,6.625,16.834597682352378,11.67,8468,8458,10,0.9988190836088805,0.001180916391119502,0.39000000000000007,0.39000000000000007,0.28987247194809573,6939.0,6939.0,0.9512195121951219,0.7826248981906863,0.7714285714285715
P02,37,6.75,7.0,6.875,16.834597682352378,11.67,10150,8690,1460,0.8561576354679803,0.1438423645320197,0.4700000000000001,0.5200000000000001,0.3376957938544046,6682.0,6425.0,1.146341463414634,0.9117427898846833,0.7428571428571429
P02,37,7.0,7.25,7.125,16.834597682352378,11.67,7923,7401,522,0.9341158652025748,0.06588413479742516,0.5000000000000001,0.6000000000000001,0.5480602155110935,6168.0,6168.0,1.2195121951219512,1.479704393742977,0.6857142857142857
P02,37,7.25,7.5,7.375,16.834597682352378,11.67,7132,7132,0,1.0,0.0,0.4100000000000001,0.4100000000000001,0.4135565863941307,6682.0,6682.0,1.0,1.1165588755207787,0.7428571428571429
P02,37,7.5,7.75,7.625,16.834597682352378,11.67,6643,6636,7,0.9989462592202318,0.0010537407797681642,0.39000000000000007,0.4200000000000001,0.5228176067712265,6425.0,6425.0,0.9512195121951219,1.4115520301799989,0.7142857142857143
P02,37,7.75,8.0,7.875,16.834597682352378,11.67,9646,9408,238,0.9753265602322206,0.02467343976777936,0.6200000000000001,0.6500000000000001,0.839769700600011,5654.0,5397.0,1.5121951219512195,2.26728903237624,0.6285714285714286
P02,37,8.0,8.25,8.125,16.834597682352378,11.67,6416,6347,69,0.9892456359102244,0.010754364089775592,0.4300000000000001,0.5000000000000001,0.9085833467604437,6168.0,6168.0,1.048780487804878,2.4530785709912823,0.6857142857142857
P02,37,8.25,8.5,8.375,16.834597682352378,11.67,8710,8614,96,0.9889781859931114,0.01102181400688862,0.6800000000000002,0.7300000000000001,1.3180104888404673,5911.0,5911.0,1.6585365853658538,3.5584883852914744,0.6571428571428571
P02,37,8.5,8.75,8.625,16.834597682352378,11.67,10773,10704,69,0.9935950988582567,0.006404901141743302,0.8300000000000002,0.8800000000000001,1.7340000141732212,5654.0,5397.0,2.024390243902439,4.681615937638816,0.6285714285714286
P02,37,8.75,9.0,8.875,16.834597682352378,11.67,6185,5619,566,0.9084882780921585,0.09151172190784151,0.44000000000000006,0.5700000000000001,1.7220489816795772,5911.0,5654.0,1.073170731707317,4.64934941875983,0.6571428571428571
P02,37,9.0,9.25,9.125,16.834597682352378,11.67,6697,6170,527,0.9213080483798716,0.07869195162012843,0.6000000000000001,0.6900000000000002,1.3321805216836875,5911.0,5654.0,1.4634146341463414,3.596745969520685,0.6571428571428571
P02,37,9.25,9.5,9.375,16.834597682352378,11.67,8524,7371,1153,0.8647348662599719,0.13526513374002813,0.6800000000000002,0.9200000000000002,1.053357251629719,5911.0,5397.0,1.6585365853658538,2.8439527433386056,0.6571428571428571
P02,37,9.5,9.75,9.625,16.834597682352378,11.67,8349,6534,1815,0.782608695652174,0.21739130434782605,0.6000000000000001,0.9100000000000001,0.823715363775135,5911.0,4883.0,1.4634146341463414,2.223944027455119,0.6571428571428571
P02,37,9.75,10.0,9.875,16.834597682352378,11.67,10192,6896,3296,0.6766091051805337,0.32339089481946626,0.6600000000000001,1.0300000000000002,0.6544245285914161,6168.0,5140.0,1.6097560975609757,1.7668767462474093,0.6857142857142857
P02,37,10.0,10.25,10.125,16.834597682352378,11.67,5423,4420,1003,0.8150470219435737,0.1849529780564263,0.6400000000000001,0.8000000000000002,1.50492066242976,6168.0,5654.0,1.5609756097560976,4.063126009530303,0.6857142857142857
P02,37,10.25,10.5,10.375,16.834597682352378,11.67,6585,4525,2060,0.6871678056188307,0.31283219438116927,0.5500000000000002,1.4900000000000002,0.5235982916961244,6168.0,4883.0,1.3414634146341464,1.413659796591073,0.6857142857142857
P02,37,10.5,10.75,10.625,16.834597682352378,11.67,22755,5393,17362,0.23700285651505162,0.7629971434849484,0.6900000000000002,5.160000000000001,1.1666745863747905,5911.0,2570.0,1.6829268292682928,3.149897516128142,0.6571428571428571
P02,37,10.75,11.0,10.875,16.834597682352378,11.67,58803,7207,51596,0.12256177405914664,0.8774382259408533,1.1300000000000001,8.240000000000002,1.5852899691601872,5397.0,2827.0,2.7560975609756095,4.280114604807537,0.6
P02,37,11.0,11.25,11.125,16.834597682352378,11.67,57042,2854,54188,0.05003330879001437,0.9499666912099857,0.6800000000000002,9.820000000000002,0.8725965038348148,6168.0,2570.0,1.6585365853658538,2.3559179158535373,0.6857142857142857
P02,37,11.25,11.5,11.375,16.834597682352378,11.67,53465,2824,50641,0.05281960160852894,0.9471803983914711,0.5000000000000001,10.800000000000002,0.30607121145309235,6939.0,2570.0,1.2195121951219512,0.826359775016746,0.7714285714285715
P02,37,11.5,11.75,11.625,16.834597682352378,11.67,67470,4303,63167,0.06377649325626204,0.936223506743738,0.9200000000000002,12.720000000000002,0.9471895732387097,6425.0,2570.0,2.24390243902439,2.5573112836184047,0.7142857142857143
P02,37,11.75,12.0,11.875,16.834597682352378,11.67,77536,1842,75694,0.023756706562113084,0.976243293437887,0.56,15.610000000000003,0.9255713826827874,6553.5,2570.0,1.3658536585365852,2.4989444643437375,0.7285714285714285
P02,37,12.0,12.25,12.125,16.834597682352378,11.67,73784,1706,72078,0.023121543966171526,0.9768784560338285,0.4300000000000001,15.630000000000003,0.25091746004998283,6682.0,2827.0,1.048780487804878,0.6774505019608966,0.7428571428571429
P02,37,12.25,12.5,12.375,16.834597682352378,11.67,62411,2274,60137,0.036435884699812536,0.9635641153001875,0.6000000000000001,16.410000000000004,0.7249515195119852,5911.0,2827.0,1.4634146341463414,1.9572921338071816,0.6571428571428571
P02,37,12.5,12.75,12.625,16.834597682352378,11.67,71689,941,70748,0.01312614208595461,0.9868738579140454,0.4300000000000001,19.580000000000005,0.3263142654153514,6425.0,2827.0,1.048780487804878,0.8810138714882396,0.7142857142857143
P02,37,12.75,13.0,12.875,16.834597682352378,11.67,86154,262,85892,0.003041065998096432,0.9969589340019036,0.3600000000000001,21.710000000000004,0.9810807742205723,6682.0,2827.0,0.8780487804878049,2.648813928004518,0.7428571428571429
P02,37,13.0,13.25,13.125,16.834597682352378,11.67,67221,679,66542,0.010101010101010102,0.98989898989899,0.39000000000000007,19.560000000000002,1.4873901639984284,6939.0,3084.0,0.9512195121951219,4.015795524997403,0.7714285714285715
P02,37,13.25,13.5,13.375,16.834597682352378,11.67,30131,495,29636,0.016428263250472936,0.983571736749527,0.21000000000000005,15.100000000000003,0.1986495133201643,6168.0,3084.0,0.5121951219512195,0.5363325951339764,0.6857142857142857
P02,37,13.5,13.75,13.625,16.834597682352378,11.67,21988,304,21684,0.013825723121702747,0.9861742768782973,0.15000000000000002,12.310000000000002,0.1699684504137101,5654.0,3084.0,0.36585365853658536,0.4588967703855551,0.6285714285714286
P02,37,13.75,14.0,13.875,16.834597682352378,11.67,18528,225,18303,0.012143782383419689,0.9878562176165803,0.10000000000000002,13.370000000000003,0.21365229766346724,5397.0,3084.0,0.24390243902439024,0.5768385199992969,0.6
P02,37,14.0,14.25,14.125,16.834597682352378,11.67,16545,85,16460,0.005137503777576307,0.9948624962224237,0.09000000000000002,12.920000000000002,0.16502730864541038,3855.0,2827.0,0.21951219512195122,0.44555621221743164,0.42857142857142855
P02,37,14.25,14.5,14.375,16.834597682352378,11.67,12028,15,12013,0.0012470901230462255,0.9987529098769538,0.06000000000000001,12.300000000000002,0.2635592208170396,7196.0,2827.0,0.14634146341463414,0.7115819138427409,0.8
P02,37,14.5,14.75,14.625,16.834597682352378,11.67,8270,37,8233,0.004474002418379685,0.9955259975816203,0.05000000000000001,10.450000000000003,0.5241201530014814,3341.0,2570.0,0.12195121951219512,1.4150687667089663,0.37142857142857144
P02,37,14.75,15.0,14.875,16.834597682352378,11.67,6897,36,6861,0.005219660722053067,0.994780339277947,0.04000000000000001,7.840000000000002,0.08916909556953587,3341.0,2570.0,0.0975609756097561,0.2407470908598709,0.37142857142857144
P02,37,15.0,15.25,15.125,16.834597682352378,11.67,4564,9,4555,0.001971954425942156,0.9980280455740579,0.030000000000000006,7.250000000000002,0.05771711623497358,3341.0,2827.0,0.07317073170731707,0.1558300859467071,0.37142857142857144
P02,37,15.25,15.5,15.375,16.834597682352378,11.67,7907,0,7907,0.0,1.0,0.0,8.500000000000002,,,3084.0,0.0,,
P02,37,15.5,15.75,15.625,16.834597682352378,11.67,12291,0,12291,0.0,1.0,0.0,8.690000000000001,,,3341.0,0.0,,
P02,37,15.75,16.0,15.875,16.834597682352378,11.67,9926,0,9926,0.0,1.0,0.0,7.900000000000001,,,3084.0,0.0,,
P02,37,16.0,16.25,16.125,16.834597682352378,11.67,6501,0,6501,0.0,1.0,0.0,6.450000000000001,,,3341.0,0.0,,
P02,37,16.25,16.5,16.375,16.834597682352378,11.67,4337,0,4337,0.0,1.0,0.0,5.140000000000001,,,3341.0,0.0,,
P02,37,16.5,16.75,16.625,16.834597682352378,11.67,3445,0,3445,0.0,1.0,0.0,4.290000000000001,,,3598.0,0.0,,
P02,37,16.75,17.0,16.875,16.834597682352378,11.67,7144,0,7144,0.0,1.0,0.0,5.490000000000001,,,3598.0,0.0,,
P02,39,0.0,0.25,0.125,15.545034714590617,10.65,5078,4983,95,0.9812918471839307,0.0187081528160693,0.37000000000000005,0.4100000000000001,0.3576369662059646,10280.0,10280.0,1.1935483870967742,1.3131257144444386,1.0
P02,39,0.25,0.5,0.375,15.545034714590617,10.65,7004,6956,48,0.9931467732724157,0.006853226727584261,0.33000000000000007,0.38000000000000006,0.28012361871482133,10537.0,10537.0,1.064516129032258,1.0285221096127468,1.025
P02,39,0.5,0.75,0.625,15.545034714590617,10.65,7935,7891,44,0.9944549464398236,0.005545053560176427,0.30000000000000004,0.3500000000000001,0.2723554662527302,10280.0,10280.0,0.967741935483871,1.0,1.0
P02,39,0.75,1.0,0.875,15.545034714590617,10.65,8367,8357,10,0.9988048284928888,0.0011951715071112368,0.31000000000000005,0.3400000000000001,0.25896910913346993,10023.0,10023.0,1.0,0.950849684408983,0.975
P02,39,1.0,1.25,1.125,15.545034714590617,10.65,8681,8677,4,0.9995392235917521,0.00046077640824793153,0.28,0.29000000000000004,0.25067309339866506,10280.0,10280.0,0.9032258064516129,0.9203894338807022,1.0
P02,39,1.25,1.5,1.375,15.545034714590617,10.65,9263,9259,4,0.9995681744575191,0.00043182554248089033,0.26000000000000006,0.26000000000000006,0.25187814490316807,11051.0,11051.0,0.8387096774193549,0.9248139880160864,1.075
P02,39,1.5,1.75,1.625,15.545034714590617,10.65,10810,10810,0,1.0,0.0,0.29000000000000004,0.29000000000000004,0.2542797670540416,11308.0,11308.0,0.9354838709677419,0.9336319573556294,1.1
P02,39,1.75,2.0,1.875,15.545034714590617,10.65,10483,10483,0,1.0,0.0,0.26000000000000006,0.26000000000000006,0.2500449954778946,10794.0,10794.0,0.8387096774193549,0.9180832641921981,1.05
P02,39,2.0,2.25,2.125,15.545034714590617,10.65,10211,10211,0,1.0,0.0,0.24000000000000005,0.24000000000000005,0.2488855139467127,10280.0,10280.0,0.7741935483870968,0.9138260280620226,1.0
P02,39,2.25,2.5,2.375,15.545034714590617,10.65,9025,9025,0,1.0,0.0,0.29000000000000004,0.29000000000000004,0.22528959134317728,9766.0,9766.0,0.9354838709677419,0.8271895344818285,0.95
P02,39,2.5,2.75,2.625,15.545034714590617,10.65,8451,8451,0,1.0,0.0,0.28,0.28,0.2198851959189162,9252.0,9252.0,0.9032258064516129,0.8073463659248733,0.9
P02,39,2.75,3.0,2.875,15.545034714590617,10.65,7372,7372,0,1.0,0.0,0.25000000000000006,0.25000000000000006,0.20347985149687983,8481.0,8481.0,0.8064516129032259,0.7471113185151285,0.825
P02,39,3.0,3.25,3.125,15.545034714590617,10.65,6844,6844,0,1.0,0.0,0.24000000000000005,0.24000000000000005,0.19599757592052028,7967.0,7967.0,0.7741935483870968,0.7196388551226865,0.775
P02,39,3.25,3.5,3.375,15.545034714590617,10.65,6435,6435,0,1.0,0.0,0.24000000000000005,0.24000000000000005,0.18329811777081023,7710.0,7710.0,0.7741935483870968,0.6730106073976136,0.75
P02,39,3.5,3.75,3.625,15.545034714590617,10.65,6092,6091,1,0.9998358502954695,0.00016414970453049182,0.24000000000000005,0.25000000000000006,0.18255546461597982,7710.0,7710.0,0.7741935483870968,0.6702838284383059,0.75
P02,39,3.75,4.0,3.875,15.545034714590617,10.65,5482,5482,0,1.0,0.0,0.23000000000000004,0.23000000000000004,0.17160375812153636,7710.0,7710.0,0.7419354838709677,0.6300727519171506,0.75
P02,39,4.0,4.25,4.125,15.545034714590617,10.65,5666,5666,0,1.0,0.0,0.25000000000000006,0.25000000000000006,0.17402010653851127,7196.0,7196.0,0.8064516129032259,0.6389447912788746,0.7
P02,39,4.25,4.5,4.375,15.545034714590617,10.65,5379,5379,0,1.0,0.0,0.22000000000000003,0.22000000000000003,0.1828906740483361,7453.0,7453.0,0.7096774193548386,0.6715146075997023,0.725
P02,39,4.5,4.75,4.625,15.545034714590617,10.65,4926,4887,39,0.9920828258221681,0.007917174177831887,0.25000000000000006,0.26000000000000006,0.1880239347287129,6939.0,6939.0,0.8064516129032259,0.6903622582490688,0.675
P02,39,4.75,5.0,4.875,15.545034714590617,10.65,4833,4814,19,0.9960686943927167,0.003931305607283275,0.24000000000000005,0.26000000000000006,0.18350476815634856,6939.0,6939.0,0.7741935483870968,0.6737693598778982,0.675
P02,39,5.0,5.25,5.125,15.545034714590617,10.65,4475,4475,0,1.0,0.0,0.23000000000000004,0.23000000000000004,0.17931758104746925,6939.0,6939.0,0.7419354838709677,0.6583953812811411,0.675
P02,39,5.25,5.5,5.375,15.545034714590617,10.65,4137,4137,0,1.0,0.0,0.26000000000000006,0.26000000000000006,0.18481612528552704,6682.0,6682.0,0.8387096774193549,0.6785842334224653,0.65
P02,39,5.5,5.75,5.625,15.545034714590617,10.65,4247,4247,0,1.0,0.0,0.24000000000000005,0.24000000000000005,0.1814072562575521,6682.0,6682.0,0.7741935483870968,0.6660679837033878,0.65
P02,39,5.75,6.0,5.875,15.545034714590617,10.65,3895,3895,0,1.0,0.0,0.23000000000000004,0.23000000000000004,0.18809518360764546,6939.0,6939.0,0.7419354838709677,0.6906238607787073,0.675
P02,39,6.0,6.25,6.125,15.545034714590617,10.65,3612,3612,0,1.0,0.0,0.20000000000000004,0.20000000000000004,0.17612083049610533,6682.0,6682.0,0.6451612903225806,0.6466579610804482,0.65
P02,39,6.25,6.5,6.375,15.545034714590617,10.65,3915,3913,2,0.9994891443167305,0.0005108556832694733,0.23000000000000004,0.24000000000000005,0.1827955142245684,6682.0,6682.0,0.7419354838709677,0.6711652119181066,0.65
P02,39,6.5,6.75,6.625,15.545034714590617,10.65,3389,3389,0,1.0,0.0,0.21000000000000005,0.21000000000000005,0.1787142966655059,6682.0,6682.0,0.6774193548387097,0.656180318773809,0.65
P02,39,6.75,7.0,6.875,15.545034714590617,10.65,3465,3465,0,1.0,0.0,0.23000000000000004,0.23000000000000004,0.1867243807600921,6682.0,6682.0,0.7419354838709677,0.6855907220412555,0.65
P02,39,7.0,7.25,7.125,15.545034714590617,10.65,3428,3404,24,0.9929988331388565,0.007001166861143493,0.25000000000000006,0.26000000000000006,0.19219300129008854,6682.0,6425.0,0.8064516129032259,0.7056697041349062,0.65
P02,39,7.25,7.5,7.375,15.545034714590617,10.65,2992,2990,2,0.9993315508021391,0.0006684491978609097,0.24000000000000005,0.24000000000000005,0.17675859137752417,6682.0,6682.0,0.7741935483870968,0.648999609993149,0.65
P02,39,7.5,7.75,7.625,15.545034714590617,10.65,4234,4228,6,0.9985829003306566,0.0014170996693434468,0.37000000000000005,0.37000000000000005,0.314880824609558,6168.0,6168.0,1.1935483870967742,1.1561391770171658,0.6
P02,39,7.75,8.0,7.875,15.545034714590617,10.65,2881,2856,25,0.9913224574800417,0.008677542519958337,0.3400000000000001,0.3400000000000001,0.532734329742907,6168.0,6168.0,1.0967741935483872,1.956025840320606,0.6
P02,39,8.0,8.25,8.125,15.545034714590617,10.65,3317,2879,438,0.8679529695507989,0.13204703044920107,0.31000000000000005,0.45000000000000007,1.100354481942487,6425.0,5911.0,1.0,4.040140985903405,0.625
P02,39,8.25,8.5,8.375,15.545034714590617,10.65,4223,3307,916,0.7830925882074354,0.21690741179256456,0.33000000000000007,0.4600000000000001,0.3498734480711476,6168.0,5397.0,1.064516129032258,1.2846206205624129,0.6
P02,39,8.5,8.75,8.625,15.545034714590617,10.65,2402,2367,35,0.985428809325562,0.014571190674438017,0.20000000000000004,0.24000000000000005,0.16086851541566843,6939.0,6682.0,0.6451612903225806,0.5906564594756167,0.675
P02,39,8.75,9.0,8.875,15.545034714590617,10.65,2376,2262,114,0.952020202020202,0.04797979797979801,0.18000000000000005,0.25000000000000006,0.16015210718377437,6682.0,6682.0,0.5806451612903226,0.5880260432708276,0.65
P02,39,9.0,9.25,9.125,15.545034714590617,10.65,3207,2919,288,0.9101964452759589,0.08980355472404111,0.4300000000000001,0.5100000000000001,0.37656825144746114,6168.0,5911.0,1.3870967741935485,1.3826351885958752,0.6
P02,39,9.25,9.5,9.375,15.545034714590617,10.65,4291,3644,647,0.8492192962013516,0.15078070379864839,0.4700000000000001,0.6800000000000002,0.6325691646044187,5654.0,5140.0,1.5161290322580645,2.322586630287901,0.55
P02,39,9.5,9.75,9.625,15.545034714590617,10.65,3479,2152,1327,0.6185685541822363,0.38143144581776367,0.28,0.8800000000000001,0.21365064249629298,6939.0,4883.0,0.9032258064516129,0.7844551293053081,0.675
P02,39,9.75,10.0,9.875,15.545034714590617,10.65,8626,2942,5684,0.34106190586598656,0.6589380941340135,0.38000000000000006,1.8500000000000003,0.3484336765554761,6168.0,2827.0,1.2258064516129032,1.2793342514820307,0.6
P02,39,10.0,10.25,10.125,15.545034714590617,10.65,12479,2401,10078,0.19240323743889734,0.8075967625611027,0.3600000000000001,4.080000000000001,0.23307724110994846,6939.0,2313.0,1.1612903225806452,0.8557832318065766,0.675
P02,39,10.25,10.5,10.375,15.545034714590617,10.65,29535,1496,28039,0.05065176908752328,0.9493482309124768,0.37000000000000005,6.660000000000001,0.21530480534306004,7196.0,2056.0,1.1935483870967742,0.7905286730807509,0.7
P02,39,10.5,10.75,10.625,15.545034714590617,10.65,39242,1559,37683,0.039727842617603586,0.9602721573823965,0.2700000000000001,9.060000000000002,0.22317436900836546,6939.0,2056.0,0.870967741935484,0.8194231313913578,0.675
P02,39,10.75,11.0,10.875,15.545034714590617,10.65,40566,924,39642,0.022777695607158706,0.9772223043928413,0.26000000000000006,10.340000000000002,0.2010672603519736,7453.0,2313.0,0.8387096774193549,0.7382530746248901,0.725
P02,39,11.0,11.25,11.125,15.545034714590617,10.65,45206,764,44442,0.016900411449807546,0.9830995885501924,0.23000000000000004,10.630000000000003,0.2805886888476017,7196.0,2313.0,0.7419354838709677,1.0302296947006435,0.7
P02,39,11.25,11.5,11.375,15.545034714590617,10.65,27506,123,27383,0.004471751617828837,0.9955282483821711,0.2700000000000001,9.580000000000002,1.5650362509888527,6168.0,2313.0,0.870967741935484,5.74630012946606,0.6
P02,39,11.5,11.75,11.625,15.545034714590617,10.65,20176,134,20042,0.006641554321966693,0.9933584456780333,0.12000000000000002,9.540000000000003,0.13331631869759336,7196.0,2313.0,0.3870967741935484,0.48949382412572356,0.7
P02,39,11.75,12.0,11.875,15.545034714590617,10.65,32904,159,32745,0.004832239241429614,0.9951677607585704,0.14,11.500000000000002,0.1528879690739008,5654.0,2570.0,0.45161290322580644,0.5613545091546999,0.55
P02,39,12.0,12.25,12.125,15.545034714590617,10.65,43062,121,42941,0.0028099020017648972,0.9971900979982351,0.16000000000000003,12.660000000000002,0.2018960130671469,6682.0,2570.0,0.5161290322580645,0.7412959829482513,0.65
P02,39,12.25,12.5,12.375,15.545034714590617,10.65,27396,1,27395,3.650167907723755e-05,0.9999634983209228,0.010000000000000002,11.360000000000003,,9509.0,2570.0,0.03225806451612903,,0.925
P02,39,12.5,12.75,12.625,15.545034714590617,10.65,14427,1,14426,6.931447979482915e-05,0.9999306855202051,0.010000000000000002,9.350000000000001,,771.0,2570.0,0.03225806451612903,,0.075
P02,39,12.75,13.0,12.875,15.545034714590617,10.65,19788,0,19788,0.0,1.0,0.0,9.170000000000002,,,3084.0,0.0,,
P02,39,13.0,13.25,13.125,15.545034714590617,10.65,17472,1,17471,5.7234432234432234e-05,0.9999427655677655,0.010000000000000002,9.980000000000002,,257.0,3084.0,0.03225806451612903,,0.025
P02,39,13.25,13.5,13.375,15.545034714590617,10.65,17709,1,17708,5.646846236376983e-05,0.9999435315376363,0.010000000000000002,9.820000000000002,,1028.0,3084.0,0.03225806451612903,,0.1
P02,39,13.5,13.75,13.625,15.545034714590617,10.65,14979,3,14976,0.0002002803925495694,0.9997997196074504,0.020000000000000004,8.700000000000001,0.03201103695164545,771.0,2827.0,0.06451612903225806,0.11753403517864792,0.075
P02,39,13.75,14.0,13.875,15.545034714590617,10.65,5009,0,5009,0.0,1.0,0.0,5.330000000000001,,,2827.0,0.0,,
P02,39,14.0,14.25,14.125,15.545034714590617,10.65,6721,0,6721,0.0,1.0,0.0,5.270000000000001,,,3084.0,0.0,,
P02,39,14.25,14.5,14.375,15.545034714590617,10.65,8995,0,8995,0.0,1.0,0.0,6.020000000000001,,,3341.0,0.0,,
P02,39,14.5,14.75,14.625,15.545034714590617,10.65,8060,0,8060,0.0,1.0,0.0,5.670000000000001,,,3341.0,0.0,,
P02,39,14.75,15.0,14.875,15.545034714590617,10.65,4288,1,4287,0.0002332089552238806,0.9997667910447762,0.010000000000000002,3.0700000000000007,,1028.0,3341.0,0.03225806451612903,,0.1
P02,39,15.0,15.25,15.125,15.545034714590617,10.65,1442,0,1442,0.0,1.0,0.0,1.9900000000000004,,,3341.0,0.0,,
P02,39,15.25,15.5,15.375,15.545034714590617,10.65,1728,0,1728,0.0,1.0,0.0,2.1300000000000003,,,3855.0,0.0,,
P02,39,15.5,15.75,15.625,15.545034714590617,10.65,3760,0,3760,0.0,1.0,0.0,3.3900000000000006,,,3084.0,0.0,,
P02,41,0.0,0.25,0.125,15.346352794361358,10.07,1971,1964,7,0.9964485032978183,0.003551496702181689,0.37000000000000005,0.39000000000000007,0.29718638741895936,6939.0,6939.0,1.1935483870967742,1.0383480570517465,0.9642857142857143
P02,41,0.25,0.5,0.375,15.346352794361358,10.07,3817,3816,1,0.9997380141472361,0.00026198585276393516,0.4000000000000001,0.4100000000000001,0.32311839089718825,6939.0,6939.0,1.2903225806451613,1.128952629020645,0.9642857142857143
P02,41,0.5,0.75,0.625,15.346352794361358,10.07,3928,3928,0,1.0,0.0,0.31000000000000005,0.31000000000000005,0.2862107608336854,7196.0,7196.0,1.0,1.0,1.0
P02,41,0.75,1.0,0.875,15.346352794361358,10.07,4045,4045,0,1.0,0.0,0.31000000000000005,0.31000000000000005,0.27813736724885135,7453.0,7453.0,1.0,0.9717921382085091,1.0357142857142858
P02,41,1.0,1.25,1.125,15.346352794361358,10.07,4015,4015,0,1.0,0.0,0.29000000000000004,0.29000000000000004,0.26263872323820037,7453.0,7453.0,0.9354838709677419,0.9176409806297167,1.0357142857142858
P02,41,1.25,1.5,1.375,15.346352794361358,10.07,4279,4279,0,1.0,0.0,0.32000000000000006,0.32000000000000006,0.2602008824023474,7453.0,7453.0,1.032258064516129,0.9091233384951165,1.0357142857142858
P02,41,1.5,1.75,1.625,15.346352794361358,10.07,4018,4018,0,1.0,0.0,0.30000000000000004,0.30000000000000004,0.25672085976259457,7710.0,7710.0,0.967741935483871,0.8969643874143951,1.0714285714285714
P02,41,1.75,2.0,1.875,15.346352794361358,10.07,4242,4242,0,1.0,0.0,0.28,0.28,0.2502798431327121,6939.0,6939.0,0.9032258064516129,0.8744599343633609,0.9642857142857143
P02,41,2.0,2.25,2.125,15.346352794361358,10.07,4446,4446,0,1.0,0.0,0.29000000000000004,0.29000000000000004,0.25914088729258483,6939.0,6939.0,0.9354838709677419,0.9054197911278722,0.9642857142857143
P02,41,2.25,2.5,2.375,15.346352794361358,10.07,4355,4355,0,1.0,0.0,0.31000000000000005,0.31000000000000005,0.24008456326859923,6682.0,6682.0,1.0,0.838838353139735,0.9285714285714286
P02,41,2.5,2.75,2.625,15.346352794361358,10.07,4579,4579,0,1.0,0.0,0.29000000000000004,0.29000000000000004,0.23907049171451583,6682.0,6682.0,0.9354838709677419,0.8352952594030439,0.9285714285714286
P02,41,2.75,3.0,2.875,15.346352794361358,10.07,4497,4497,0,1.0,0.0,0.2700000000000001,0.2700000000000001,0.23416788823386542,6425.0,6425.0,0.870967741935484,0.8181659122521195,0.8928571428571429
P02,41,3.0,3.25,3.125,15.346352794361358,10.07,4813,4813,0,1.0,0.0,0.2700000000000001,0.2700000000000001,0.22834839512974314,6168.0,6168.0,0.870967741935484,0.7978330181038665,0.8571428571428571
P02,41,3.25,3.5,3.375,15.346352794361358,10.07,4594,4593,1,0.999782324771441,0.0002176752285589778,0.28,0.29000000000000004,0.23359237884762898,6168.0,6168.0,0.9032258064516129,0.8161551234733885,0.8571428571428571
P02,41,3.5,3.75,3.625,15.346352794361358,10.07,4550,4549,1,0.9997802197802198,0.0002197802197801968,0.26000000000000006,0.26000000000000006,0.2412720435459234,6425.0,6425.0,0.8387096774193549,0.8429873245965217,0.8928571428571429
P02,41,3.75,4.0,3.875,15.346352794361358,10.07,4506,4506,0,1.0,0.0,0.28,0.28,0.23162307568755197,6425.0,6425.0,0.9032258064516129,0.8092745185850861,0.8928571428571429
P02,41,4.0,4.25,4.125,15.346352794361358,10.07,4382,4382,0,1.0,0.0,0.26000000000000006,0.26000000000000006,0.2312206730565939,6939.0,6939.0,0.8387096774193549,0.8078685524719116,0.9642857142857143
P02,41,4.25,4.5,4.375,15.346352794361358,10.07,4407,4407,0,1.0,0.0,0.28,0.28,0.2245784934415658,6939.0,6939.0,0.9032258064516129,0.7846612502877431,0.9642857142857143
P02,41,4.5,4.75,4.625,15.346352794361358,10.07,4443,4443,0,1.0,0.0,0.28,0.28,0.23454850067418423,7196.0,7196.0,0.9032258064516129,0.8194957449921959,1.0
P02,41,4.75,5.0,4.875,15.346352794361358,10.07,4222,4222,0,1.0,0.0,0.28,0.28,0.2285277879590661,6939.0,6939.0,0.9032258064516129,0.7984598038641237,0.9642857142857143
P02,41,5.0,5.25,5.125,15.346352794361358,10.07,3957,3957,0,1.0,0.0,0.25000000000000006,0.25000000000000006,0.21787381555083607,7196.0,7196.0,0.8064516129032259,0.7612355835825497,1.0
P02,41,5.25,5.5,5.375,15.346352794361358,10.07,3837,3837,0,1.0,0.0,0.26000000000000006,0.26000000000000006,0.2234300672636776,7196.0,7196.0,0.8387096774193549,0.7806487310709846,1.0
P02,41,5.5,5.75,5.625,15.346352794361358,10.07,3886,3886,0,1.0,0.0,0.26000000000000006,0.26000000000000006,0.22625704211307085,6939.0,6939.0,0.8387096774193549,0.7905259797151613,0.9642857142857143
P02,41,5.75,6.0,5.875,15.346352794361358,10.07,3862,3862,0,1.0,0.0,0.2700000000000001,0.2700000000000001,0.23005336331568413,6939.0,6939.0,0.870967741935484,0.8037900554317947,0.9642857142857143
P02,41,6.0,6.25,6.125,15.346352794361358,10.07,4030,4030,0,1.0,0.0,0.30000000000000004,0.30000000000000004,0.23771487374946243,6939.0,6939.0,0.967741935483871,0.8305588268485701,0.9642857142857143
P02,41,6.25,6.5,6.375,15.346352794361358,10.07,3320,3320,0,1.0,0.0,0.28,0.28,0.21108813311602134,6939.0,6939.0,0.9032258064516129,0.7375268927735489,0.9642857142857143
P02,41,6.5,6.75,6.625,15.346352794361358,10.07,3583,3581,2,0.9994418085403294,0.0005581914596706206,0.28,0.29000000000000004,0.22898908293893264,6939.0,6939.0,0.9032258064516129,0.8000715356471038,0.9642857142857143
P02,41,6.75,7.0,6.875,15.346352794361358,10.07,3408,3405,3,0.9991197183098591,0.0008802816901408717,0.32000000000000006,0.33000000000000007,0.2253805637908127,6939.0,6939.0,1.032258064516129,0.7874636269241442,0.9642857142857143
P02,41,7.0,7.25,7.125,15.346352794361358,10.07,3408,3406,2,0.9994131455399061,0.0005868544600938774,0.2700000000000001,0.2700000000000001,0.25393168669679383,6939.0,6939.0,0.870967741935484,0.8872192155079429,0.9642857142857143
P02,41,7.25,7.5,7.375,15.346352794361358,10.07,3452,3445,7,0.9979721900347625,0.002027809965237548,0.3600000000000001,0.38000000000000006,0.4303540031855579,6939.0,6939.0,1.1612903225806452,1.5036262156321678,0.9642857142857143
P02,41,7.5,7.75,7.625,15.346352794361358,10.07,4135,3961,174,0.9579201934703748,0.042079806529625174,0.4100000000000001,0.4800000000000001,0.36905961566329093,6168.0,6168.0,1.3225806451612905,1.2894679941043456,0.8571428571428571
P02,41,7.75,8.0,7.875,15.346352794361358,10.07,4911,3947,964,0.8037059661983302,0.19629403380166977,0.39000000000000007,0.7900000000000001,0.367105657180467,6425.0,5397.0,1.2580645161290323,1.2826410024247443,0.8928571428571429
P02,41,8.0,8.25,8.125,15.346352794361358,10.07,6698,3463,3235,0.5170200059719319,0.4829799940280681,0.44000000000000006,1.5100000000000002,0.4331193786877638,6425.0,3341.0,1.4193548387096773,1.5132882405474815,0.8928571428571429
P02,41,8.25,8.5,8.375,15.346352794361358,10.07,11412,3954,7458,0.34647739221871715,0.6535226077812828,0.6600000000000001,2.8200000000000007,0.5182687147014733,6682.0,2313.0,2.129032258064516,1.8107939519528924,0.9285714285714286
P02,41,8.5,8.75,8.625,15.346352794361358,10.07,20087,3725,16362,0.18544332155125207,0.8145566784487479,0.8300000000000002,4.740000000000001,1.1664817031554675,6168.0,2313.0,2.67741935483871,4.075603935217865,0.8571428571428571
P02,41,8.75,9.0,8.875,15.346352794361358,10.07,31526,6451,25075,0.2046247541711603,0.7953752458288397,1.0000000000000002,6.630000000000002,0.7602042367212678,5397.0,2313.0,3.2258064516129035,2.6560994230507493,0.75
P02,41,9.0,9.25,9.125,15.346352794361358,10.07,28503,2028,26475,0.0711504052205031,0.9288495947794969,0.28,5.820000000000001,0.2013834515944773,7710.0,2570.0,0.9032258064516129,0.7036194271937227,1.0714285714285714
P02,41,9.25,9.5,9.375,15.346352794361358,10.07,26236,2838,23398,0.1081719774355847,0.8918280225644153,0.33000000000000007,5.9300000000000015,0.4521766281574384,6682.0,2313.0,1.064516129032258,1.5798729119768993,0.9285714285714286
P02,41,9.5,9.75,9.625,15.346352794361358,10.07,20773,2663,18110,0.1281952534540028,0.8718047465459973,0.39000000000000007,6.360000000000001,0.6815317302497202,6939.0,2313.0,1.2580645161290323,2.381223292459477,0.9642857142857143
P02,41,9.75,10.0,9.875,15.346352794361358,10.07,22243,646,21597,0.02904284493998112,0.9709571550600189,0.26000000000000006,6.780000000000001,0.4583389916258093,6939.0,2313.0,0.8387096774193549,1.601403770741332,0.9642857142857143
P02,41,10.0,10.25,10.125,15.346352794361358,10.07,24910,610,24300,0.02448815736651947,0.9755118426334806,0.30000000000000004,7.1800000000000015,0.5640012932943718,6425.0,2827.0,0.967741935483871,1.9705803221777116,0.8928571428571429
P02,41,10.25,10.5,10.375,15.346352794361358,10.07,32007,889,31118,0.027775174180647982,0.972224825819352,0.4200000000000001,8.310000000000002,0.8552335690786025,6425.0,2827.0,1.3548387096774195,2.988125137529582,0.8928571428571429
P02,41,10.5,10.75,10.625,15.346352794361358,10.07,22476,488,21988,0.02171204840718989,0.9782879515928101,0.31000000000000005,8.670000000000002,0.7193954590356372,6682.0,2570.0,1.0,2.513516462274707,0.9285714285714286
P02,41,10.75,11.0,10.875,15.346352794361358,10.07,33855,422,33433,0.012464923940333777,0.9875350760596662,0.18000000000000005,10.240000000000002,0.22750350059617952,6939.0,2570.0,0.5806451612903226,0.7948810168195591,0.9642857142857143
P02,41,11.0,11.25,11.125,15.346352794361358,10.07,35752,405,35347,0.011328037592302529,0.9886719624076975,0.24000000000000005,10.000000000000002,0.5405803509544533,6939.0,2570.0,0.7741935483870968,1.88874921886176,0.9642857142857143
P02,41,11.25,11.5,11.375,15.346352794361358,10.07,16446,156,16290,0.009485589201021525,0.9905144107989785,0.19000000000000003,8.420000000000002,0.854681224054355,5140.0,2827.0,0.6129032258064516,2.9861952833807073,0.7142857142857143
P02,41,11.5,11.75,11.625,15.346352794361358,10.07,15405,162,15243,0.010516066212268744,0.9894839337877313,0.20000000000000004,8.600000000000001,0.3260657438366958,5397.0,3084.0,0.6451612903225806,1.1392504701322874,0.75
P02,41,11.75,12.0,11.875,15.346352794361358,10.07,35667,179,35488,0.005018644685563687,0.9949813553144363,0.08000000000000002,10.090000000000002,0.153622228188701,5911.0,3084.0,0.25806451612903225,0.5367451165750178,0.8214285714285714
P02,41,12.0,12.25,12.125,15.346352794361358,10.07,30611,3,30608,9.800398549541015e-05,0.9999019960145046,0.020000000000000004,10.750000000000002,0.03830972813546842,8738.0,3084.0,0.06451612903225806,0.1338514597560148,1.2142857142857142
P02,41,12.25,12.5,12.375,15.346352794361358,10.07,18822,1,18821,5.3129316756986504e-05,0.9999468706832431,0.010000000000000002,9.580000000000002,,16705.0,2827.0,0.03225806451612903,,2.3214285714285716
P02,41,12.5,12.75,12.625,15.346352794361358,10.07,14035,0,14035,0.0,1.0,0.0,6.620000000000001,,,3084.0,0.0,,
P02,41,12.75,13.0,12.875,15.346352794361358,10.07,7974,0,7974,0.0,1.0,0.0,5.450000000000001,,,3084.0,0.0,,
P02,41,13.0,13.25,13.125,15.346352794361358,10.07,3255,0,3255,0.0,1.0,0.0,4.260000000000001,,,3084.0,0.0,,
P02,41,13.25,13.5,13.375,15.346352794361358,10.07,9208,1,9207,0.00010860121633362293,0.9998913987836664,0.010000000000000002,5.840000000000001,,257.0,3084.0,0.03225806451612903,,0.03571428571428571
P02,41,13.5,13.75,13.625,15.346352794361358,10.07,10349,1,10348,9.662769349695623e-05,0.9999033723065031,0.010000000000000002,5.540000000000001,,771.0,2827.0,0.03225806451612903,,0.10714285714285714
P02,41,13.75,14.0,13.875,15.346352794361358,10.07,6074,0,6074,0.0,1.0,0.0,4.720000000000001,,,2827.0,0.0,,
P02,41,14.0,14.25,14.125,15.346352794361358,10.07,12845,0,12845,0.0,1.0,0.0,6.250000000000001,,,3084.0,0.0,,
P02,41,14.25,14.5,14.375,15.346352794361358,10.07,10882,0,10882,0.0,1.0,0.0,5.140000000000001,,,3598.0,0.0,,
P02,41,14.5,14.75,14.625,15.346352794361358,10.07,6014,0,6014,0.0,1.0,0.0,4.950000000000001,,,3084.0,0.0,,
P02,41,14.75,15.0,14.875,15.346352794361358,10.07,4422,0,4422,0.0,1.0,0.0,4.120000000000001,,,3084.0,0.0,,
P02,41,15.0,15.25,15.125,15.346352794361358,10.07,3281,1,3280,0.00030478512648582747,0.9996952148735142,0.010000000000000002,3.790000000000001,,1542.0,3341.0,0.03225806451612903,,0.21428571428571427
P02,41,15.25,15.5,15.375,15.346352794361358,10.07,4918,1,4917,0.00020333468889792598,0.9997966653111021,0.010000000000000002,3.830000000000001,,20046.0,3341.0,0.03225806451612903,,2.7857142857142856
P02,44,0.0,0.25,0.125,17.60274029656617,12.25,2085,2075,10,0.9952038369304557,0.004796163069544335,0.38000000000000006,0.4300000000000001,0.41458299404008414,7196.0,7196.0,1.3571428571428572,1.137618405035651,0.9333333333333333
P02,44,0.25,0.5,0.375,17.60274029656617,12.25,2448,2445,3,0.9987745098039216,0.001225490196078427,0.30000000000000004,0.31000000000000005,0.35821091584965864,7967.0,7967.0,1.0714285714285714,0.9829330595163014,1.0333333333333334
P02,44,0.5,0.75,0.625,17.60274029656617,12.25,2549,2549,0,1.0,0.0,0.2700000000000001,0.2700000000000001,0.3644306317522103,7967.0,7967.0,0.9642857142857144,1.0,1.0333333333333334
P02,44,0.75,1.0,0.875,17.60274029656617,12.25,2674,2674,0,1.0,0.0,0.28,0.28,0.37214016158299534,7710.0,7710.0,1.0,1.0211549994952867,1.0
P02,44,1.0,1.25,1.125,17.60274029656617,12.25,2838,2838,0,1.0,0.0,0.28,0.28,0.35252793867740195,7710.0,7710.0,1.0,0.9673389335644501,1.0
P02,44,1.25,1.5,1.375,17.60274029656617,12.25,3004,3004,0,1.0,0.0,0.26000000000000006,0.26000000000000006,0.3439661866044647,7967.0,7967.0,0.9285714285714287,0.9438454307494654,1.0333333333333334
P02,44,1.5,1.75,1.625,17.60274029656617,12.25,2853,2853,0,1.0,0.0,0.29000000000000004,0.29000000000000004,0.34804922638681973,7710.0,7710.0,1.0357142857142858,0.955049318201855,1.0
P02,44,1.75,2.0,1.875,17.60274029656617,12.25,3288,3288,0,1.0,0.0,0.2700000000000001,0.2700000000000001,0.3285639409493456,7838.5,7838.5,0.9642857142857144,0.9015815695008542,1.0166666666666666
P02,44,2.0,2.25,2.125,17.60274029656617,12.25,3338,3338,0,1.0,0.0,0.2700000000000001,0.2700000000000001,0.34350836878973,7710.0,7710.0,0.9642857142857144,0.9425891757180661,1.0
P02,44,2.25,2.5,2.375,17.60274029656617,12.25,3484,3484,0,1.0,0.0,0.29000000000000004,0.29000000000000004,0.3312687890328828,7453.0,7453.0,1.0357142857142858,0.909003690057878,0.9666666666666667
P02,44,2.5,2.75,2.625,17.60274029656617,12.25,3405,3405,0,1.0,0.0,0.30000000000000004,0.30000000000000004,0.3240320968587898,7453.0,7453.0,1.0714285714285714,0.8891461601370301,0.9666666666666667
P02,44,2.75,3.0,2.875,17.60274029656617,12.25,3710,3710,0,1.0,0.0,0.29000000000000004,0.29000000000000004,0.32875468158114546,7196.0,7196.0,1.0357142857142858,0.9021049630226412,0.9333333333333333
P02,44,3.0,3.25,3.125,17.60274029656617,12.25,3763,3763,0,1.0,0.0,0.31000000000000005,0.31000000000000005,0.3151886733935677,7710.0,7710.0,1.1071428571428572,0.8648797492080084,1.0
P02,44,3.25,3.5,3.375,17.60274029656617,12.25,3961,3960,1,0.9997475385003787,0.0002524614996213259,0.28,0.28,0.3208186362280528,7710.0,7710.0,1.0,0.8803284034756691,1.0
P02,44,3.5,3.75,3.625,17.60274029656617,12.25,4052,4049,3,0.9992596248766041,0.0007403751233958644,0.26000000000000006,0.28,0.3171343493599313,7453.0,7453.0,0.9285714285714287,0.8702186965874003,0.9666666666666667
P02,44,3.75,4.0,3.875,17.60274029656617,12.25,4086,4086,0,1.0,0.0,0.26000000000000006,0.26000000000000006,0.318029872360011,7967.0,7967.0,0.9285714285714287,0.8726760174656535,1.0333333333333334
P02,44,4.0,4.25,4.125,17.60274029656617,12.25,3699,3699,0,1.0,0.0,0.28,0.28,0.3161913977459307,7710.0,7710.0,1.0,0.8676312312871679,1.0
P02,44,4.25,4.5,4.375,17.60274029656617,12.25,3488,3488,0,1.0,0.0,0.28,0.28,0.3041499273058483,7967.0,7967.0,1.0,0.8345893588677554,1.0333333333333334
P02,44,4.5,4.75,4.625,17.60274029656617,12.25,3530,3530,0,1.0,0.0,0.2700000000000001,0.2700000000000001,0.30375582190773537,7710.0,7710.0,0.9642857142857144,0.8335079311177938,1.0
P02,44,4.75,5.0,4.875,17.60274029656617,12.25,3578,3578,0,1.0,0.0,0.26000000000000006,0.26000000000000006,0.30568594949881317,7453.0,7453.0,0.9285714285714287,0.8388042136552896,0.9666666666666667
P02,44,5.0,5.25,5.125,17.60274029656617,12.25,3621,3621,0,1.0,0.0,0.26000000000000006,0.26000000000000006,0.3029884486193998,7967.0,7967.0,0.9285714285714287,0.8314022538736884,1.0333333333333334
P02,44,5.25,5.5,5.375,17.60274029656617,12.25,3443,3443,0,1.0,0.0,0.28,0.28,0.29959188527202596,7967.0,7967.0,1.0,0.8220820621789263,1.0333333333333334
P02,44,5.5,5.75,5.625,17.60274029656617,12.25,3627,3627,0,1.0,0.0,0.25000000000000006,0.25000000000000006,0.2926702914999769,8224.0,8224.0,0.892857142857143,0.803089164302122,1.0666666666666667
P02,44,5.75,6.0,5.875,17.60274029656617,12.25,3360,3360,0,1.0,0.0,0.24000000000000005,0.24000000000000005,0.2917338681929412,7967.0,7967.0,0.8571428571428572,0.8005196127182354,1.0333333333333334
P02,44,6.0,6.25,6.125,17.60274029656617,12.25,3256,3256,0,1.0,0.0,0.2700000000000001,0.2700000000000001,0.2898657173916508,8224.0,8224.0,0.9642857142857144,0.7953933948909682,1.0666666666666667
P02,44,6.25,6.5,6.375,17.60274029656617,12.25,2951,2951,0,1.0,0.0,0.25000000000000006,0.25000000000000006,0.28314748397126877,8224.0,8224.0,0.892857142857143,0.7769585191285212,1.0666666666666667
P02,44,6.5,6.75,6.625,17.60274029656617,12.25,3158,3158,0,1.0,0.0,0.26000000000000006,0.26000000000000006,0.2916915676799736,8224.0,8224.0,0.9285714285714287,0.8004035398382905,1.0666666666666667
P02,44,6.75,7.0,6.875,17.60274029656617,12.25,3148,3148,0,1.0,0.0,0.24000000000000005,0.24000000000000005,0.29526386181180453,8481.0,8481.0,0.8571428571428572,0.8102059379370865,1.1
P02,44,7.0,7.25,7.125,17.60274029656617,12.25,3638,3637,1,0.9997251236943375,0.0002748763056624748,0.29000000000000004,0.29000000000000004,0.30232956588551013,7967.0,7967.0,1.0357142857142858,0.8295942754095245,1.0333333333333334
P02,44,7.25,7.5,7.375,17.60274029656617,12.25,3804,3804,0,1.0,0.0,0.31000000000000005,0.31000000000000005,0.3032653126617731,7710.0,7710.0,1.1071428571428572,0.8321619705886146,1.0
P02,44,7.5,7.75,7.625,17.60274029656617,12.25,3618,3618,0,1.0,0.0,0.33000000000000007,0.33000000000000007,0.340125177507205,7710.0,7710.0,1.1785714285714286,0.9333056770553485,1.0
P02,44,7.75,8.0,7.875,17.60274029656617,12.25,3247,3247,0,1.0,0.0,0.32000000000000006,0.32000000000000006,0.24699776771800125,7710.0,7710.0,1.142857142857143,0.6777634649711445,1.0
P02,44,8.0,8.25,8.125,17.60274029656617,12.25,3223,3223,0,1.0,0.0,0.28,0.28,0.2553783457933627,7710.0,7710.0,1.0,0.7007598251702502,1.0
P02,44,8.25,8.5,8.375,17.60274029656617,12.25,3578,3474,104,0.970933482392398,0.029066517607602038,0.32000000000000006,0.37000000000000005,0.27576221602889567,7710.0,7453.0,1.142857142857143,0.756693296342873,1.0
P02,44,8.5,8.75,8.625,17.60274029656617,12.25,3511,3181,330,0.9060096838507548,0.09399031614924525,0.32000000000000006,0.38000000000000006,0.2711401851713793,7710.0,7453.0,1.142857142857143,0.7440104139098203,1.0
P02,44,8.75,9.0,8.875,17.60274029656617,12.25,3547,3545,2,0.9994361432196223,0.0005638567803777361,0.44000000000000006,0.45000000000000007,0.395290270911153,6939.0,6939.0,1.5714285714285714,1.0846790485491495,0.9
P02,44,9.0,9.25,9.125,17.60274029656617,12.25,3258,3104,154,0.952731737262124,0.04726826273787599,0.6300000000000001,0.7100000000000002,0.49366846244280554,7196.0,6939.0,2.25,1.3546294395430205,0.9333333333333333
P02,44,9.25,9.5,9.375,17.60274029656617,12.25,4490,4161,329,0.9267260579064588,0.07327394209354121,0.5500000000000002,0.6200000000000001,1.1500786931062024,5911.0,5654.0,1.9642857142857146,3.1558233389343155,0.7666666666666667
P02,44,9.5,9.75,9.625,17.60274029656617,12.25,3731,2689,1042,0.7207183060841598,0.27928169391584023,0.3600000000000001,0.56,0.5628044003352628,6682.0,5654.0,1.285714285714286,1.5443388982678439,0.8666666666666667
P02,44,9.75,10.0,9.875,17.60274029656617,12.25,2163,2077,86,0.9602404068423486,0.03975959315765143,0.29000000000000004,0.4000000000000001,0.3435880470962998,7453.0,7196.0,1.0357142857142858,0.9428078135043211,0.9666666666666667
P02,44,10.0,10.25,10.125,17.60274029656617,12.25,2477,1751,726,0.7069035123132822,0.2930964876867178,0.24000000000000005,0.4800000000000001,0.24804736516668086,7453.0,6168.0,0.8571428571428572,0.6806435671284002,0.9666666666666667
P02,44,10.25,10.5,10.375,17.60274029656617,12.25,3832,2559,1273,0.6677974947807933,0.3322025052192067,0.3500000000000001,0.8800000000000001,0.5906696200694947,6939.0,5140.0,1.2500000000000002,1.620801240635317,0.9
P02,44,10.5,10.75,10.625,17.60274029656617,12.25,4632,1499,3133,0.3236183074265976,0.6763816925734024,0.39000000000000007,1.3200000000000003,0.2752446082700845,7453.0,3598.0,1.392857142857143,0.7552729773199564,0.9666666666666667
P02,44,10.75,11.0,10.875,17.60274029656617,12.25,5868,3292,2576,0.5610088616223585,0.4389911383776415,0.5400000000000001,1.2500000000000002,0.7244689217720519,5397.0,4369.0,1.9285714285714288,1.9879473860052599,0.7
P02,44,11.0,11.25,11.125,17.60274029656617,12.25,3190,1889,1301,0.5921630094043887,0.4078369905956113,0.26000000000000006,0.9700000000000002,0.5602538160274384,6425.0,4883.0,0.9285714285714287,1.5373400785046396,0.8333333333333334
P02,44,11.25,11.5,11.375,17.60274029656617,12.25,3575,998,2577,0.27916083916083917,0.7208391608391609,0.15000000000000002,1.4200000000000004,0.18624925236535517,7324.5,3598.0,0.5357142857142857,0.5110691476999465,0.95
P02,44,11.5,11.75,11.625,17.60274029656617,12.25,4767,2087,2680,0.43780155233899726,0.5621984476610027,0.3600000000000001,1.6900000000000004,0.6730006684020275,6168.0,3598.0,1.285714285714286,1.846718167367515,0.8
P02,44,11.75,12.0,11.875,17.60274029656617,12.25,6534,1453,5081,0.2223752678298133,0.7776247321701867,0.45000000000000007,2.1100000000000003,0.6232550033155283,5397.0,2313.0,1.6071428571428572,1.710215742071051,0.7
P02,44,12.0,12.25,12.125,17.60274029656617,12.25,7957,1051,6906,0.1320849566419505,0.8679150433580495,0.3600000000000001,2.6500000000000004,0.5613657125464375,5654.0,2056.0,1.285714285714286,1.5403911297119792,0.7333333333333333
P02,44,12.25,12.5,12.375,17.60274029656617,12.25,10262,1131,9131,0.11021243422334827,0.8897875657766517,0.3500000000000001,4.910000000000001,0.5311364441850632,5140.0,2056.0,1.2500000000000002,1.4574418226901473,0.6666666666666666
P02,44,12.5,12.75,12.625,17.60274029656617,12.25,32323,704,31619,0.021780156544875168,0.9782198434551248,0.3400000000000001,8.410000000000002,0.4520141808018841,6425.0,2313.0,1.2142857142857144,1.2403298225194885,0.8333333333333334
P02,44,12.75,13.0,12.875,17.60274029656617,12.25,35295,940,34355,0.026632667516645416,0.9733673324833546,0.3500000000000001,10.070000000000002,0.5025420298638638,6553.5,2313.0,1.2500000000000002,1.3789785656809455,0.85
P02,44,13.0,13.25,13.125,17.60274029656617,12.25,20217,184,20033,0.009101251422070534,0.9908987485779295,0.08000000000000002,8.530000000000001,0.12230017566093898,7196.0,2056.0,0.28571428571428575,0.3355924694719278,0.9333333333333333
P02,44,13.25,13.5,13.375,17.60274029656617,12.25,13886,311,13575,0.022396658504969035,0.9776033414950309,0.15000000000000002,8.46,0.21335418646925144,5654.0,2056.0,0.5357142857142857,0.5854452614025013,0.7333333333333333
P02,44,13.5,13.75,13.625,17.60274029656617,12.25,13756,204,13552,0.014829892410584472,0.9851701075894155,0.08000000000000002,8.650000000000002,0.15481889925123352,6296.5,2313.0,0.28571428571428575,0.4248240563831104,0.8166666666666667
P02,44,13.75,14.0,13.875,17.60274029656617,12.25,19807,298,19509,0.015045186045337507,0.9849548139546624,0.15000000000000002,9.240000000000002,0.2812649368813467,4883.0,2827.0,0.5357142857142857,0.7717927977925549,0.6333333333333333
P02,44,14.0,14.25,14.125,17.60274029656617,12.25,13384,130,13254,0.009713090257023311,0.9902869097429767,0.13000000000000003,9.130000000000003,0.17151006060329668,5397.0,2827.0,0.46428571428571436,0.47062471060312144,0.7
P02,44,14.25,14.5,14.375,17.60274029656617,12.25,9064,54,9010,0.005957634598411298,0.9940423654015887,0.07,8.300000000000002,0.14343212160649949,5397.0,2570.0,0.25,0.39357866520952667,0.7
P02,44,14.5,14.75,14.625,17.60274029656617,12.25,6660,4,6656,0.0006006006006006006,0.9993993993993994,0.020000000000000004,6.490000000000001,0.039825055351956185,8866.5,3084.0,0.07142857142857144,0.10928020830870962,1.15
P02,44,14.75,15.0,14.875,17.60274029656617,12.25,5969,0,5969,0.0,1.0,0.0,6.740000000000001,,,2570.0,0.0,,
P02,44,15.0,15.25,15.125,17.60274029656617,12.25,3086,0,3086,0.0,1.0,0.0,4.950000000000001,,,2570.0,0.0,,
P02,44,15.25,15.5,15.375,17.60274029656617,12.25,2605,0,2605,0.0,1.0,0.0,4.630000000000001,,,2827.0,0.0,,
P02,44,15.5,15.75,15.625,17.60274029656617,12.25,4635,0,4635,0.0,1.0,0.0,4.400000000000001,,,3341.0,0.0,,
P02,44,15.75,16.0,15.875,17.60274029656617,12.25,3709,0,3709,0.0,1.0,0.0,3.0600000000000005,,,3084.0,0.0,,
P02,44,16.0,16.25,16.125,17.60274029656617,12.25,3902,0,3902,0.0,1.0,0.0,2.9600000000000004,,,3084.0,0.0,,
P02,44,16.25,16.5,16.375,17.60274029656617,12.25,1738,0,1738,0.0,1.0,0.0,2.5000000000000004,,,3084.0,0.0,,
P02,44,16.5,16.75,16.625,17.60274029656617,12.25,1829,0,1829,0.0,1.0,0.0,1.6200000000000003,,,3341.0,0.0,,
P02,44,16.75,17.0,16.875,17.60274029656617,12.25,1440,0,1440,0.0,1.0,0.0,1.2500000000000002,,,3341.0,0.0,,
P02,44,17.0,17.25,17.125,17.60274029656617,12.25,589,0,589,0.0,1.0,0.0,1.4800000000000002,,,2827.0,0.0,,
P02,44,17.25,17.5,17.375,17.60274029656617,12.25,767,0,767,0.0,1.0,0.0,1.3800000000000003,,,2827.0,0.0,,
P02,44,17.5,17.75,17.625,17.60274029656617,12.25,2313,0,2313,0.0,1.0,0.0,2.1500000000000004,,,3341.0,0.0,,
